"VALOR","UNIDAD","VIGENCIADESDE","VIGENCIAHASTA"
"$3.427,07","COP","17/06/2026","17/06/2026"
"$3.475,72","COP","13/06/2026","16/06/2026"
"$3.513,54","COP","12/06/2026","12/06/2026"
"$3.567,11","COP","11/06/2026","11/06/2026"
"$3.581,46","COP","10/06/2026","10/06/2026"
"$3.588,09","COP","06/06/2026","09/06/2026"
"$3.565,32","COP","05/06/2026","05/06/2026"
"$3.572,85","COP","04/06/2026","04/06/2026"
"$3.562,00","COP","03/06/2026","03/06/2026"
"$3.560,24","COP","02/06/2026","02/06/2026"
"$3.678,15","COP","30/05/2026","01/06/2026"
"$3.646,58","COP","29/05/2026","29/05/2026"
"$3.631,57","COP","28/05/2026","28/05/2026"
"$3.644,47","COP","27/05/2026","27/05/2026"
"$3.667,06","COP","23/05/2026","26/05/2026"
"$3.701,37","COP","22/05/2026","22/05/2026"
"$3.730,49","COP","21/05/2026","21/05/2026"
"$3.796,87","COP","20/05/2026","20/05/2026"
"$3.796,78","COP","16/05/2026","19/05/2026"
"$3.784,70","COP","15/05/2026","15/05/2026"
"$3.794,91","COP","14/05/2026","14/05/2026"
"$3.775,07","COP","13/05/2026","13/05/2026"
"$3.759,00","COP","12/05/2026","12/05/2026"
"$3.747,10","COP","09/05/2026","11/05/2026"
"$3.729,27","COP","08/05/2026","08/05/2026"
"$3.706,44","COP","07/05/2026","07/05/2026"
"$3.723,33","COP","06/05/2026","06/05/2026"
"$3.707,58","COP","05/05/2026","05/05/2026"
"$3.637,51","COP","01/05/2026","04/05/2026"
"$3.621,86","COP","30/04/2026","30/04/2026"
"$3.633,76","COP","29/04/2026","29/04/2026"
"$3.593,17","COP","28/04/2026","28/04/2026"
"$3.551,17","COP","25/04/2026","27/04/2026"
"$3.560,62","COP","24/04/2026","24/04/2026"
"$3.568,88","COP","23/04/2026","23/04/2026"
"$3.576,05","COP","22/04/2026","22/04/2026"
"$3.573,30","COP","21/04/2026","21/04/2026"
"$3.593,14","COP","18/04/2026","20/04/2026"
"$3.615,10","COP","17/04/2026","17/04/2026"
"$3.603,19","COP","16/04/2026","16/04/2026"
"$3.578,82","COP","15/04/2026","15/04/2026"
"$3.608,10","COP","14/04/2026","14/04/2026"
"$3.631,49","COP","11/04/2026","13/04/2026"
"$3.642,93","COP","10/04/2026","10/04/2026"
"$3.640,63","COP","09/04/2026","09/04/2026"
"$3.678,19","COP","08/04/2026","08/04/2026"
"$3.664,41","COP","07/04/2026","07/04/2026"
"$3.675,81","COP","02/04/2026","06/04/2026"
"$3.660,10","COP","01/04/2026","01/04/2026"
"$3.669,96","COP","31/03/2026","31/03/2026"
"$3.668,89","COP","28/03/2026","30/03/2026"
"$3.675,29","COP","27/03/2026","27/03/2026"
"$3.688,46","COP","26/03/2026","26/03/2026"
"$3.700,67","COP","25/03/2026","25/03/2026"
"$3.704,87","COP","21/03/2026","24/03/2026"
"$3.692,48","COP","20/03/2026","20/03/2026"
"$3.704,17","COP","19/03/2026","19/03/2026"
"$3.689,97","COP","18/03/2026","18/03/2026"
"$3.691,90","COP","17/03/2026","17/03/2026"
"$3.685,53","COP","14/03/2026","16/03/2026"
"$3.700,46","COP","13/03/2026","13/03/2026"
"$3.687,87","COP","12/03/2026","12/03/2026"
"$3.710,50","COP","11/03/2026","11/03/2026"
"$3.744,84","COP","10/03/2026","10/03/2026"
"$3.795,55","COP","07/03/2026","09/03/2026"
"$3.767,94","COP","06/03/2026","06/03/2026"
"$3.751,41","COP","05/03/2026","05/03/2026"
"$3.797,64","COP","04/03/2026","04/03/2026"
"$3.768,73","COP","03/03/2026","03/03/2026"
"$3.766,30","COP","28/02/2026","02/03/2026"
"$3.745,78","COP","27/02/2026","27/02/2026"
"$3.703,69","COP","26/02/2026","26/02/2026"
"$3.703,28","COP","25/02/2026","25/02/2026"
"$3.697,36","COP","24/02/2026","24/02/2026"
"$3.691,34","COP","21/02/2026","23/02/2026"
"$3.695,72","COP","20/02/2026","20/02/2026"
"$3.669,21","COP","19/02/2026","19/02/2026"
"$3.664,26","COP","18/02/2026","18/02/2026"
"$3.652,89","COP","14/02/2026","17/02/2026"
"$3.665,78","COP","13/02/2026","13/02/2026"
"$3.671,01","COP","12/02/2026","12/02/2026"
"$3.659,71","COP","11/02/2026","11/02/2026"
"$3.651,90","COP","10/02/2026","10/02/2026"
"$3.670,20","COP","07/02/2026","09/02/2026"
"$3.691,75","COP","06/02/2026","06/02/2026"
"$3.644,93","COP","05/02/2026","05/02/2026"
"$3.622,00","COP","04/02/2026","04/02/2026"
"$3.628,16","COP","03/02/2026","03/02/2026"
"$3.670,47","COP","31/01/2026","02/02/2026"
"$3.661,29","COP","30/01/2026","30/01/2026"
"$3.665,97","COP","29/01/2026","29/01/2026"
"$3.678,59","COP","28/01/2026","28/01/2026"
"$3.676,02","COP","27/01/2026","27/01/2026"
"$3.637,88","COP","24/01/2026","26/01/2026"
"$3.630,33","COP","23/01/2026","23/01/2026"
"$3.669,15","COP","22/01/2026","22/01/2026"
"$3.682,97","COP","21/01/2026","21/01/2026"
"$3.700,05","COP","17/01/2026","20/01/2026"
"$3.687,32","COP","16/01/2026","16/01/2026"
"$3.655,16","COP","15/01/2026","15/01/2026"
"$3.663,24","COP","14/01/2026","14/01/2026"
"$3.717,09","COP","10/01/2026","13/01/2026"
"$3.734,67","COP","09/01/2026","09/01/2026"
"$3.748,83","COP","08/01/2026","08/01/2026"
"$3.730,26","COP","07/01/2026","07/01/2026"
"$3.770,03","COP","06/01/2026","06/01/2026"
"$3.790,77","COP","03/01/2026","05/01/2026"
"$3.757,08","COP","31/12/2025","02/01/2026"
"$3.706,97","COP","30/12/2025","30/12/2025"
"$3.716,05","COP","27/12/2025","29/12/2025"
"$3.706,94","COP","25/12/2025","26/12/2025"
"$3.759,48","COP","24/12/2025","24/12/2025"
"$3.792,59","COP","23/12/2025","23/12/2025"
"$3.817,93","COP","20/12/2025","22/12/2025"
"$3.874,71","COP","19/12/2025","19/12/2025"
"$3.866,77","COP","18/12/2025","18/12/2025"
"$3.847,10","COP","17/12/2025","17/12/2025"
"$3.817,59","COP","16/12/2025","16/12/2025"
"$3.788,53","COP","13/12/2025","15/12/2025"
"$3.810,99","COP","12/12/2025","12/12/2025"
"$3.854,28","COP","11/12/2025","11/12/2025"
"$3.861,34","COP","10/12/2025","10/12/2025"
"$3.830,02","COP","06/12/2025","09/12/2025"
"$3.757,92","COP","05/12/2025","05/12/2025"
"$3.780,80","COP","04/12/2025","04/12/2025"
"$3.817,66","COP","03/12/2025","03/12/2025"
"$3.784,43","COP","02/12/2025","02/12/2025"
"$3.744,43","COP","29/11/2025","01/12/2025"
"$3.773,60","COP","27/11/2025","28/11/2025"
"$3.806,16","COP","26/11/2025","26/11/2025"
"$3.804,09","COP","25/11/2025","25/11/2025"
"$3.808,77","COP","22/11/2025","24/11/2025"
"$3.741,27","COP","21/11/2025","21/11/2025"
"$3.716,73","COP","20/11/2025","20/11/2025"
"$3.737,55","COP","19/11/2025","19/11/2025"
"$3.764,77","COP","15/11/2025","18/11/2025"
"$3.719,60","COP","14/11/2025","14/11/2025"
"$3.719,71","COP","13/11/2025","13/11/2025"
"$3.760,93","COP","11/11/2025","12/11/2025"
"$3.779,20","COP","08/11/2025","10/11/2025"
"$3.807,06","COP","07/11/2025","07/11/2025"
"$3.839,47","COP","06/11/2025","06/11/2025"
"$3.872,47","COP","05/11/2025","05/11/2025"
"$3.860,12","COP","01/11/2025","04/11/2025"
"$3.870,42","COP","31/10/2025","31/10/2025"
"$3.885,29","COP","30/10/2025","30/10/2025"
"$3.874,84","COP","29/10/2025","29/10/2025"
"$3.844,20","COP","28/10/2025","28/10/2025"
"$3.858,63","COP","25/10/2025","27/10/2025"
"$3.888,76","COP","24/10/2025","24/10/2025"
"$3.900,82","COP","23/10/2025","23/10/2025"
"$3.876,60","COP","22/10/2025","22/10/2025"
"$3.877,26","COP","21/10/2025","21/10/2025"
"$3.808,12","COP","18/10/2025","20/10/2025"
"$3.877,07","COP","17/10/2025","17/10/2025"
"$3.902,16","COP","16/10/2025","16/10/2025"
"$3.933,31","COP","15/10/2025","15/10/2025"
"$3.913,24","COP","11/10/2025","14/10/2025"
"$3.894,99","COP","10/10/2025","10/10/2025"
"$3.879,80","COP","09/10/2025","09/10/2025"
"$3.867,54","COP","08/10/2025","08/10/2025"
"$3.853,19","COP","07/10/2025","07/10/2025"
"$3.874,18","COP","04/10/2025","06/10/2025"
"$3.897,64","COP","03/10/2025","03/10/2025"
"$3.890,00","COP","02/10/2025","02/10/2025"
"$3.923,55","COP","01/10/2025","01/10/2025"
"$3.901,29","COP","30/09/2025","30/09/2025"
"$3.908,12","COP","27/09/2025","29/09/2025"
"$3.898,87","COP","26/09/2025","26/09/2025"
"$3.881,26","COP","25/09/2025","25/09/2025"
"$3.844,47","COP","24/09/2025","24/09/2025"
"$3.852,16","COP","23/09/2025","23/09/2025"
"$3.891,19","COP","20/09/2025","22/09/2025"
"$3.892,45","COP","19/09/2025","19/09/2025"
"$3.880,01","COP","18/09/2025","18/09/2025"
"$3.881,92","COP","17/09/2025","17/09/2025"
"$3.897,57","COP","16/09/2025","16/09/2025"
"$3.906,24","COP","13/09/2025","15/09/2025"
"$3.903,18","COP","12/09/2025","12/09/2025"
"$3.921,58","COP","11/09/2025","11/09/2025"
"$3.919,13","COP","10/09/2025","10/09/2025"
"$3.945,29","COP","09/09/2025","09/09/2025"
"$3.960,94","COP","06/09/2025","08/09/2025"
"$3.991,09","COP","05/09/2025","05/09/2025"
"$4.002,86","COP","04/09/2025","04/09/2025"
"$4.016,94","COP","03/09/2025","03/09/2025"
"$4.018,41","COP","30/08/2025","02/09/2025"
"$4.019,09","COP","29/08/2025","29/08/2025"
"$4.051,97","COP","28/08/2025","28/08/2025"
"$4.044,51","COP","27/08/2025","27/08/2025"
"$4.017,44","COP","26/08/2025","26/08/2025"
"$4.008,70","COP","23/08/2025","25/08/2025"
"$4.034,18","COP","22/08/2025","22/08/2025"
"$4.025,51","COP","21/08/2025","21/08/2025"
"$4.036,42","COP","20/08/2025","20/08/2025"
"$4.019,24","COP","16/08/2025","19/08/2025"
"$4.048,74","COP","15/08/2025","15/08/2025"
"$4.020,64","COP","14/08/2025","14/08/2025"
"$4.017,12","COP","13/08/2025","13/08/2025"
"$4.045,87","COP","12/08/2025","12/08/2025"
"$4.034,74","COP","09/08/2025","11/08/2025"
"$4.049,35","COP","07/08/2025","08/08/2025"
"$4.093,12","COP","06/08/2025","06/08/2025"
"$4.097,38","COP","05/08/2025","05/08/2025"
"$4.129,42","COP","02/08/2025","04/08/2025"
"$4.186,71","COP","01/08/2025","01/08/2025"
"$4.179,69","COP","31/07/2025","31/07/2025"
"$4.154,79","COP","30/07/2025","30/07/2025"
"$4.170,59","COP","29/07/2025","29/07/2025"
"$4.110,48","COP","26/07/2025","28/07/2025"
"$4.063,31","COP","25/07/2025","25/07/2025"
"$4.052,86","COP","24/07/2025","24/07/2025"
"$4.061,36","COP","23/07/2025","23/07/2025"
"$4.026,27","COP","22/07/2025","22/07/2025"
"$4.000,61","COP","19/07/2025","21/07/2025"
"$4.016,44","COP","18/07/2025","18/07/2025"
"$4.031,86","COP","17/07/2025","17/07/2025"
"$4.015,04","COP","16/07/2025","16/07/2025"
"$4.011,79","COP","15/07/2025","15/07/2025"
"$4.003,90","COP","12/07/2025","14/07/2025"
"$4.013,50","COP","11/07/2025","11/07/2025"
"$4.026,09","COP","10/07/2025","10/07/2025"
"$4.054,13","COP","09/07/2025","09/07/2025"
"$4.022,29","COP","08/07/2025","08/07/2025"
"$3.974,37","COP","04/07/2025","07/07/2025"
"$4.006,46","COP","03/07/2025","03/07/2025"
"$4.047,71","COP","02/07/2025","02/07/2025"
"$4.069,67","COP","28/06/2025","01/07/2025"
"$4.042,87","COP","27/06/2025","27/06/2025"
"$4.067,64","COP","26/06/2025","26/06/2025"
"$4.081,15","COP","25/06/2025","25/06/2025"
"$4.080,06","COP","21/06/2025","24/06/2025"
"$4.076,32","COP","19/06/2025","20/06/2025"
"$4.098,83","COP","18/06/2025","18/06/2025"
"$4.096,44","COP","17/06/2025","17/06/2025"
"$4.147,34","COP","14/06/2025","16/06/2025"
"$4.169,13","COP","13/06/2025","13/06/2025"
"$4.190,61","COP","12/06/2025","12/06/2025"
"$4.190,90","COP","11/06/2025","11/06/2025"
"$4.138,53","COP","10/06/2025","10/06/2025"
"$4.138,72","COP","07/06/2025","09/06/2025"
"$4.097,66","COP","06/06/2025","06/06/2025"
"$4.107,85","COP","05/06/2025","05/06/2025"
"$4.136,71","COP","04/06/2025","04/06/2025"
"$4.148,72","COP","31/05/2025","03/06/2025"
"$4.106,79","COP","30/05/2025","30/05/2025"
"$4.126,44","COP","29/05/2025","29/05/2025"
"$4.128,15","COP","28/05/2025","28/05/2025"
"$4.165,41","COP","24/05/2025","27/05/2025"
"$4.176,54","COP","23/05/2025","23/05/2025"
"$4.169,47","COP","22/05/2025","22/05/2025"
"$4.172,76","COP","21/05/2025","21/05/2025"
"$4.168,03","COP","20/05/2025","20/05/2025"
"$4.194,28","COP","17/05/2025","19/05/2025"
"$4.196,66","COP","16/05/2025","16/05/2025"
"$4.194,18","COP","15/05/2025","15/05/2025"
"$4.204,63","COP","14/05/2025","14/05/2025"
"$4.218,60","COP","13/05/2025","13/05/2025"
"$4.239,23","COP","10/05/2025","12/05/2025"
"$4.260,22","COP","09/05/2025","09/05/2025"
"$4.306,79","COP","08/05/2025","08/05/2025"
"$4.305,02","COP","07/05/2025","07/05/2025"
"$4.283,62","COP","06/05/2025","06/05/2025"
"$4.243,80","COP","03/05/2025","05/05/2025"
"$4.222,25","COP","01/05/2025","02/05/2025"
"$4.198,83","COP","30/04/2025","30/04/2025"
"$4.227,32","COP","29/04/2025","29/04/2025"
"$4.239,62","COP","26/04/2025","28/04/2025"
"$4.274,57","COP","25/04/2025","25/04/2025"
"$4.298,31","COP","24/04/2025","24/04/2025"
"$4.283,22","COP","23/04/2025","23/04/2025"
"$4.272,83","COP","22/04/2025","22/04/2025"
"$4.306,54","COP","17/04/2025","21/04/2025"
"$4.329,90","COP","16/04/2025","16/04/2025"
"$4.286,17","COP","15/04/2025","15/04/2025"
"$4.338,36","COP","12/04/2025","14/04/2025"
"$4.351,55","COP","11/04/2025","11/04/2025"
"$4.416,69","COP","10/04/2025","10/04/2025"
"$4.387,98","COP","09/04/2025","09/04/2025"
"$4.374,53","COP","08/04/2025","08/04/2025"
"$4.274,03","COP","05/04/2025","07/04/2025"
"$4.130,01","COP","04/04/2025","04/04/2025"
"$4.146,07","COP","03/04/2025","03/04/2025"
"$4.149,24","COP","02/04/2025","02/04/2025"
"$4.191,79","COP","01/04/2025","01/04/2025"
"$4.192,57","COP","29/03/2025","31/03/2025"
"$4.152,59","COP","28/03/2025","28/03/2025"
"$4.131,42","COP","27/03/2025","27/03/2025"
"$4.107,14","COP","26/03/2025","26/03/2025"
"$4.168,82","COP","22/03/2025","25/03/2025"
"$4.187,72","COP","21/03/2025","21/03/2025"
"$4.143,14","COP","20/03/2025","20/03/2025"
"$4.126,03","COP","19/03/2025","19/03/2025"
"$4.076,70","COP","18/03/2025","18/03/2025"
"$4.102,67","COP","15/03/2025","17/03/2025"
"$4.114,18","COP","14/03/2025","14/03/2025"
"$4.110,08","COP","13/03/2025","13/03/2025"
"$4.152,76","COP","12/03/2025","12/03/2025"
"$4.161,96","COP","11/03/2025","11/03/2025"
"$4.116,80","COP","08/03/2025","10/03/2025"
"$4.104,56","COP","07/03/2025","07/03/2025"
"$4.125,63","COP","06/03/2025","06/03/2025"
"$4.144,18","COP","05/03/2025","05/03/2025"
"$4.116,61","COP","04/03/2025","04/03/2025"
"$4.134,04","COP","01/03/2025","03/03/2025"
"$4.120,11","COP","28/02/2025","28/02/2025"
"$4.123,10","COP","27/02/2025","27/02/2025"
"$4.126,54","COP","26/02/2025","26/02/2025"
"$4.112,63","COP","25/02/2025","25/02/2025"
"$4.073,56","COP","22/02/2025","24/02/2025"
"$4.077,56","COP","21/02/2025","21/02/2025"
"$4.098,67","COP","20/02/2025","20/02/2025"
"$4.111,38","COP","19/02/2025","19/02/2025"
"$4.100,66","COP","15/02/2025","18/02/2025"
"$4.161,46","COP","14/02/2025","14/02/2025"
"$4.165,07","COP","13/02/2025","13/02/2025"
"$4.153,80","COP","12/02/2025","12/02/2025"
"$4.132,93","COP","11/02/2025","11/02/2025"
"$4.113,70","COP","08/02/2025","10/02/2025"
"$4.150,99","COP","07/02/2025","07/02/2025"
"$4.180,06","COP","06/02/2025","06/02/2025"
"$4.153,54","COP","05/02/2025","05/02/2025"
"$4.198,66","COP","04/02/2025","04/02/2025"
"$4.183,93","COP","01/02/2025","03/02/2025"
"$4.170,01","COP","31/01/2025","31/01/2025"
"$4.195,60","COP","30/01/2025","30/01/2025"
"$4.219,00","COP","29/01/2025","29/01/2025"
"$4.220,86","COP","28/01/2025","28/01/2025"
"$4.188,46","COP","25/01/2025","27/01/2025"
"$4.245,65","COP","24/01/2025","24/01/2025"
"$4.278,01","COP","23/01/2025","23/01/2025"
"$4.307,07","COP","22/01/2025","22/01/2025"
"$4.344,27","COP","18/01/2025","21/01/2025"
"$4.338,15","COP","17/01/2025","17/01/2025"
"$4.294,11","COP","16/01/2025","16/01/2025"
"$4.300,24","COP","15/01/2025","15/01/2025"
"$4.331,23","COP","14/01/2025","14/01/2025"
"$4.343,48","COP","11/01/2025","13/01/2025"
"$4.321,19","COP","10/01/2025","10/01/2025"
"$4.347,42","COP","09/01/2025","09/01/2025"
"$4.342,31","COP","08/01/2025","08/01/2025"
"$4.355,51","COP","04/01/2025","07/01/2025"
"$4.410,50","COP","03/01/2025","03/01/2025"
"$4.409,15","COP","31/12/2024","02/01/2025"
"$4.401,98","COP","28/12/2024","30/12/2024"
"$4.375,86","COP","27/12/2024","27/12/2024"
"$4.380,94","COP","25/12/2024","26/12/2024"
"$4.395,44","COP","24/12/2024","24/12/2024"
"$4.374,62","COP","21/12/2024","23/12/2024"
"$4.394,50","COP","20/12/2024","20/12/2024"
"$4.359,11","COP","19/12/2024","19/12/2024"
"$4.345,32","COP","18/12/2024","18/12/2024"
"$4.324,19","COP","17/12/2024","17/12/2024"
"$4.341,32","COP","14/12/2024","16/12/2024"
"$4.335,20","COP","13/12/2024","13/12/2024"
"$4.361,22","COP","12/12/2024","12/12/2024"
"$4.377,34","COP","11/12/2024","11/12/2024"
"$4.379,71","COP","10/12/2024","10/12/2024"
"$4.396,52","COP","07/12/2024","09/12/2024"
"$4.407,13","COP","06/12/2024","06/12/2024"
"$4.424,56","COP","05/12/2024","05/12/2024"
"$4.443,53","COP","04/12/2024","04/12/2024"
"$4.462,97","COP","03/12/2024","03/12/2024"
"$4.419,59","COP","30/11/2024","02/12/2024"
"$4.406,16","COP","28/11/2024","29/11/2024"
"$4.405,96","COP","27/11/2024","27/11/2024"
"$4.381,99","COP","26/11/2024","26/11/2024"
"$4.418,58","COP","23/11/2024","25/11/2024"
"$4.387,09","COP","22/11/2024","22/11/2024"
"$4.414,06","COP","21/11/2024","21/11/2024"
"$4.401,34","COP","20/11/2024","20/11/2024"
"$4.400,69","COP","19/11/2024","19/11/2024"
"$4.454,68","COP","16/11/2024","18/11/2024"
"$4.475,57","COP","15/11/2024","15/11/2024"
"$4.478,21","COP","14/11/2024","14/11/2024"
"$4.413,79","COP","13/11/2024","13/11/2024"
"$4.346,70","COP","09/11/2024","12/11/2024"
"$4.344,55","COP","08/11/2024","08/11/2024"
"$4.430,40","COP","07/11/2024","07/11/2024"
"$4.421,86","COP","06/11/2024","06/11/2024"
"$4.414,00","COP","02/11/2024","05/11/2024"
"$4.409,57","COP","01/11/2024","01/11/2024"
"$4.413,46","COP","31/10/2024","31/10/2024"
"$4.367,39","COP","30/10/2024","30/10/2024"
"$4.342,90","COP","29/10/2024","29/10/2024"
"$4.316,73","COP","26/10/2024","28/10/2024"
"$4.311,83","COP","25/10/2024","25/10/2024"
"$4.293,91","COP","24/10/2024","24/10/2024"
"$4.262,30","COP","23/10/2024","23/10/2024"
"$4.286,96","COP","22/10/2024","22/10/2024"
"$4.252,15","COP","19/10/2024","21/10/2024"
"$4.263,17","COP","18/10/2024","18/10/2024"
"$4.266,20","COP","17/10/2024","17/10/2024"
"$4.244,84","COP","16/10/2024","16/10/2024"
"$4.192,56","COP","12/10/2024","15/10/2024"
"$4.217,40","COP","11/10/2024","11/10/2024"
"$4.233,17","COP","10/10/2024","10/10/2024"
"$4.233,54","COP","09/10/2024","09/10/2024"
"$4.194,97","COP","08/10/2024","08/10/2024"
"$4.173,66","COP","05/10/2024","07/10/2024"
"$4.197,73","COP","04/10/2024","04/10/2024"
"$4.203,43","COP","03/10/2024","03/10/2024"
"$4.224,21","COP","02/10/2024","02/10/2024"
"$4.178,30","COP","01/10/2024","01/10/2024"
"$4.164,21","COP","28/09/2024","30/09/2024"
"$4.188,11","COP","27/09/2024","27/09/2024"
"$4.192,74","COP","26/09/2024","26/09/2024"
"$4.139,43","COP","25/09/2024","25/09/2024"
"$4.155,31","COP","24/09/2024","24/09/2024"
"$4.156,89","COP","21/09/2024","23/09/2024"
"$4.175,10","COP","20/09/2024","20/09/2024"
"$4.189,46","COP","19/09/2024","19/09/2024"
"$4.239,33","COP","18/09/2024","18/09/2024"
"$4.220,58","COP","17/09/2024","17/09/2024"
"$4.172,13","COP","14/09/2024","16/09/2024"
"$4.236,63","COP","13/09/2024","13/09/2024"
"$4.278,28","COP","12/09/2024","12/09/2024"
"$4.285,61","COP","11/09/2024","11/09/2024"
"$4.220,68","COP","10/09/2024","10/09/2024"
"$4.149,79","COP","07/09/2024","09/09/2024"
"$4.172,50","COP","06/09/2024","06/09/2024"
"$4.185,82","COP","05/09/2024","05/09/2024"
"$4.185,80","COP","04/09/2024","04/09/2024"
"$4.160,31","COP","31/08/2024","03/09/2024"
"$4.132,11","COP","30/08/2024","30/08/2024"
"$4.065,34","COP","29/08/2024","29/08/2024"
"$4.045,64","COP","28/08/2024","28/08/2024"
"$4.023,92","COP","27/08/2024","27/08/2024"
"$4.030,52","COP","24/08/2024","26/08/2024"
"$4.064,03","COP","23/08/2024","23/08/2024"
"$4.013,98","COP","22/08/2024","22/08/2024"
"$4.011,37","COP","21/08/2024","21/08/2024"
"$4.021,63","COP","17/08/2024","20/08/2024"
"$4.014,18","COP","16/08/2024","16/08/2024"
"$4.021,10","COP","15/08/2024","15/08/2024"
"$4.038,87","COP","14/08/2024","14/08/2024"
"$4.063,26","COP","13/08/2024","13/08/2024"
"$4.064,51","COP","10/08/2024","12/08/2024"
"$4.100,79","COP","09/08/2024","09/08/2024"
"$4.136,27","COP","07/08/2024","08/08/2024"
"$4.184,30","COP","06/08/2024","06/08/2024"
"$4.110,37","COP","03/08/2024","05/08/2024"
"$4.057,14","COP","02/08/2024","02/08/2024"
"$4.060,34","COP","01/08/2024","01/08/2024"
"$4.089,05","COP","31/07/2024","31/07/2024"
"$4.059,91","COP","30/07/2024","30/07/2024"
"$4.014,56","COP","27/07/2024","29/07/2024"
"$4.035,00","COP","26/07/2024","26/07/2024"
"$4.047,66","COP","25/07/2024","25/07/2024"
"$4.010,53","COP","24/07/2024","24/07/2024"
"$4.006,01","COP","23/07/2024","23/07/2024"
"$4.040,20","COP","20/07/2024","22/07/2024"
"$4.036,73","COP","19/07/2024","19/07/2024"
"$4.011,19","COP","18/07/2024","18/07/2024"
"$3.977,63","COP","17/07/2024","17/07/2024"
"$3.948,41","COP","16/07/2024","16/07/2024"
"$3.944,97","COP","13/07/2024","15/07/2024"
"$3.968,87","COP","12/07/2024","12/07/2024"
"$3.979,91","COP","11/07/2024","11/07/2024"
"$4.022,05","COP","10/07/2024","10/07/2024"
"$4.052,99","COP","09/07/2024","09/07/2024"
"$4.093,72","COP","06/07/2024","08/07/2024"
"$4.096,09","COP","04/07/2024","05/07/2024"
"$4.130,03","COP","03/07/2024","03/07/2024"
"$4.148,04","COP","29/06/2024","02/07/2024"
"$4.158,10","COP","28/06/2024","28/06/2024"
"$4.133,61","COP","27/06/2024","27/06/2024"
"$4.093,66","COP","26/06/2024","26/06/2024"
"$4.104,38","COP","25/06/2024","25/06/2024"
"$4.143,72","COP","22/06/2024","24/06/2024"
"$4.175,96","COP","21/06/2024","21/06/2024"
"$4.101,87","COP","19/06/2024","20/06/2024"
"$4.144,63","COP","18/06/2024","18/06/2024"
"$4.151,55","COP","15/06/2024","17/06/2024"
"$4.107,52","COP","14/06/2024","14/06/2024"
"$4.023,26","COP","13/06/2024","13/06/2024"
"$3.960,83","COP","12/06/2024","12/06/2024"
"$3.944,14","COP","08/06/2024","11/06/2024"
"$3.938,53","COP","07/06/2024","07/06/2024"
"$3.927,91","COP","06/06/2024","06/06/2024"
"$3.909,65","COP","05/06/2024","05/06/2024"
"$3.860,92","COP","01/06/2024","04/06/2024"
"$3.874,32","COP","31/05/2024","31/05/2024"
"$3.867,02","COP","30/05/2024","30/05/2024"
"$3.853,09","COP","29/05/2024","29/05/2024"
"$3.878,07","COP","25/05/2024","28/05/2024"
"$3.837,58","COP","24/05/2024","24/05/2024"
"$3.829,59","COP","23/05/2024","23/05/2024"
"$3.814,94","COP","22/05/2024","22/05/2024"
"$3.822,39","COP","21/05/2024","21/05/2024"
"$3.832,26","COP","18/05/2024","20/05/2024"
"$3.828,98","COP","17/05/2024","17/05/2024"
"$3.825,42","COP","16/05/2024","16/05/2024"
"$3.861,82","COP","15/05/2024","15/05/2024"
"$3.888,21","COP","11/05/2024","14/05/2024"
"$3.900,38","COP","10/05/2024","10/05/2024"
"$3.902,63","COP","09/05/2024","09/05/2024"
"$3.884,84","COP","08/05/2024","08/05/2024"
"$3.894,23","COP","07/05/2024","07/05/2024"
"$3.895,41","COP","04/05/2024","06/05/2024"
"$3.898,62","COP","03/05/2024","03/05/2024"
"$3.899,07","COP","01/05/2024","02/05/2024"
"$3.873,44","COP","30/04/2024","30/04/2024"
"$3.926,02","COP","27/04/2024","29/04/2024"
"$3.964,59","COP","26/04/2024","26/04/2024"
"$3.935,65","COP","25/04/2024","25/04/2024"
"$3.910,01","COP","24/04/2024","24/04/2024"
"$3.924,82","COP","23/04/2024","23/04/2024"
"$3.937,13","COP","20/04/2024","22/04/2024"
"$3.918,23","COP","19/04/2024","19/04/2024"
"$3.901,94","COP","18/04/2024","18/04/2024"
"$3.938,11","COP","17/04/2024","17/04/2024"
"$3.889,58","COP","16/04/2024","16/04/2024"
"$3.864,97","COP","13/04/2024","15/04/2024"
"$3.820,10","COP","12/04/2024","12/04/2024"
"$3.815,44","COP","11/04/2024","11/04/2024"
"$3.763,43","COP","10/04/2024","10/04/2024"
"$3.768,80","COP","09/04/2024","09/04/2024"
"$3.764,23","COP","06/04/2024","08/04/2024"
"$3.775,37","COP","05/04/2024","05/04/2024"
"$3.812,13","COP","04/04/2024","04/04/2024"
"$3.845,22","COP","03/04/2024","03/04/2024"
"$3.863,05","COP","02/04/2024","02/04/2024"
"$3.842,30","COP","28/03/2024","01/04/2024"
"$3.865,97","COP","27/03/2024","27/03/2024"
"$3.901,51","COP","23/03/2024","26/03/2024"
"$3.888,02","COP","22/03/2024","22/03/2024"
"$3.886,94","COP","21/03/2024","21/03/2024"
"$3.894,37","COP","20/03/2024","20/03/2024"
"$3.880,59","COP","19/03/2024","19/03/2024"
"$3.884,64","COP","16/03/2024","18/03/2024"
"$3.899,39","COP","15/03/2024","15/03/2024"
"$3.908,02","COP","14/03/2024","14/03/2024"
"$3.919,86","COP","13/03/2024","13/03/2024"
"$3.907,81","COP","12/03/2024","12/03/2024"
"$3.905,45","COP","09/03/2024","11/03/2024"
"$3.920,79","COP","08/03/2024","08/03/2024"
"$3.932,55","COP","07/03/2024","07/03/2024"
"$3.945,32","COP","06/03/2024","06/03/2024"
"$3.948,67","COP","05/03/2024","05/03/2024"
"$3.934,82","COP","02/03/2024","04/03/2024"
"$3.931,31","COP","01/03/2024","01/03/2024"
"$3.933,56","COP","29/02/2024","29/02/2024"
"$3.935,59","COP","28/02/2024","28/02/2024"
"$3.963,08","COP","27/02/2024","27/02/2024"
"$3.949,36","COP","24/02/2024","26/02/2024"
"$3.935,64","COP","23/02/2024","23/02/2024"
"$3.930,26","COP","22/02/2024","22/02/2024"
"$3.912,97","COP","21/02/2024","21/02/2024"
"$3.917,84","COP","17/02/2024","20/02/2024"
"$3.909,89","COP","16/02/2024","16/02/2024"
"$3.916,61","COP","15/02/2024","15/02/2024"
"$3.929,00","COP","14/02/2024","14/02/2024"
"$3.915,28","COP","13/02/2024","13/02/2024"
"$3.926,08","COP","10/02/2024","12/02/2024"
"$3.954,68","COP","09/02/2024","09/02/2024"
"$3.962,23","COP","08/02/2024","08/02/2024"
"$3.950,57","COP","07/02/2024","07/02/2024"
"$3.975,74","COP","06/02/2024","06/02/2024"
"$3.928,11","COP","03/02/2024","05/02/2024"
"$3.889,05","COP","02/02/2024","02/02/2024"
"$3.915,56","COP","01/02/2024","01/02/2024"
"$3.925,60","COP","31/01/2024","31/01/2024"
"$3.918,93","COP","30/01/2024","30/01/2024"
"$3.925,26","COP","27/01/2024","29/01/2024"
"$3.932,96","COP","26/01/2024","26/01/2024"
"$3.929,95","COP","25/01/2024","25/01/2024"
"$3.934,62","COP","24/01/2024","24/01/2024"
"$3.904,49","COP","23/01/2024","23/01/2024"
"$3.916,39","COP","20/01/2024","22/01/2024"
"$3.939,89","COP","19/01/2024","19/01/2024"
"$3.969,50","COP","18/01/2024","18/01/2024"
"$3.940,85","COP","17/01/2024","17/01/2024"
"$3.901,38","COP","13/01/2024","16/01/2024"
"$3.929,79","COP","12/01/2024","12/01/2024"
"$3.946,39","COP","11/01/2024","11/01/2024"
"$3.934,13","COP","10/01/2024","10/01/2024"
"$3.912,93","COP","06/01/2024","09/01/2024"
"$3.927,64","COP","05/01/2024","05/01/2024"
"$3.914,60","COP","04/01/2024","04/01/2024"
"$3.895,53","COP","03/01/2024","03/01/2024"
"$3.822,05","COP","29/12/2023","02/01/2024"
"$3.844,81","COP","28/12/2023","28/12/2023"
"$3.871,45","COP","27/12/2023","27/12/2023"
"$3.915,43","COP","23/12/2023","26/12/2023"
"$3.943,03","COP","22/12/2023","22/12/2023"
"$3.948,54","COP","21/12/2023","21/12/2023"
"$3.925,77","COP","20/12/2023","20/12/2023"
"$3.932,59","COP","19/12/2023","19/12/2023"
"$3.956,76","COP","16/12/2023","18/12/2023"
"$3.955,88","COP","15/12/2023","15/12/2023"
"$3.999,43","COP","14/12/2023","14/12/2023"
"$3.990,88","COP","13/12/2023","13/12/2023"
"$3.982,50","COP","12/12/2023","12/12/2023"
"$3.998,51","COP","08/12/2023","11/12/2023"
"$3.989,55","COP","07/12/2023","07/12/2023"
"$4.023,21","COP","06/12/2023","06/12/2023"
"$3.999,91","COP","05/12/2023","05/12/2023"
"$3.983,15","COP","02/12/2023","04/12/2023"
"$4.045,22","COP","01/12/2023","01/12/2023"
"$3.980,67","COP","30/11/2023","30/11/2023"
"$3.957,77","COP","29/11/2023","29/11/2023"
"$3.989,89","COP","28/11/2023","28/11/2023"
"$4.044,51","COP","25/11/2023","27/11/2023"
"$4.092,33","COP","23/11/2023","24/11/2023"
"$4.060,15","COP","22/11/2023","22/11/2023"
"$4.033,83","COP","21/11/2023","21/11/2023"
"$4.116,59","COP","18/11/2023","20/11/2023"
"$4.077,44","COP","17/11/2023","17/11/2023"
"$3.976,84","COP","16/11/2023","16/11/2023"
"$3.963,57","COP","15/11/2023","15/11/2023"
"$4.037,19","COP","11/11/2023","14/11/2023"
"$4.056,94","COP","10/11/2023","10/11/2023"
"$4.065,79","COP","09/11/2023","09/11/2023"
"$4.005,06","COP","08/11/2023","08/11/2023"
"$3.975,09","COP","04/11/2023","07/11/2023"
"$4.047,11","COP","03/11/2023","03/11/2023"
"$4.117,71","COP","02/11/2023","02/11/2023"
"$4.114,29","COP","01/11/2023","01/11/2023"
"$4.060,83","COP","31/10/2023","31/10/2023"
"$4.120,62","COP","28/10/2023","30/10/2023"
"$4.154,94","COP","27/10/2023","27/10/2023"
"$4.201,53","COP","26/10/2023","26/10/2023"
"$4.213,97","COP","25/10/2023","25/10/2023"
"$4.221,39","COP","24/10/2023","24/10/2023"
"$4.238,85","COP","21/10/2023","23/10/2023"
"$4.249,71","COP","20/10/2023","20/10/2023"
"$4.227,39","COP","19/10/2023","19/10/2023"
"$4.222,09","COP","18/10/2023","18/10/2023"
"$4.249,00","COP","14/10/2023","17/10/2023"
"$4.230,61","COP","13/10/2023","13/10/2023"
"$4.212,50","COP","12/10/2023","12/10/2023"
"$4.231,97","COP","11/10/2023","11/10/2023"
"$4.386,66","COP","07/10/2023","10/10/2023"
"$4.359,40","COP","06/10/2023","06/10/2023"
"$4.252,09","COP","05/10/2023","05/10/2023"
"$4.187,01","COP","04/10/2023","04/10/2023"
"$4.141,43","COP","03/10/2023","03/10/2023"
"$4.053,76","COP","30/09/2023","02/10/2023"
"$4.085,57","COP","29/09/2023","29/09/2023"
"$4.093,60","COP","28/09/2023","28/09/2023"
"$4.068,73","COP","27/09/2023","27/09/2023"
"$4.052,54","COP","26/09/2023","26/09/2023"
"$3.948,70","COP","23/09/2023","25/09/2023"
"$3.948,25","COP","22/09/2023","22/09/2023"
"$3.907,21","COP","21/09/2023","21/09/2023"
"$3.902,54","COP","20/09/2023","20/09/2023"
"$3.905,95","COP","19/09/2023","19/09/2023"
"$3.928,28","COP","16/09/2023","18/09/2023"
"$3.926,59","COP","15/09/2023","15/09/2023"
"$3.950,92","COP","14/09/2023","14/09/2023"
"$3.993,53","COP","13/09/2023","13/09/2023"
"$3.997,74","COP","12/09/2023","12/09/2023"
"$4.012,26","COP","09/09/2023","11/09/2023"
"$4.045,83","COP","08/09/2023","08/09/2023"
"$4.093,04","COP","07/09/2023","07/09/2023"
"$4.089,46","COP","06/09/2023","06/09/2023"
"$4.063,36","COP","02/09/2023","05/09/2023"
"$4.099,20","COP","01/09/2023","01/09/2023"
"$4.085,33","COP","31/08/2023","31/08/2023"
"$4.110,08","COP","30/08/2023","30/08/2023"
"$4.111,52","COP","29/08/2023","29/08/2023"
"$4.117,78","COP","26/08/2023","28/08/2023"
"$4.076,90","COP","25/08/2023","25/08/2023"
"$4.085,89","COP","24/08/2023","24/08/2023"
"$4.120,07","COP","23/08/2023","23/08/2023"
"$4.124,04","COP","19/08/2023","22/08/2023"
"$4.093,96","COP","18/08/2023","18/08/2023"
"$4.130,33","COP","17/08/2023","17/08/2023"
"$4.096,08","COP","16/08/2023","16/08/2023"
"$4.029,95","COP","15/08/2023","15/08/2023"
"$3.973,41","COP","12/08/2023","14/08/2023"
"$3.955,23","COP","11/08/2023","11/08/2023"
"$4.031,65","COP","10/08/2023","10/08/2023"
"$4.076,46","COP","09/08/2023","09/08/2023"
"$4.077,90","COP","05/08/2023","08/08/2023"
"$4.144,79","COP","04/08/2023","04/08/2023"
"$4.056,99","COP","03/08/2023","03/08/2023"
"$4.007,44","COP","02/08/2023","02/08/2023"
"$3.898,48","COP","01/08/2023","01/08/2023"
"$3.923,49","COP","29/07/2023","31/07/2023"
"$3.932,04","COP","28/07/2023","28/07/2023"
"$3.951,10","COP","27/07/2023","27/07/2023"
"$3.978,83","COP","26/07/2023","26/07/2023"
"$3.950,58","COP","25/07/2023","25/07/2023"
"$3.971,38","COP","22/07/2023","24/07/2023"
"$3.980,20","COP","20/07/2023","21/07/2023"
"$3.991,15","COP","19/07/2023","19/07/2023"
"$4.069,39","COP","18/07/2023","18/07/2023"
"$4.089,30","COP","15/07/2023","17/07/2023"
"$4.102,13","COP","14/07/2023","14/07/2023"
"$4.128,67","COP","13/07/2023","13/07/2023"
"$4.193,59","COP","12/07/2023","12/07/2023"
"$4.154,06","COP","11/07/2023","11/07/2023"
"$4.189,96","COP","08/07/2023","10/07/2023"
"$4.195,93","COP","07/07/2023","07/07/2023"
"$4.128,08","COP","06/07/2023","06/07/2023"
"$4.177,58","COP","01/07/2023","05/07/2023"
"$4.191,28","COP","30/06/2023","30/06/2023"
"$4.169,60","COP","29/06/2023","29/06/2023"
"$4.152,48","COP","28/06/2023","28/06/2023"
"$4.172,33","COP","27/06/2023","27/06/2023"
"$4.168,88","COP","24/06/2023","26/06/2023"
"$4.114,39","COP","23/06/2023","23/06/2023"
"$4.158,21","COP","22/06/2023","22/06/2023"
"$4.149,18","COP","21/06/2023","21/06/2023"
"$4.145,72","COP","17/06/2023","20/06/2023"
"$4.164,66","COP","16/06/2023","16/06/2023"
"$4.182,33","COP","15/06/2023","15/06/2023"
"$4.186,30","COP","14/06/2023","14/06/2023"
"$4.173,66","COP","10/06/2023","13/06/2023"
"$4.179,98","COP","09/06/2023","09/06/2023"
"$4.209,14","COP","08/06/2023","08/06/2023"
"$4.245,00","COP","07/06/2023","07/06/2023"
"$4.307,02","COP","06/06/2023","06/06/2023"
"$4.355,80","COP","03/06/2023","05/06/2023"
"$4.410,49","COP","02/06/2023","02/06/2023"
"$4.434,09","COP","01/06/2023","01/06/2023"
"$4.408,65","COP","31/05/2023","31/05/2023"
"$4.461,66","COP","27/05/2023","30/05/2023"
"$4.470,83","COP","26/05/2023","26/05/2023"
"$4.448,93","COP","25/05/2023","25/05/2023"
"$4.501,81","COP","24/05/2023","24/05/2023"
"$4.528,67","COP","20/05/2023","23/05/2023"
"$4.521,64","COP","19/05/2023","19/05/2023"
"$4.528,30","COP","18/05/2023","18/05/2023"
"$4.531,58","COP","17/05/2023","17/05/2023"
"$4.506,49","COP","16/05/2023","16/05/2023"
"$4.564,44","COP","13/05/2023","15/05/2023"
"$4.601,15","COP","12/05/2023","12/05/2023"
"$4.545,39","COP","11/05/2023","11/05/2023"
"$4.540,34","COP","10/05/2023","10/05/2023"
"$4.490,58","COP","09/05/2023","09/05/2023"
"$4.552,56","COP","06/05/2023","08/05/2023"
"$4.616,58","COP","05/05/2023","05/05/2023"
"$4.667,09","COP","04/05/2023","04/05/2023"
"$4.713,08","COP","03/05/2023","03/05/2023"
"$4.669,00","COP","29/04/2023","02/05/2023"
"$4.654,14","COP","28/04/2023","28/04/2023"
"$4.552,59","COP","27/04/2023","27/04/2023"
"$4.486,60","COP","26/04/2023","26/04/2023"
"$4.482,45","COP","25/04/2023","25/04/2023"
"$4.523,64","COP","22/04/2023","24/04/2023"
"$4.535,78","COP","21/04/2023","21/04/2023"
"$4.532,43","COP","20/04/2023","20/04/2023"
"$4.473,07","COP","19/04/2023","19/04/2023"
"$4.431,45","COP","18/04/2023","18/04/2023"
"$4.425,27","COP","15/04/2023","17/04/2023"
"$4.424,02","COP","14/04/2023","14/04/2023"
"$4.458,87","COP","13/04/2023","13/04/2023"
"$4.516,76","COP","12/04/2023","12/04/2023"
"$4.564,24","COP","11/04/2023","11/04/2023"
"$4.570,91","COP","06/04/2023","10/04/2023"
"$4.587,31","COP","05/04/2023","05/04/2023"
"$4.603,00","COP","04/04/2023","04/04/2023"
"$4.646,08","COP","01/04/2023","03/04/2023"
"$4.627,27","COP","31/03/2023","31/03/2023"
"$4.627,63","COP","30/03/2023","30/03/2023"
"$4.658,79","COP","29/03/2023","29/03/2023"
"$4.686,83","COP","28/03/2023","28/03/2023"
"$4.741,76","COP","25/03/2023","27/03/2023"
"$4.755,12","COP","24/03/2023","24/03/2023"
"$4.776,09","COP","23/03/2023","23/03/2023"
"$4.804,29","COP","22/03/2023","22/03/2023"
"$4.824,25","COP","18/03/2023","21/03/2023"
"$4.866,50","COP","17/03/2023","17/03/2023"
"$4.835,51","COP","16/03/2023","16/03/2023"
"$4.736,03","COP","15/03/2023","15/03/2023"
"$4.769,76","COP","14/03/2023","14/03/2023"
"$4.748,14","COP","11/03/2023","13/03/2023"
"$4.748,61","COP","10/03/2023","10/03/2023"
"$4.755,59","COP","09/03/2023","09/03/2023"
"$4.744,95","COP","08/03/2023","08/03/2023"
"$4.734,42","COP","07/03/2023","07/03/2023"
"$4.780,89","COP","04/03/2023","06/03/2023"
"$4.855,83","COP","03/03/2023","03/03/2023"
"$4.848,78","COP","02/03/2023","02/03/2023"
"$4.814,11","COP","01/03/2023","01/03/2023"
"$4.808,14","COP","28/02/2023","28/02/2023"
"$4.849,65","COP","25/02/2023","27/02/2023"
"$4.853,90","COP","24/02/2023","24/02/2023"
"$4.924,91","COP","23/02/2023","23/02/2023"
"$4.950,33","COP","22/02/2023","22/02/2023"
"$4.918,94","COP","18/02/2023","21/02/2023"
"$4.966,33","COP","17/02/2023","17/02/2023"
"$4.878,24","COP","16/02/2023","16/02/2023"
"$4.783,24","COP","15/02/2023","15/02/2023"
"$4.818,62","COP","14/02/2023","14/02/2023"
"$4.777,73","COP","11/02/2023","13/02/2023"
"$4.742,05","COP","10/02/2023","10/02/2023"
"$4.769,85","COP","09/02/2023","09/02/2023"
"$4.775,99","COP","08/02/2023","08/02/2023"
"$4.776,25","COP","07/02/2023","07/02/2023"
"$4.669,74","COP","04/02/2023","06/02/2023"
"$4.584,44","COP","03/02/2023","03/02/2023"
"$4.639,04","COP","02/02/2023","02/02/2023"
"$4.648,70","COP","01/02/2023","01/02/2023"
"$4.632,20","COP","31/01/2023","31/01/2023"
"$4.548,50","COP","28/01/2023","30/01/2023"
"$4.531,75","COP","27/01/2023","27/01/2023"
"$4.538,91","COP","26/01/2023","26/01/2023"
"$4.545,94","COP","25/01/2023","25/01/2023"
"$4.551,02","COP","24/01/2023","24/01/2023"
"$4.631,64","COP","21/01/2023","23/01/2023"
"$4.683,85","COP","20/01/2023","20/01/2023"
"$4.702,67","COP","19/01/2023","19/01/2023"
"$4.691,09","COP","18/01/2023","18/01/2023"
"$4.693,99","COP","14/01/2023","17/01/2023"
"$4.692,04","COP","13/01/2023","13/01/2023"
"$4.748,54","COP","12/01/2023","12/01/2023"
"$4.807,85","COP","11/01/2023","11/01/2023"
"$4.885,66","COP","07/01/2023","10/01/2023"
"$4.989,58","COP","06/01/2023","06/01/2023"
"$4.924,00","COP","05/01/2023","05/01/2023"
"$4.842,26","COP","04/01/2023","04/01/2023"
"$4.810,20","COP","30/12/2022","03/01/2023"
"$4.765,92","COP","29/12/2022","29/12/2022"
"$4.766,82","COP","28/12/2022","28/12/2022"
"$4.745,04","COP","24/12/2022","27/12/2022"
"$4.760,61","COP","23/12/2022","23/12/2022"
"$4.761,64","COP","22/12/2022","22/12/2022"
"$4.769,29","COP","21/12/2022","21/12/2022"
"$4.781,28","COP","20/12/2022","20/12/2022"
"$4.802,48","COP","17/12/2022","19/12/2022"
"$4.797,02","COP","16/12/2022","16/12/2022"
"$4.778,28","COP","15/12/2022","15/12/2022"
"$4.791,57","COP","14/12/2022","14/12/2022"
"$4.836,24","COP","13/12/2022","13/12/2022"
"$4.815,99","COP","10/12/2022","12/12/2022"
"$4.825,83","COP","08/12/2022","09/12/2022"
"$4.818,32","COP","07/12/2022","07/12/2022"
"$4.812,37","COP","06/12/2022","06/12/2022"
"$4.767,19","COP","03/12/2022","05/12/2022"
"$4.779,06","COP","02/12/2022","02/12/2022"
"$4.815,59","COP","01/12/2022","01/12/2022"
"$4.809,51","COP","30/11/2022","30/11/2022"
"$4.840,60","COP","29/11/2022","29/11/2022"
"$4.881,41","COP","26/11/2022","28/11/2022"
"$4.875,91","COP","24/11/2022","25/11/2022"
"$4.914,34","COP","23/11/2022","23/11/2022"
"$4.958,42","COP","22/11/2022","22/11/2022"
"$4.994,61","COP","19/11/2022","21/11/2022"
"$5.022,03","COP","18/11/2022","18/11/2022"
"$4.922,70","COP","17/11/2022","17/11/2022"
"$4.801,06","COP","16/11/2022","16/11/2022"
"$4.806,07","COP","11/11/2022","15/11/2022"
"$4.914,71","COP","10/11/2022","10/11/2022"
"$5.013,20","COP","09/11/2022","09/11/2022"
"$5.061,21","COP","05/11/2022","08/11/2022"
"$5.058,02","COP","04/11/2022","04/11/2022"
"$5.015,84","COP","03/11/2022","03/11/2022"
"$4.975,58","COP","02/11/2022","02/11/2022"
"$4.898,74","COP","01/11/2022","01/11/2022"
"$4.819,42","COP","29/10/2022","31/10/2022"
"$4.821,92","COP","28/10/2022","28/10/2022"
"$4.895,29","COP","27/10/2022","27/10/2022"
"$4.948,14","COP","26/10/2022","26/10/2022"
"$4.968,94","COP","25/10/2022","25/10/2022"
"$4.913,24","COP","22/10/2022","24/10/2022"
"$4.885,50","COP","21/10/2022","21/10/2022"
"$4.815,09","COP","20/10/2022","20/10/2022"
"$4.744,04","COP","19/10/2022","19/10/2022"
"$4.636,83","COP","15/10/2022","18/10/2022"
"$4.619,78","COP","14/10/2022","14/10/2022"
"$4.611,18","COP","13/10/2022","13/10/2022"
"$4.611,88","COP","12/10/2022","12/10/2022"
"$4.605,29","COP","08/10/2022","11/10/2022"
"$4.627,61","COP","07/10/2022","07/10/2022"
"$4.548,89","COP","06/10/2022","06/10/2022"
"$4.484,74","COP","05/10/2022","05/10/2022"
"$4.545,66","COP","04/10/2022","04/10/2022"
"$4.590,54","COP","01/10/2022","03/10/2022"
"$4.532,07","COP","30/09/2022","30/09/2022"
"$4.486,94","COP","29/09/2022","29/09/2022"
"$4.556,42","COP","28/09/2022","28/09/2022"
"$4.496,99","COP","27/09/2022","27/09/2022"
"$4.426,47","COP","24/09/2022","26/09/2022"
"$4.379,80","COP","23/09/2022","23/09/2022"
"$4.403,82","COP","22/09/2022","22/09/2022"
"$4.420,38","COP","21/09/2022","21/09/2022"
"$4.415,11","COP","20/09/2022","20/09/2022"
"$4.435,84","COP","17/09/2022","19/09/2022"
"$4.404,64","COP","16/09/2022","16/09/2022"
"$4.389,80","COP","15/09/2022","15/09/2022"
"$4.413,89","COP","14/09/2022","14/09/2022"
"$4.346,91","COP","13/09/2022","13/09/2022"
"$4.365,32","COP","10/09/2022","12/09/2022"
"$4.396,69","COP","09/09/2022","09/09/2022"
"$4.446,36","COP","08/09/2022","08/09/2022"
"$4.480,10","COP","07/09/2022","07/09/2022"
"$4.466,73","COP","03/09/2022","06/09/2022"
"$4.467,03","COP","02/09/2022","02/09/2022"
"$4.422,77","COP","01/09/2022","01/09/2022"
"$4.400,16","COP","31/08/2022","31/08/2022"
"$4.386,13","COP","30/08/2022","30/08/2022"
"$4.388,02","COP","27/08/2022","29/08/2022"
"$4.407,95","COP","26/08/2022","26/08/2022"
"$4.380,19","COP","25/08/2022","25/08/2022"
"$4.374,45","COP","24/08/2022","24/08/2022"
"$4.399,16","COP","23/08/2022","23/08/2022"
"$4.400,25","COP","20/08/2022","22/08/2022"
"$4.413,86","COP","19/08/2022","19/08/2022"
"$4.316,47","COP","18/08/2022","18/08/2022"
"$4.218,48","COP","17/08/2022","17/08/2022"
"$4.185,49","COP","13/08/2022","16/08/2022"
"$4.231,45","COP","12/08/2022","12/08/2022"
"$4.273,82","COP","11/08/2022","11/08/2022"
"$4.309,69","COP","10/08/2022","10/08/2022"
"$4.307,09","COP","09/08/2022","09/08/2022"
"$4.337,28","COP","06/08/2022","08/08/2022"
"$4.268,30","COP","05/08/2022","05/08/2022"
"$4.331,15","COP","04/08/2022","04/08/2022"
"$4.313,30","COP","03/08/2022","03/08/2022"
"$4.245,99","COP","02/08/2022","02/08/2022"
"$4.300,30","COP","30/07/2022","01/08/2022"
"$4.375,51","COP","29/07/2022","29/07/2022"
"$4.420,75","COP","28/07/2022","28/07/2022"
"$4.445,01","COP","27/07/2022","27/07/2022"
"$4.461,63","COP","26/07/2022","26/07/2022"
"$4.423,86","COP","23/07/2022","25/07/2022"
"$4.410,14","COP","22/07/2022","22/07/2022"
"$4.303,34","COP","20/07/2022","21/07/2022"
"$4.315,41","COP","19/07/2022","19/07/2022"
"$4.395,63","COP","16/07/2022","18/07/2022"
"$4.519,65","COP","15/07/2022","15/07/2022"
"$4.558,05","COP","14/07/2022","14/07/2022"
"$4.627,46","COP","13/07/2022","13/07/2022"
"$4.513,28","COP","12/07/2022","12/07/2022"
"$4.388,27","COP","09/07/2022","11/07/2022"
"$4.369,70","COP","08/07/2022","08/07/2022"
"$4.348,68","COP","07/07/2022","07/07/2022"
"$4.259,86","COP","06/07/2022","06/07/2022"
"$4.198,77","COP","02/07/2022","05/07/2022"
"$4.151,21","COP","01/07/2022","01/07/2022"
"$4.127,47","COP","30/06/2022","30/06/2022"
"$4.089,72","COP","29/06/2022","29/06/2022"
"$4.129,87","COP","25/06/2022","28/06/2022"
"$4.068,75","COP","24/06/2022","24/06/2022"
"$4.026,52","COP","23/06/2022","23/06/2022"
"$4.026,92","COP","22/06/2022","22/06/2022"
"$3.905,05","COP","18/06/2022","21/06/2022"
"$3.912,15","COP","17/06/2022","17/06/2022"
"$3.923,96","COP","16/06/2022","16/06/2022"
"$3.979,30","COP","15/06/2022","15/06/2022"
"$4.016,50","COP","14/06/2022","14/06/2022"
"$3.912,51","COP","11/06/2022","13/06/2022"
"$3.833,34","COP","10/06/2022","10/06/2022"
"$3.782,65","COP","09/06/2022","09/06/2022"
"$3.790,88","COP","08/06/2022","08/06/2022"
"$3.799,50","COP","07/06/2022","07/06/2022"
"$3.771,63","COP","04/06/2022","06/06/2022"
"$3.784,98","COP","03/06/2022","03/06/2022"
"$3.791,74","COP","02/06/2022","02/06/2022"
"$3.776,52","COP","01/06/2022","01/06/2022"
"$3.912,34","COP","28/05/2022","31/05/2022"
"$3.930,89","COP","27/05/2022","27/05/2022"
"$3.959,05","COP","26/05/2022","26/05/2022"
"$3.971,28","COP","25/05/2022","25/05/2022"
"$3.950,35","COP","24/05/2022","24/05/2022"
"$3.989,84","COP","21/05/2022","23/05/2022"
"$4.050,88","COP","20/05/2022","20/05/2022"
"$4.054,71","COP","19/05/2022","19/05/2022"
"$4.033,85","COP","18/05/2022","18/05/2022"
"$4.070,25","COP","17/05/2022","17/05/2022"
"$4.110,53","COP","14/05/2022","16/05/2022"
"$4.109,71","COP","13/05/2022","13/05/2022"
"$4.080,32","COP","12/05/2022","12/05/2022"
"$4.086,71","COP","11/05/2022","11/05/2022"
"$4.085,76","COP","10/05/2022","10/05/2022"
"$4.053,93","COP","07/05/2022","09/05/2022"
"$4.086,08","COP","06/05/2022","06/05/2022"
"$4.056,41","COP","05/05/2022","05/05/2022"
"$4.016,34","COP","04/05/2022","04/05/2022"
"$4.004,07","COP","03/05/2022","03/05/2022"
"$3.966,27","COP","30/04/2022","02/05/2022"
"$3.984,77","COP","29/04/2022","29/04/2022"
"$3.967,32","COP","28/04/2022","28/04/2022"
"$3.947,63","COP","27/04/2022","27/04/2022"
"$3.931,74","COP","26/04/2022","26/04/2022"
"$3.819,07","COP","23/04/2022","25/04/2022"
"$3.759,54","COP","22/04/2022","22/04/2022"
"$3.758,65","COP","21/04/2022","21/04/2022"
"$3.755,85","COP","20/04/2022","20/04/2022"
"$3.731,31","COP","19/04/2022","19/04/2022"
"$3.737,32","COP","14/04/2022","18/04/2022"
"$3.736,70","COP","13/04/2022","13/04/2022"
"$3.744,16","COP","12/04/2022","12/04/2022"
"$3.777,41","COP","09/04/2022","11/04/2022"
"$3.771,83","COP","08/04/2022","08/04/2022"
"$3.746,51","COP","07/04/2022","07/04/2022"
"$3.723,79","COP","06/04/2022","06/04/2022"
"$3.706,95","COP","05/04/2022","05/04/2022"
"$3.774,79","COP","02/04/2022","04/04/2022"
"$3.756,03","COP","01/04/2022","01/04/2022"
"$3.748,15","COP","31/03/2022","31/03/2022"
"$3.765,96","COP","30/03/2022","30/03/2022"
"$3.785,70","COP","29/03/2022","29/03/2022"
"$3.785,66","COP","26/03/2022","28/03/2022"
"$3.798,90","COP","25/03/2022","25/03/2022"
"$3.756,64","COP","24/03/2022","24/03/2022"
"$3.765,67","COP","23/03/2022","23/03/2022"
"$3.820,67","COP","19/03/2022","22/03/2022"
"$3.816,43","COP","18/03/2022","18/03/2022"
"$3.826,89","COP","17/03/2022","17/03/2022"
"$3.836,56","COP","16/03/2022","16/03/2022"
"$3.800,85","COP","15/03/2022","15/03/2022"
"$3.827,64","COP","12/03/2022","14/03/2022"
"$3.786,00","COP","11/03/2022","11/03/2022"
"$3.746,43","COP","10/03/2022","10/03/2022"
"$3.787,18","COP","09/03/2022","09/03/2022"
"$3.813,41","COP","08/03/2022","08/03/2022"
"$3.806,11","COP","05/03/2022","07/03/2022"
"$3.771,77","COP","04/03/2022","04/03/2022"
"$3.862,95","COP","03/03/2022","03/03/2022"
"$3.901,62","COP","02/03/2022","02/03/2022"
"$3.910,28","COP","01/03/2022","01/03/2022"
"$3.910,64","COP","26/02/2022","28/02/2022"
"$3.940,20","COP","25/02/2022","25/02/2022"
"$3.913,79","COP","24/02/2022","24/02/2022"
"$3.932,40","COP","23/02/2022","23/02/2022"
"$3.927,25","COP","19/02/2022","22/02/2022"
"$3.953,26","COP","18/02/2022","18/02/2022"
"$3.963,72","COP","17/02/2022","17/02/2022"
"$3.946,88","COP","16/02/2022","16/02/2022"
"$3.938,97","COP","15/02/2022","15/02/2022"
"$3.917,52","COP","12/02/2022","14/02/2022"
"$3.917,75","COP","11/02/2022","11/02/2022"
"$3.939,31","COP","10/02/2022","10/02/2022"
"$3.965,41","COP","09/02/2022","09/02/2022"
"$3.963,84","COP","08/02/2022","08/02/2022"
"$3.962,68","COP","05/02/2022","07/02/2022"
"$3.951,96","COP","04/02/2022","04/02/2022"
"$3.928,05","COP","03/02/2022","03/02/2022"
"$3.923,61","COP","02/02/2022","02/02/2022"
"$3.942,73","COP","01/02/2022","01/02/2022"
"$3.982,60","COP","29/01/2022","31/01/2022"
"$3.944,04","COP","28/01/2022","28/01/2022"
"$3.947,83","COP","27/01/2022","27/01/2022"
"$3.987,32","COP","26/01/2022","26/01/2022"
"$3.977,51","COP","25/01/2022","25/01/2022"
"$3.964,30","COP","22/01/2022","24/01/2022"
"$3.980,80","COP","21/01/2022","21/01/2022"
"$4.003,95","COP","20/01/2022","20/01/2022"
"$4.033,37","COP","19/01/2022","19/01/2022"
"$3.993,65","COP","15/01/2022","18/01/2022"
"$3.950,40","COP","14/01/2022","14/01/2022"
"$3.970,08","COP","13/01/2022","13/01/2022"
"$4.011,65","COP","12/01/2022","12/01/2022"
"$4.043,46","COP","08/01/2022","11/01/2022"
"$4.039,31","COP","07/01/2022","07/01/2022"
"$4.042,36","COP","06/01/2022","06/01/2022"
"$4.084,11","COP","05/01/2022","05/01/2022"
"$4.082,75","COP","04/01/2022","04/01/2022"
"$3.981,16","COP","31/12/2021","03/01/2022"
"$4.023,68","COP","30/12/2021","30/12/2021"
"$4.004,00","COP","29/12/2021","29/12/2021"
"$3.989,41","COP","28/12/2021","28/12/2021"
"$3.994,15","COP","25/12/2021","27/12/2021"
"$3.997,09","COP","24/12/2021","24/12/2021"
"$3.997,71","COP","23/12/2021","23/12/2021"
"$3.996,28","COP","22/12/2021","22/12/2021"
"$4.002,12","COP","21/12/2021","21/12/2021"
"$3.999,85","COP","18/12/2021","20/12/2021"
"$4.002,97","COP","17/12/2021","17/12/2021"
"$3.990,27","COP","16/12/2021","16/12/2021"
"$3.936,41","COP","15/12/2021","15/12/2021"
"$3.886,87","COP","14/12/2021","14/12/2021"
"$3.887,71","COP","11/12/2021","13/12/2021"
"$3.899,87","COP","10/12/2021","10/12/2021"
"$3.906,10","COP","08/12/2021","09/12/2021"
"$3.944,00","COP","07/12/2021","07/12/2021"
"$3.948,33","COP","04/12/2021","06/12/2021"
"$3.945,18","COP","03/12/2021","03/12/2021"
"$3.953,26","COP","02/12/2021","02/12/2021"
"$4.004,54","COP","01/12/2021","01/12/2021"
"$4.010,98","COP","30/11/2021","30/11/2021"
"$4.008,13","COP","27/11/2021","29/11/2021"
"$3.969,49","COP","25/11/2021","26/11/2021"
"$3.944,37","COP","24/11/2021","24/11/2021"
"$3.913,26","COP","23/11/2021","23/11/2021"
"$3.923,53","COP","20/11/2021","22/11/2021"
"$3.943,43","COP","19/11/2021","19/11/2021"
"$3.907,95","COP","18/11/2021","18/11/2021"
"$3.898,84","COP","17/11/2021","17/11/2021"
"$3.888,53","COP","13/11/2021","16/11/2021"
"$3.875,38","COP","11/11/2021","12/11/2021"
"$3.876,86","COP","10/11/2021","10/11/2021"
"$3.874,41","COP","09/11/2021","09/11/2021"
"$3.881,76","COP","06/11/2021","08/11/2021"
"$3.847,40","COP","05/11/2021","05/11/2021"
"$3.837,84","COP","04/11/2021","04/11/2021"
"$3.778,69","COP","03/11/2021","03/11/2021"
"$3.784,44","COP","30/10/2021","02/11/2021"
"$3.766,10","COP","29/10/2021","29/10/2021"
"$3.761,21","COP","28/10/2021","28/10/2021"
"$3.774,46","COP","27/10/2021","27/10/2021"
"$3.769,98","COP","26/10/2021","26/10/2021"
"$3.780,38","COP","23/10/2021","25/10/2021"
"$3.783,30","COP","22/10/2021","22/10/2021"
"$3.770,58","COP","21/10/2021","21/10/2021"
"$3.766,94","COP","20/10/2021","20/10/2021"
"$3.772,49","COP","16/10/2021","19/10/2021"
"$3.755,29","COP","15/10/2021","15/10/2021"
"$3.725,75","COP","14/10/2021","14/10/2021"
"$3.738,48","COP","13/10/2021","13/10/2021"
"$3.765,80","COP","09/10/2021","12/10/2021"
"$3.772,44","COP","08/10/2021","08/10/2021"
"$3.788,03","COP","07/10/2021","07/10/2021"
"$3.796,30","COP","06/10/2021","06/10/2021"
"$3.786,05","COP","05/10/2021","05/10/2021"
"$3.781,35","COP","02/10/2021","04/10/2021"
"$3.812,77","COP","01/10/2021","01/10/2021"
"$3.834,68","COP","30/09/2021","30/09/2021"
"$3.841,94","COP","29/09/2021","29/09/2021"
"$3.837,91","COP","28/09/2021","28/09/2021"
"$3.844,88","COP","25/09/2021","27/09/2021"
"$3.835,67","COP","24/09/2021","24/09/2021"
"$3.834,66","COP","23/09/2021","23/09/2021"
"$3.843,77","COP","22/09/2021","22/09/2021"
"$3.851,22","COP","21/09/2021","21/09/2021"
"$3.828,18","COP","18/09/2021","20/09/2021"
"$3.818,16","COP","17/09/2021","17/09/2021"
"$3.825,36","COP","16/09/2021","16/09/2021"
"$3.830,83","COP","15/09/2021","15/09/2021"
"$3.835,27","COP","14/09/2021","14/09/2021"
"$3.836,85","COP","11/09/2021","13/09/2021"
"$3.829,72","COP","10/09/2021","10/09/2021"
"$3.816,14","COP","09/09/2021","09/09/2021"
"$3.812,76","COP","08/09/2021","08/09/2021"
"$3.790,04","COP","04/09/2021","07/09/2021"
"$3.780,85","COP","03/09/2021","03/09/2021"
"$3.753,30","COP","02/09/2021","02/09/2021"
"$3.774,00","COP","01/09/2021","01/09/2021"
"$3.806,87","COP","31/08/2021","31/08/2021"
"$3.834,13","COP","28/08/2021","30/08/2021"
"$3.870,57","COP","27/08/2021","27/08/2021"
"$3.865,04","COP","26/08/2021","26/08/2021"
"$3.861,88","COP","25/08/2021","25/08/2021"
"$3.867,73","COP","24/08/2021","24/08/2021"
"$3.874,95","COP","21/08/2021","23/08/2021"
"$3.876,08","COP","20/08/2021","20/08/2021"
"$3.861,33","COP","19/08/2021","19/08/2021"
"$3.868,41","COP","18/08/2021","18/08/2021"
"$3.830,25","COP","14/08/2021","17/08/2021"
"$3.887,07","COP","13/08/2021","13/08/2021"
"$3.950,43","COP","12/08/2021","12/08/2021"
"$3.979,80","COP","11/08/2021","11/08/2021"
"$3.988,27","COP","10/08/2021","10/08/2021"
"$3.949,33","COP","07/08/2021","09/08/2021"
"$3.910,81","COP","06/08/2021","06/08/2021"
"$3.911,36","COP","05/08/2021","05/08/2021"
"$3.913,59","COP","04/08/2021","04/08/2021"
"$3.865,46","COP","03/08/2021","03/08/2021"
"$3.867,88","COP","31/07/2021","02/08/2021"
"$3.836,95","COP","30/07/2021","30/07/2021"
"$3.902,18","COP","29/07/2021","29/07/2021"
"$3.918,49","COP","28/07/2021","28/07/2021"
"$3.904,17","COP","27/07/2021","27/07/2021"
"$3.874,44","COP","24/07/2021","26/07/2021"
"$3.866,86","COP","23/07/2021","23/07/2021"
"$3.855,68","COP","22/07/2021","22/07/2021"
"$3.842,97","COP","20/07/2021","21/07/2021"
"$3.808,46","COP","17/07/2021","19/07/2021"
"$3.809,07","COP","16/07/2021","16/07/2021"
"$3.796,07","COP","15/07/2021","15/07/2021"
"$3.826,85","COP","14/07/2021","14/07/2021"
"$3.824,08","COP","13/07/2021","13/07/2021"
"$3.829,46","COP","10/07/2021","12/07/2021"
"$3.850,46","COP","09/07/2021","09/07/2021"
"$3.815,22","COP","08/07/2021","08/07/2021"
"$3.782,27","COP","07/07/2021","07/07/2021"
"$3.777,17","COP","03/07/2021","06/07/2021"
"$3.775,53","COP","02/07/2021","02/07/2021"
"$3.748,50","COP","01/07/2021","01/07/2021"
"$3.756,67","COP","30/06/2021","30/06/2021"
"$3.713,17","COP","29/06/2021","29/06/2021"
"$3.739,03","COP","26/06/2021","28/06/2021"
"$3.770,35","COP","25/06/2021","25/06/2021"
"$3.773,11","COP","24/06/2021","24/06/2021"
"$3.784,45","COP","23/06/2021","23/06/2021"
"$3.758,08","COP","22/06/2021","22/06/2021"
"$3.753,77","COP","19/06/2021","21/06/2021"
"$3.730,45","COP","18/06/2021","18/06/2021"
"$3.690,56","COP","17/06/2021","17/06/2021"
"$3.693,35","COP","16/06/2021","16/06/2021"
"$3.626,02","COP","12/06/2021","15/06/2021"
"$3.589,86","COP","11/06/2021","11/06/2021"
"$3.588,41","COP","10/06/2021","10/06/2021"
"$3.597,18","COP","09/06/2021","09/06/2021"
"$3.609,20","COP","05/06/2021","08/06/2021"
"$3.657,41","COP","04/06/2021","04/06/2021"
"$3.642,29","COP","03/06/2021","03/06/2021"
"$3.671,38","COP","02/06/2021","02/06/2021"
"$3.715,28","COP","29/05/2021","01/06/2021"
"$3.729,02","COP","28/05/2021","28/05/2021"
"$3.747,48","COP","27/05/2021","27/05/2021"
"$3.735,41","COP","26/05/2021","26/05/2021"
"$3.750,66","COP","25/05/2021","25/05/2021"
"$3.738,19","COP","22/05/2021","24/05/2021"
"$3.721,57","COP","21/05/2021","21/05/2021"
"$3.682,66","COP","20/05/2021","20/05/2021"
"$3.655,74","COP","19/05/2021","19/05/2021"
"$3.682,84","COP","15/05/2021","18/05/2021"
"$3.728,09","COP","14/05/2021","14/05/2021"
"$3.734,09","COP","13/05/2021","13/05/2021"
"$3.703,20","COP","12/05/2021","12/05/2021"
"$3.714,94","COP","11/05/2021","11/05/2021"
"$3.765,33","COP","08/05/2021","10/05/2021"
"$3.800,33","COP","07/05/2021","07/05/2021"
"$3.846,28","COP","06/05/2021","06/05/2021"
"$3.831,35","COP","05/05/2021","05/05/2021"
"$3.816,65","COP","04/05/2021","04/05/2021"
"$3.740,14","COP","01/05/2021","03/05/2021"
"$3.712,89","COP","30/04/2021","30/04/2021"
"$3.699,74","COP","29/04/2021","29/04/2021"
"$3.717,46","COP","28/04/2021","28/04/2021"
"$3.659,62","COP","27/04/2021","27/04/2021"
"$3.640,07","COP","24/04/2021","26/04/2021"
"$3.630,81","COP","23/04/2021","23/04/2021"
"$3.639,12","COP","22/04/2021","22/04/2021"
"$3.636,26","COP","21/04/2021","21/04/2021"
"$3.606,42","COP","20/04/2021","20/04/2021"
"$3.595,57","COP","17/04/2021","19/04/2021"
"$3.620,40","COP","16/04/2021","16/04/2021"
"$3.665,49","COP","15/04/2021","15/04/2021"
"$3.666,17","COP","14/04/2021","14/04/2021"
"$3.653,57","COP","13/04/2021","13/04/2021"
"$3.650,23","COP","10/04/2021","12/04/2021"
"$3.634,07","COP","09/04/2021","09/04/2021"
"$3.639,62","COP","08/04/2021","08/04/2021"
"$3.645,14","COP","07/04/2021","07/04/2021"
"$3.645,79","COP","06/04/2021","06/04/2021"
"$3.678,62","COP","01/04/2021","05/04/2021"
"$3.736,91","COP","31/03/2021","31/03/2021"
"$3.705,85","COP","30/03/2021","30/03/2021"
"$3.665,41","COP","27/03/2021","29/03/2021"
"$3.658,22","COP","26/03/2021","26/03/2021"
"$3.635,12","COP","25/03/2021","25/03/2021"
"$3.589,82","COP","24/03/2021","24/03/2021"
"$3.553,34","COP","20/03/2021","23/03/2021"
"$3.569,45","COP","19/03/2021","19/03/2021"
"$3.578,02","COP","18/03/2021","18/03/2021"
"$3.553,51","COP","17/03/2021","17/03/2021"
"$3.575,63","COP","16/03/2021","16/03/2021"
"$3.575,30","COP","13/03/2021","15/03/2021"
"$3.534,62","COP","12/03/2021","12/03/2021"
"$3.561,91","COP","11/03/2021","11/03/2021"
"$3.598,77","COP","10/03/2021","10/03/2021"
"$3.623,61","COP","09/03/2021","09/03/2021"
"$3.640,20","COP","06/03/2021","08/03/2021"
"$3.647,99","COP","05/03/2021","05/03/2021"
"$3.676,94","COP","04/03/2021","04/03/2021"
"$3.646,61","COP","03/03/2021","03/03/2021"
"$3.622,36","COP","02/03/2021","02/03/2021"
"$3.624,39","COP","27/02/2021","01/03/2021"
"$3.588,23","COP","26/02/2021","26/02/2021"
"$3.578,29","COP","25/02/2021","25/02/2021"
"$3.590,37","COP","24/02/2021","24/02/2021"
"$3.602,41","COP","23/02/2021","23/02/2021"
"$3.555,40","COP","20/02/2021","22/02/2021"
"$3.537,86","COP","19/02/2021","19/02/2021"
"$3.545,84","COP","18/02/2021","18/02/2021"
"$3.518,19","COP","17/02/2021","17/02/2021"
"$3.515,65","COP","13/02/2021","16/02/2021"
"$3.525,45","COP","12/02/2021","12/02/2021"
"$3.557,16","COP","11/02/2021","11/02/2021"
"$3.583,23","COP","10/02/2021","10/02/2021"
"$3.554,65","COP","09/02/2021","09/02/2021"
"$3.543,28","COP","06/02/2021","08/02/2021"
"$3.558,63","COP","05/02/2021","05/02/2021"
"$3.522,57","COP","04/02/2021","04/02/2021"
"$3.534,99","COP","03/02/2021","03/02/2021"
"$3.561,37","COP","02/02/2021","02/02/2021"
"$3.559,46","COP","30/01/2021","01/02/2021"
"$3.585,44","COP","29/01/2021","29/01/2021"
"$3.636,91","COP","28/01/2021","28/01/2021"
"$3.591,48","COP","27/01/2021","27/01/2021"
"$3.582,41","COP","26/01/2021","26/01/2021"
"$3.525,25","COP","23/01/2021","25/01/2021"
"$3.477,48","COP","22/01/2021","22/01/2021"
"$3.476,19","COP","21/01/2021","21/01/2021"
"$3.482,03","COP","20/01/2021","20/01/2021"
"$3.466,80","COP","16/01/2021","19/01/2021"
"$3.469,76","COP","15/01/2021","15/01/2021"
"$3.478,36","COP","14/01/2021","14/01/2021"
"$3.487,65","COP","13/01/2021","13/01/2021"
"$3.478,11","COP","09/01/2021","12/01/2021"
"$3.459,39","COP","08/01/2021","08/01/2021"
"$3.428,04","COP","07/01/2021","07/01/2021"
"$3.450,74","COP","06/01/2021","06/01/2021"
"$3.420,78","COP","05/01/2021","05/01/2021"
"$3.432,50","COP","31/12/2020","04/01/2021"
"$3.482,10","COP","30/12/2020","30/12/2020"
"$3.495,39","COP","29/12/2020","29/12/2020"
"$3.493,77","COP","25/12/2020","28/12/2020"
"$3.482,51","COP","24/12/2020","24/12/2020"
"$3.444,90","COP","23/12/2020","23/12/2020"
"$3.442,41","COP","22/12/2020","22/12/2020"
"$3.420,26","COP","19/12/2020","21/12/2020"
"$3.410,82","COP","18/12/2020","18/12/2020"
"$3.416,21","COP","17/12/2020","17/12/2020"
"$3.422,44","COP","16/12/2020","16/12/2020"
"$3.426,97","COP","15/12/2020","15/12/2020"
"$3.433,45","COP","12/12/2020","14/12/2020"
"$3.448,89","COP","11/12/2020","11/12/2020"
"$3.465,76","COP","10/12/2020","10/12/2020"
"$3.487,65","COP","08/12/2020","09/12/2020"
"$3.467,49","COP","05/12/2020","07/12/2020"
"$3.481,44","COP","04/12/2020","04/12/2020"
"$3.533,21","COP","03/12/2020","03/12/2020"
"$3.558,57","COP","02/12/2020","02/12/2020"
"$3.591,84","COP","01/12/2020","01/12/2020"
"$3.611,44","COP","28/11/2020","30/11/2020"
"$3.620,39","COP","26/11/2020","27/11/2020"
"$3.643,24","COP","25/11/2020","25/11/2020"
"$3.632,92","COP","24/11/2020","24/11/2020"
"$3.649,90","COP","21/11/2020","23/11/2020"
"$3.647,10","COP","20/11/2020","20/11/2020"
"$3.647,73","COP","19/11/2020","19/11/2020"
"$3.635,19","COP","18/11/2020","18/11/2020"
"$3.639,95","COP","14/11/2020","17/11/2020"
"$3.646,22","COP","13/11/2020","13/11/2020"
"$3.650,50","COP","11/11/2020","12/11/2020"
"$3.646,15","COP","10/11/2020","10/11/2020"
"$3.738,19","COP","07/11/2020","09/11/2020"
"$3.763,82","COP","06/11/2020","06/11/2020"
"$3.807,13","COP","05/11/2020","05/11/2020"
"$3.823,45","COP","04/11/2020","04/11/2020"
"$3.858,56","COP","31/10/2020","03/11/2020"
"$3.849,53","COP","30/10/2020","30/10/2020"
"$3.841,46","COP","29/10/2020","29/10/2020"
"$3.810,23","COP","28/10/2020","28/10/2020"
"$3.812,82","COP","27/10/2020","27/10/2020"
"$3.782,66","COP","24/10/2020","26/10/2020"
"$3.776,73","COP","23/10/2020","23/10/2020"
"$3.784,51","COP","22/10/2020","22/10/2020"
"$3.830,79","COP","21/10/2020","21/10/2020"
"$3.842,76","COP","20/10/2020","20/10/2020"
"$3.846,48","COP","17/10/2020","19/10/2020"
"$3.854,47","COP","16/10/2020","16/10/2020"
"$3.843,59","COP","15/10/2020","15/10/2020"
"$3.856,32","COP","14/10/2020","14/10/2020"
"$3.824,25","COP","10/10/2020","13/10/2020"
"$3.839,73","COP","09/10/2020","09/10/2020"
"$3.837,79","COP","08/10/2020","08/10/2020"
"$3.826,77","COP","07/10/2020","07/10/2020"
"$3.843,75","COP","06/10/2020","06/10/2020"
"$3.881,80","COP","03/10/2020","05/10/2020"
"$3.842,34","COP","02/10/2020","02/10/2020"
"$3.865,47","COP","01/10/2020","01/10/2020"
"$3.878,94","COP","30/09/2020","30/09/2020"
"$3.859,90","COP","29/09/2020","29/09/2020"
"$3.867,81","COP","26/09/2020","28/09/2020"
"$3.873,80","COP","25/09/2020","25/09/2020"
"$3.863,60","COP","24/09/2020","24/09/2020"
"$3.813,30","COP","23/09/2020","23/09/2020"
"$3.790,54","COP","22/09/2020","22/09/2020"
"$3.725,37","COP","19/09/2020","21/09/2020"
"$3.714,65","COP","18/09/2020","18/09/2020"
"$3.703,86","COP","17/09/2020","17/09/2020"
"$3.683,49","COP","16/09/2020","16/09/2020"
"$3.697,00","COP","15/09/2020","15/09/2020"
"$3.709,00","COP","12/09/2020","14/09/2020"
"$3.700,28","COP","11/09/2020","11/09/2020"
"$3.717,25","COP","10/09/2020","10/09/2020"
"$3.757,21","COP","09/09/2020","09/09/2020"
"$3.702,62","COP","05/09/2020","08/09/2020"
"$3.653,23","COP","04/09/2020","04/09/2020"
"$3.653,70","COP","03/09/2020","03/09/2020"
"$3.683,28","COP","02/09/2020","02/09/2020"
"$3.745,41","COP","01/09/2020","01/09/2020"
"$3.760,38","COP","29/08/2020","31/08/2020"
"$3.820,17","COP","28/08/2020","28/08/2020"
"$3.846,64","COP","27/08/2020","27/08/2020"
"$3.867,32","COP","26/08/2020","26/08/2020"
"$3.843,69","COP","25/08/2020","25/08/2020"
"$3.827,27","COP","22/08/2020","24/08/2020"
"$3.792,13","COP","21/08/2020","21/08/2020"
"$3.766,73","COP","20/08/2020","20/08/2020"
"$3.784,15","COP","19/08/2020","19/08/2020"
"$3.783,15","COP","15/08/2020","18/08/2020"
"$3.767,05","COP","14/08/2020","14/08/2020"
"$3.755,61","COP","13/08/2020","13/08/2020"
"$3.749,30","COP","12/08/2020","12/08/2020"
"$3.770,22","COP","11/08/2020","11/08/2020"
"$3.769,67","COP","07/08/2020","10/08/2020"
"$3.775,95","COP","06/08/2020","06/08/2020"
"$3.792,98","COP","05/08/2020","05/08/2020"
"$3.768,39","COP","04/08/2020","04/08/2020"
"$3.733,08","COP","01/08/2020","03/08/2020"
"$3.739,49","COP","31/07/2020","31/07/2020"
"$3.716,89","COP","30/07/2020","30/07/2020"
"$3.718,69","COP","29/07/2020","29/07/2020"
"$3.679,17","COP","28/07/2020","28/07/2020"
"$3.690,80","COP","25/07/2020","27/07/2020"
"$3.660,15","COP","24/07/2020","24/07/2020"
"$3.627,28","COP","23/07/2020","23/07/2020"
"$3.628,20","COP","22/07/2020","22/07/2020"
"$3.651,93","COP","18/07/2020","21/07/2020"
"$3.627,86","COP","17/07/2020","17/07/2020"
"$3.611,61","COP","16/07/2020","16/07/2020"
"$3.638,22","COP","15/07/2020","15/07/2020"
"$3.617,22","COP","14/07/2020","14/07/2020"
"$3.615,75","COP","11/07/2020","13/07/2020"
"$3.633,42","COP","10/07/2020","10/07/2020"
"$3.625,61","COP","09/07/2020","09/07/2020"
"$3.631,54","COP","08/07/2020","08/07/2020"
"$3.633,32","COP","07/07/2020","07/07/2020"
"$3.645,90","COP","04/07/2020","06/07/2020"
"$3.660,18","COP","03/07/2020","03/07/2020"
"$3.723,67","COP","02/07/2020","02/07/2020"
"$3.756,28","COP","01/07/2020","01/07/2020"
"$3.758,91","COP","27/06/2020","30/06/2020"
"$3.735,93","COP","26/06/2020","26/06/2020"
"$3.722,27","COP","25/06/2020","25/06/2020"
"$3.706,06","COP","24/06/2020","24/06/2020"
"$3.733,27","COP","20/06/2020","23/06/2020"
"$3.760,22","COP","19/06/2020","19/06/2020"
"$3.749,03","COP","18/06/2020","18/06/2020"
"$3.741,88","COP","17/06/2020","17/06/2020"
"$3.758,15","COP","13/06/2020","16/06/2020"
"$3.746,46","COP","12/06/2020","12/06/2020"
"$3.674,81","COP","11/06/2020","11/06/2020"
"$3.643,02","COP","10/06/2020","10/06/2020"
"$3.599,00","COP","09/06/2020","09/06/2020"
"$3.565,06","COP","06/06/2020","08/06/2020"
"$3.597,47","COP","05/06/2020","05/06/2020"
"$3.588,89","COP","04/06/2020","04/06/2020"
"$3.651,42","COP","03/06/2020","03/06/2020"
"$3.716,35","COP","02/06/2020","02/06/2020"
"$3.718,82","COP","30/05/2020","01/06/2020"
"$3.723,42","COP","29/05/2020","29/05/2020"
"$3.743,79","COP","28/05/2020","28/05/2020"
"$3.725,56","COP","27/05/2020","27/05/2020"
"$3.782,66","COP","23/05/2020","26/05/2020"
"$3.774,25","COP","22/05/2020","22/05/2020"
"$3.804,12","COP","21/05/2020","21/05/2020"
"$3.824,30","COP","20/05/2020","20/05/2020"
"$3.851,07","COP","19/05/2020","19/05/2020"
"$3.926,06","COP","16/05/2020","18/05/2020"
"$3.947,79","COP","15/05/2020","15/05/2020"
"$3.901,30","COP","14/05/2020","14/05/2020"
"$3.880,48","COP","13/05/2020","13/05/2020"
"$3.901,34","COP","12/05/2020","12/05/2020"
"$3.882,27","COP","09/05/2020","11/05/2020"
"$3.924,54","COP","08/05/2020","08/05/2020"
"$3.961,66","COP","07/05/2020","07/05/2020"
"$3.926,07","COP","06/05/2020","06/05/2020"
"$3.990,10","COP","05/05/2020","05/05/2020"
"$3.932,72","COP","01/05/2020","04/05/2020"
"$3.983,29","COP","30/04/2020","30/04/2020"
"$4.046,04","COP","29/04/2020","29/04/2020"
"$4.039,83","COP","28/04/2020","28/04/2020"
"$4.039,87","COP","25/04/2020","27/04/2020"
"$4.020,94","COP","24/04/2020","24/04/2020"
"$4.037,95","COP","23/04/2020","23/04/2020"
"$4.045,01","COP","22/04/2020","22/04/2020"
"$3.967,76","COP","21/04/2020","21/04/2020"
"$3.973,06","COP","18/04/2020","20/04/2020"
"$3.942,92","COP","17/04/2020","17/04/2020"
"$3.920,83","COP","16/04/2020","16/04/2020"
"$3.858,21","COP","15/04/2020","15/04/2020"
"$3.870,31","COP","14/04/2020","14/04/2020"
"$3.886,79","COP","09/04/2020","13/04/2020"
"$3.910,15","COP","08/04/2020","08/04/2020"
"$3.978,38","COP","07/04/2020","07/04/2020"
"$4.008,78","COP","04/04/2020","06/04/2020"
"$4.065,50","COP","03/04/2020","03/04/2020"
"$4.081,06","COP","02/04/2020","02/04/2020"
"$4.054,54","COP","01/04/2020","01/04/2020"
"$4.064,81","COP","31/03/2020","31/03/2020"
"$4.042,80","COP","28/03/2020","30/03/2020"
"$3.995,83","COP","27/03/2020","27/03/2020"
"$4.086,34","COP","26/03/2020","26/03/2020"
"$4.104,90","COP","25/03/2020","25/03/2020"
"$4.079,96","COP","21/03/2020","24/03/2020"
"$4.153,91","COP","20/03/2020","20/03/2020"
"$4.128,38","COP","19/03/2020","19/03/2020"
"$4.044,55","COP","18/03/2020","18/03/2020"
"$4.099,93","COP","17/03/2020","17/03/2020"
"$3.941,92","COP","14/03/2020","16/03/2020"
"$4.034,66","COP","13/03/2020","13/03/2020"
"$3.835,15","COP","12/03/2020","12/03/2020"
"$3.780,39","COP","11/03/2020","11/03/2020"
"$3.803,60","COP","10/03/2020","10/03/2020"
"$3.584,58","COP","07/03/2020","09/03/2020"
"$3.522,41","COP","06/03/2020","06/03/2020"
"$3.458,45","COP","05/03/2020","05/03/2020"
"$3.455,56","COP","04/03/2020","04/03/2020"
"$3.512,17","COP","03/03/2020","03/03/2020"
"$3.539,86","COP","29/02/2020","02/03/2020"
"$3.507,11","COP","28/02/2020","28/02/2020"
"$3.441,88","COP","27/02/2020","27/02/2020"
"$3.425,22","COP","26/02/2020","26/02/2020"
"$3.431,60","COP","25/02/2020","25/02/2020"
"$3.398,05","COP","22/02/2020","24/02/2020"
"$3.403,50","COP","21/02/2020","21/02/2020"
"$3.400,98","COP","20/02/2020","20/02/2020"
"$3.410,24","COP","19/02/2020","19/02/2020"
"$3.378,29","COP","15/02/2020","18/02/2020"
"$3.385,11","COP","14/02/2020","14/02/2020"
"$3.394,80","COP","13/02/2020","13/02/2020"
"$3.432,89","COP","12/02/2020","12/02/2020"
"$3.440,96","COP","11/02/2020","11/02/2020"
"$3.408,35","COP","08/02/2020","10/02/2020"
"$3.378,43","COP","07/02/2020","07/02/2020"
"$3.355,44","COP","06/02/2020","06/02/2020"
"$3.368,87","COP","05/02/2020","05/02/2020"
"$3.401,56","COP","04/02/2020","04/02/2020"
"$3.423,24","COP","01/02/2020","03/02/2020"
"$3.411,45","COP","31/01/2020","31/01/2020"
"$3.395,10","COP","30/01/2020","30/01/2020"
"$3.392,60","COP","29/01/2020","29/01/2020"
"$3.398,40","COP","28/01/2020","28/01/2020"
"$3.366,01","COP","25/01/2020","27/01/2020"
"$3.353,76","COP","24/01/2020","24/01/2020"
"$3.337,77","COP","23/01/2020","23/01/2020"
"$3.347,91","COP","22/01/2020","22/01/2020"
"$3.320,77","COP","18/01/2020","21/01/2020"
"$3.313,40","COP","17/01/2020","17/01/2020"
"$3.296,74","COP","16/01/2020","16/01/2020"
"$3.278,83","COP","15/01/2020","15/01/2020"
"$3.288,05","COP","14/01/2020","14/01/2020"
"$3.272,62","COP","11/01/2020","13/01/2020"
"$3.253,89","COP","10/01/2020","10/01/2020"
"$3.254,42","COP","09/01/2020","09/01/2020"
"$3.264,26","COP","08/01/2020","08/01/2020"
"$3.262,05","COP","04/01/2020","07/01/2020"
"$3.258,84","COP","03/01/2020","03/01/2020"
"$3.277,14","COP","31/12/2019","02/01/2020"
"$3.294,05","COP","28/12/2019","30/12/2019"
"$3.281,40","COP","27/12/2019","27/12/2019"
"$3.305,84","COP","25/12/2019","26/12/2019"
"$3.316,92","COP","24/12/2019","24/12/2019"
"$3.325,47","COP","21/12/2019","23/12/2019"
"$3.322,38","COP","20/12/2019","20/12/2019"
"$3.329,98","COP","19/12/2019","19/12/2019"
"$3.347,86","COP","18/12/2019","18/12/2019"
"$3.364,24","COP","17/12/2019","17/12/2019"
"$3.374,29","COP","14/12/2019","16/12/2019"
"$3.372,23","COP","13/12/2019","13/12/2019"
"$3.387,73","COP","12/12/2019","12/12/2019"
"$3.418,61","COP","11/12/2019","11/12/2019"
"$3.418,48","COP","10/12/2019","10/12/2019"
"$3.430,31","COP","07/12/2019","09/12/2019"
"$3.459,97","COP","06/12/2019","06/12/2019"
"$3.478,57","COP","05/12/2019","05/12/2019"
"$3.506,67","COP","04/12/2019","04/12/2019"
"$3.508,39","COP","03/12/2019","03/12/2019"
"$3.522,48","COP","30/11/2019","02/12/2019"
"$3.502,92","COP","28/11/2019","29/11/2019"
"$3.469,01","COP","27/11/2019","27/11/2019"
"$3.433,94","COP","26/11/2019","26/11/2019"
"$3.410,77","COP","23/11/2019","25/11/2019"
"$3.440,66","COP","22/11/2019","22/11/2019"
"$3.445,95","COP","21/11/2019","21/11/2019"
"$3.434,49","COP","20/11/2019","20/11/2019"
"$3.447,74","COP","19/11/2019","19/11/2019"
"$3.421,26","COP","16/11/2019","18/11/2019"
"$3.452,67","COP","15/11/2019","15/11/2019"
"$3.441,89","COP","14/11/2019","14/11/2019"
"$3.384,21","COP","13/11/2019","13/11/2019"
"$3.341,01","COP","09/11/2019","12/11/2019"
"$3.327,02","COP","08/11/2019","08/11/2019"
"$3.319,64","COP","07/11/2019","07/11/2019"
"$3.318,47","COP","06/11/2019","06/11/2019"
"$3.339,19","COP","02/11/2019","05/11/2019"
"$3.383,29","COP","01/11/2019","01/11/2019"
"$3.389,94","COP","31/10/2019","31/10/2019"
"$3.380,90","COP","30/10/2019","30/10/2019"
"$3.382,19","COP","29/10/2019","29/10/2019"
"$3.395,25","COP","26/10/2019","28/10/2019"
"$3.387,72","COP","25/10/2019","25/10/2019"
"$3.409,29","COP","24/10/2019","24/10/2019"
"$3.430,30","COP","23/10/2019","23/10/2019"
"$3.442,78","COP","22/10/2019","22/10/2019"
"$3.428,63","COP","19/10/2019","21/10/2019"
"$3.465,35","COP","18/10/2019","18/10/2019"
"$3.459,55","COP","17/10/2019","17/10/2019"
"$3.451,33","COP","16/10/2019","16/10/2019"
"$3.431,46","COP","12/10/2019","15/10/2019"
"$3.458,42","COP","11/10/2019","11/10/2019"
"$3.454,56","COP","10/10/2019","10/10/2019"
"$3.452,57","COP","09/10/2019","09/10/2019"
"$3.445,76","COP","08/10/2019","08/10/2019"
"$3.430,28","COP","05/10/2019","07/10/2019"
"$3.467,60","COP","04/10/2019","04/10/2019"
"$3.497,34","COP","03/10/2019","03/10/2019"
"$3.491,29","COP","02/10/2019","02/10/2019"
"$3.477,45","COP","01/10/2019","01/10/2019"
"$3.462,01","COP","28/09/2019","30/09/2019"
"$3.435,71","COP","27/09/2019","27/09/2019"
"$3.451,02","COP","26/09/2019","26/09/2019"
"$3.438,66","COP","25/09/2019","25/09/2019"
"$3.437,78","COP","24/09/2019","24/09/2019"
"$3.402,32","COP","21/09/2019","23/09/2019"
"$3.377,72","COP","20/09/2019","20/09/2019"
"$3.377,79","COP","19/09/2019","19/09/2019"
"$3.380,92","COP","18/09/2019","18/09/2019"
"$3.364,43","COP","17/09/2019","17/09/2019"
"$3.356,15","COP","14/09/2019","16/09/2019"
"$3.359,20","COP","13/09/2019","13/09/2019"
"$3.372,48","COP","12/09/2019","12/09/2019"
"$3.373,75","COP","11/09/2019","11/09/2019"
"$3.368,80","COP","10/09/2019","10/09/2019"
"$3.361,70","COP","07/09/2019","09/09/2019"
"$3.377,39","COP","06/09/2019","06/09/2019"
"$3.401,04","COP","05/09/2019","05/09/2019"
"$3.438,61","COP","04/09/2019","04/09/2019"
"$3.427,29","COP","31/08/2019","03/09/2019"
"$3.464,15","COP","30/08/2019","30/08/2019"
"$3.477,53","COP","29/08/2019","29/08/2019"
"$3.457,89","COP","28/08/2019","28/08/2019"
"$3.432,85","COP","27/08/2019","27/08/2019"
"$3.399,95","COP","24/08/2019","26/08/2019"
"$3.376,99","COP","23/08/2019","23/08/2019"
"$3.385,28","COP","22/08/2019","22/08/2019"
"$3.420,99","COP","21/08/2019","21/08/2019"
"$3.441,40","COP","17/08/2019","20/08/2019"
"$3.447,76","COP","16/08/2019","16/08/2019"
"$3.449,27","COP","15/08/2019","15/08/2019"
"$3.407,76","COP","14/08/2019","14/08/2019"
"$3.436,26","COP","13/08/2019","13/08/2019"
"$3.382,71","COP","10/08/2019","12/08/2019"
"$3.394,61","COP","09/08/2019","09/08/2019"
"$3.431,28","COP","07/08/2019","08/08/2019"
"$3.459,47","COP","06/08/2019","06/08/2019"
"$3.365,78","COP","03/08/2019","05/08/2019"
"$3.329,23","COP","02/08/2019","02/08/2019"
"$3.291,79","COP","01/08/2019","01/08/2019"
"$3.296,85","COP","31/07/2019","31/07/2019"
"$3.262,81","COP","30/07/2019","30/07/2019"
"$3.233,26","COP","27/07/2019","29/07/2019"
"$3.213,09","COP","26/07/2019","26/07/2019"
"$3.194,67","COP","25/07/2019","25/07/2019"
"$3.188,01","COP","24/07/2019","24/07/2019"
"$3.177,76","COP","23/07/2019","23/07/2019"
"$3.169,51","COP","20/07/2019","22/07/2019"
"$3.183,01","COP","19/07/2019","19/07/2019"
"$3.189,21","COP","18/07/2019","18/07/2019"
"$3.199,72","COP","17/07/2019","17/07/2019"
"$3.190,66","COP","16/07/2019","16/07/2019"
"$3.190,33","COP","13/07/2019","15/07/2019"
"$3.197,50","COP","12/07/2019","12/07/2019"
"$3.212,91","COP","11/07/2019","11/07/2019"
"$3.223,67","COP","10/07/2019","10/07/2019"
"$3.207,66","COP","09/07/2019","09/07/2019"
"$3.217,18","COP","06/07/2019","08/07/2019"
"$3.206,92","COP","04/07/2019","05/07/2019"
"$3.211,06","COP","03/07/2019","03/07/2019"
"$3.205,67","COP","29/06/2019","02/07/2019"
"$3.197,23","COP","28/06/2019","28/06/2019"
"$3.177,94","COP","27/06/2019","27/06/2019"
"$3.187,15","COP","26/06/2019","26/06/2019"
"$3.191,17","COP","22/06/2019","25/06/2019"
"$3.202,01","COP","21/06/2019","21/06/2019"
"$3.248,91","COP","20/06/2019","20/06/2019"
"$3.264,98","COP","19/06/2019","19/06/2019"
"$3.286,63","COP","18/06/2019","18/06/2019"
"$3.270,70","COP","15/06/2019","17/06/2019"
"$3.266,72","COP","14/06/2019","14/06/2019"
"$3.264,47","COP","13/06/2019","13/06/2019"
"$3.249,56","COP","12/06/2019","12/06/2019"
"$3.257,06","COP","11/06/2019","11/06/2019"
"$3.274,72","COP","08/06/2019","10/06/2019"
"$3.288,69","COP","07/06/2019","07/06/2019"
"$3.296,87","COP","06/06/2019","06/06/2019"
"$3.306,37","COP","05/06/2019","05/06/2019"
"$3.377,16","COP","01/06/2019","04/06/2019"
"$3.357,82","COP","31/05/2019","31/05/2019"
"$3.375,29","COP","30/05/2019","30/05/2019"
"$3.362,48","COP","29/05/2019","29/05/2019"
"$3.358,84","COP","25/05/2019","28/05/2019"
"$3.368,76","COP","24/05/2019","24/05/2019"
"$3.340,96","COP","23/05/2019","23/05/2019"
"$3.344,45","COP","22/05/2019","22/05/2019"
"$3.342,21","COP","21/05/2019","21/05/2019"
"$3.313,72","COP","18/05/2019","20/05/2019"
"$3.290,27","COP","17/05/2019","17/05/2019"
"$3.295,51","COP","16/05/2019","16/05/2019"
"$3.285,14","COP","15/05/2019","15/05/2019"
"$3.299,01","COP","14/05/2019","14/05/2019"
"$3.274,30","COP","11/05/2019","13/05/2019"
"$3.293,62","COP","10/05/2019","10/05/2019"
"$3.290,12","COP","09/05/2019","09/05/2019"
"$3.288,81","COP","08/05/2019","08/05/2019"
"$3.254,03","COP","07/05/2019","07/05/2019"
"$3.240,44","COP","04/05/2019","06/05/2019"
"$3.262,17","COP","03/05/2019","03/05/2019"
"$3.233,97","COP","01/05/2019","02/05/2019"
"$3.247,72","COP","30/04/2019","30/04/2019"
"$3.227,79","COP","27/04/2019","29/04/2019"
"$3.237,98","COP","26/04/2019","26/04/2019"
"$3.213,23","COP","25/04/2019","25/04/2019"
"$3.177,94","COP","24/04/2019","24/04/2019"
"$3.149,99","COP","23/04/2019","23/04/2019"
"$3.160,48","COP","18/04/2019","22/04/2019"
"$3.160,87","COP","17/04/2019","17/04/2019"
"$3.136,69","COP","16/04/2019","16/04/2019"
"$3.109,32","COP","13/04/2019","15/04/2019"
"$3.113,91","COP","12/04/2019","12/04/2019"
"$3.095,66","COP","11/04/2019","11/04/2019"
"$3.105,20","COP","10/04/2019","10/04/2019"
"$3.115,22","COP","09/04/2019","09/04/2019"
"$3.126,20","COP","06/04/2019","08/04/2019"
"$3.132,78","COP","05/04/2019","05/04/2019"
"$3.128,47","COP","04/04/2019","04/04/2019"
"$3.143,36","COP","03/04/2019","03/04/2019"
"$3.146,81","COP","02/04/2019","02/04/2019"
"$3.174,79","COP","30/03/2019","01/04/2019"
"$3.190,94","COP","29/03/2019","29/03/2019"
"$3.186,43","COP","28/03/2019","28/03/2019"
"$3.145,55","COP","27/03/2019","27/03/2019"
"$3.126,19","COP","23/03/2019","26/03/2019"
"$3.082,45","COP","22/03/2019","22/03/2019"
"$3.092,39","COP","21/03/2019","21/03/2019"
"$3.095,39","COP","20/03/2019","20/03/2019"
"$3.102,25","COP","19/03/2019","19/03/2019"
"$3.123,28","COP","16/03/2019","18/03/2019"
"$3.144,42","COP","15/03/2019","15/03/2019"
"$3.145,53","COP","14/03/2019","14/03/2019"
"$3.153,20","COP","13/03/2019","13/03/2019"
"$3.168,35","COP","12/03/2019","12/03/2019"
"$3.162,40","COP","09/03/2019","11/03/2019"
"$3.120,04","COP","08/03/2019","08/03/2019"
"$3.106,16","COP","07/03/2019","07/03/2019"
"$3.099,12","COP","06/03/2019","06/03/2019"
"$3.093,79","COP","05/03/2019","05/03/2019"
"$3.091,49","COP","02/03/2019","04/03/2019"
"$3.077,35","COP","01/03/2019","01/03/2019"
"$3.072,01","COP","28/02/2019","28/02/2019"
"$3.095,29","COP","27/02/2019","27/02/2019"
"$3.101,41","COP","26/02/2019","26/02/2019"
"$3.110,29","COP","23/02/2019","25/02/2019"
"$3.119,42","COP","22/02/2019","22/02/2019"
"$3.112,18","COP","21/02/2019","21/02/2019"
"$3.118,36","COP","20/02/2019","20/02/2019"
"$3.141,40","COP","16/02/2019","19/02/2019"
"$3.155,27","COP","15/02/2019","15/02/2019"
"$3.135,56","COP","14/02/2019","14/02/2019"
"$3.131,10","COP","13/02/2019","13/02/2019"
"$3.132,61","COP","12/02/2019","12/02/2019"
"$3.115,94","COP","09/02/2019","11/02/2019"
"$3.110,46","COP","08/02/2019","08/02/2019"
"$3.108,54","COP","07/02/2019","07/02/2019"
"$3.094,05","COP","06/02/2019","06/02/2019"
"$3.089,40","COP","05/02/2019","05/02/2019"
"$3.102,61","COP","02/02/2019","04/02/2019"
"$3.115,70","COP","01/02/2019","01/02/2019"
"$3.163,46","COP","31/01/2019","31/01/2019"
"$3.157,52","COP","30/01/2019","30/01/2019"
"$3.167,86","COP","29/01/2019","29/01/2019"
"$3.150,58","COP","26/01/2019","28/01/2019"
"$3.160,52","COP","25/01/2019","25/01/2019"
"$3.146,14","COP","24/01/2019","24/01/2019"
"$3.136,59","COP","23/01/2019","23/01/2019"
"$3.120,56","COP","19/01/2019","22/01/2019"
"$3.140,19","COP","18/01/2019","18/01/2019"
"$3.124,96","COP","17/01/2019","17/01/2019"
"$3.137,66","COP","16/01/2019","16/01/2019"
"$3.143,22","COP","15/01/2019","15/01/2019"
"$3.151,49","COP","12/01/2019","14/01/2019"
"$3.136,49","COP","11/01/2019","11/01/2019"
"$3.128,07","COP","10/01/2019","10/01/2019"
"$3.164,75","COP","09/01/2019","09/01/2019"
"$3.208,56","COP","05/01/2019","08/01/2019"
"$3.241,20","COP","04/01/2019","04/01/2019"
"$3.250,01","COP","03/01/2019","03/01/2019"
"$3.249,75","COP","29/12/2018","02/01/2019"
"$3.275,01","COP","28/12/2018","28/12/2018"
"$3.289,69","COP","27/12/2018","27/12/2018"
"$3.285,51","COP","25/12/2018","26/12/2018"
"$3.285,34","COP","22/12/2018","24/12/2018"
"$3.246,86","COP","21/12/2018","21/12/2018"
"$3.216,55","COP","20/12/2018","20/12/2018"
"$3.198,45","COP","19/12/2018","19/12/2018"
"$3.188,66","COP","18/12/2018","18/12/2018"
"$3.196,30","COP","15/12/2018","17/12/2018"
"$3.178,40","COP","14/12/2018","14/12/2018"
"$3.169,36","COP","13/12/2018","13/12/2018"
"$3.184,70","COP","12/12/2018","12/12/2018"
"$3.176,12","COP","11/12/2018","11/12/2018"
"$3.153,29","COP","08/12/2018","10/12/2018"
"$3.187,86","COP","07/12/2018","07/12/2018"
"$3.162,29","COP","06/12/2018","06/12/2018"
"$3.174,11","COP","05/12/2018","05/12/2018"
"$3.196,15","COP","04/12/2018","04/12/2018"
"$3.235,27","COP","01/12/2018","03/12/2018"
"$3.240,02","COP","30/11/2018","30/11/2018"
"$3.274,47","COP","29/11/2018","29/11/2018"
"$3.250,56","COP","28/11/2018","28/11/2018"
"$3.240,65","COP","27/11/2018","27/11/2018"
"$3.223,95","COP","24/11/2018","26/11/2018"
"$3.196,26","COP","22/11/2018","23/11/2018"
"$3.189,51","COP","21/11/2018","21/11/2018"
"$3.178,81","COP","20/11/2018","20/11/2018"
"$3.173,59","COP","17/11/2018","19/11/2018"
"$3.198,29","COP","16/11/2018","16/11/2018"
"$3.194,70","COP","15/11/2018","15/11/2018"
"$3.197,20","COP","14/11/2018","14/11/2018"
"$3.176,89","COP","10/11/2018","13/11/2018"
"$3.145,39","COP","09/11/2018","09/11/2018"
"$3.140,25","COP","08/11/2018","08/11/2018"
"$3.154,55","COP","07/11/2018","07/11/2018"
"$3.177,57","COP","03/11/2018","06/11/2018"
"$3.193,80","COP","02/11/2018","02/11/2018"
"$3.219,85","COP","01/11/2018","01/11/2018"
"$3.202,44","COP","31/10/2018","31/10/2018"
"$3.188,69","COP","30/10/2018","30/10/2018"
"$3.185,26","COP","27/10/2018","29/10/2018"
"$3.167,18","COP","26/10/2018","26/10/2018"
"$3.149,70","COP","25/10/2018","25/10/2018"
"$3.110,20","COP","24/10/2018","24/10/2018"
"$3.087,58","COP","23/10/2018","23/10/2018"
"$3.079,88","COP","20/10/2018","22/10/2018"
"$3.088,47","COP","19/10/2018","19/10/2018"
"$3.056,37","COP","18/10/2018","18/10/2018"
"$3.055,93","COP","17/10/2018","17/10/2018"
"$3.088,78","COP","13/10/2018","16/10/2018"
"$3.087,34","COP","12/10/2018","12/10/2018"
"$3.090,30","COP","11/10/2018","11/10/2018"
"$3.057,55","COP","10/10/2018","10/10/2018"
"$3.031,31","COP","06/10/2018","09/10/2018"
"$3.028,16","COP","05/10/2018","05/10/2018"
"$3.012,65","COP","04/10/2018","04/10/2018"
"$3.005,50","COP","03/10/2018","03/10/2018"
"$2.993,74","COP","02/10/2018","02/10/2018"
"$2.972,18","COP","29/09/2018","01/10/2018"
"$2.989,58","COP","28/09/2018","28/09/2018"
"$3.000,14","COP","27/09/2018","27/09/2018"
"$3.001,88","COP","26/09/2018","26/09/2018"
"$2.991,90","COP","25/09/2018","25/09/2018"
"$3.006,96","COP","22/09/2018","24/09/2018"
"$3.014,18","COP","21/09/2018","21/09/2018"
"$3.018,63","COP","20/09/2018","20/09/2018"
"$3.007,03","COP","19/09/2018","19/09/2018"
"$3.013,38","COP","18/09/2018","18/09/2018"
"$3.026,05","COP","15/09/2018","17/09/2018"
"$3.019,38","COP","14/09/2018","14/09/2018"
"$3.055,01","COP","13/09/2018","13/09/2018"
"$3.087,73","COP","12/09/2018","12/09/2018"
"$3.069,49","COP","11/09/2018","11/09/2018"
"$3.070,15","COP","08/09/2018","10/09/2018"
"$3.089,47","COP","07/09/2018","07/09/2018"
"$3.100,37","COP","06/09/2018","06/09/2018"
"$3.088,47","COP","05/09/2018","05/09/2018"
"$3.053,14","COP","01/09/2018","04/09/2018"
"$3.027,39","COP","31/08/2018","31/08/2018"
"$2.999,57","COP","30/08/2018","30/08/2018"
"$2.966,00","COP","29/08/2018","29/08/2018"
"$2.934,31","COP","28/08/2018","28/08/2018"
"$2.958,45","COP","25/08/2018","27/08/2018"
"$2.980,64","COP","24/08/2018","24/08/2018"
"$2.965,45","COP","23/08/2018","23/08/2018"
"$2.990,78","COP","22/08/2018","22/08/2018"
"$3.024,02","COP","18/08/2018","21/08/2018"
"$3.019,55","COP","17/08/2018","17/08/2018"
"$3.046,76","COP","16/08/2018","16/08/2018"
"$3.002,66","COP","15/08/2018","15/08/2018"
"$2.983,93","COP","14/08/2018","14/08/2018"
"$2.940,95","COP","11/08/2018","13/08/2018"
"$2.919,44","COP","10/08/2018","10/08/2018"
"$2.908,90","COP","09/08/2018","09/08/2018"
"$2.898,86","COP","07/08/2018","08/08/2018"
"$2.898,99","COP","04/08/2018","06/08/2018"
"$2.904,90","COP","03/08/2018","03/08/2018"
"$2.892,62","COP","02/08/2018","02/08/2018"
"$2.886,80","COP","01/08/2018","01/08/2018"
"$2.875,72","COP","31/07/2018","31/07/2018"
"$2.880,79","COP","28/07/2018","30/07/2018"
"$2.886,21","COP","27/07/2018","27/07/2018"
"$2.882,84","COP","26/07/2018","26/07/2018"
"$2.898,36","COP","25/07/2018","25/07/2018"
"$2.897,73","COP","24/07/2018","24/07/2018"
"$2.883,81","COP","20/07/2018","23/07/2018"
"$2.876,93","COP","19/07/2018","19/07/2018"
"$2.878,28","COP","18/07/2018","18/07/2018"
"$2.868,96","COP","17/07/2018","17/07/2018"
"$2.861,70","COP","14/07/2018","16/07/2018"
"$2.882,02","COP","13/07/2018","13/07/2018"
"$2.880,10","COP","12/07/2018","12/07/2018"
"$2.872,62","COP","11/07/2018","11/07/2018"
"$2.881,09","COP","10/07/2018","10/07/2018"
"$2.867,94","COP","07/07/2018","09/07/2018"
"$2.885,53","COP","06/07/2018","06/07/2018"
"$2.909,83","COP","04/07/2018","05/07/2018"
"$2.930,80","COP","30/06/2018","03/07/2018"
"$2.945,09","COP","29/06/2018","29/06/2018"
"$2.934,91","COP","28/06/2018","28/06/2018"
"$2.924,10","COP","27/06/2018","27/06/2018"
"$2.927,67","COP","26/06/2018","26/06/2018"
"$2.918,22","COP","23/06/2018","25/06/2018"
"$2.944,82","COP","22/06/2018","22/06/2018"
"$2.916,49","COP","21/06/2018","21/06/2018"
"$2.931,78","COP","20/06/2018","20/06/2018"
"$2.919,14","COP","19/06/2018","19/06/2018"
"$2.890,06","COP","16/06/2018","18/06/2018"
"$2.859,78","COP","15/06/2018","15/06/2018"
"$2.859,17","COP","14/06/2018","14/06/2018"
"$2.857,11","COP","13/06/2018","13/06/2018"
"$2.855,80","COP","09/06/2018","12/06/2018"
"$2.835,78","COP","08/06/2018","08/06/2018"
"$2.828,42","COP","07/06/2018","07/06/2018"
"$2.865,37","COP","06/06/2018","06/06/2018"
"$2.868,22","COP","02/06/2018","05/06/2018"
"$2.889,32","COP","01/06/2018","01/06/2018"
"$2.879,32","COP","31/05/2018","31/05/2018"
"$2.893,82","COP","30/05/2018","30/05/2018"
"$2.887,16","COP","26/05/2018","29/05/2018"
"$2.863,12","COP","25/05/2018","25/05/2018"
"$2.863,24","COP","24/05/2018","24/05/2018"
"$2.851,42","COP","23/05/2018","23/05/2018"
"$2.897,37","COP","22/05/2018","22/05/2018"
"$2.925,67","COP","19/05/2018","21/05/2018"
"$2.886,23","COP","18/05/2018","18/05/2018"
"$2.865,37","COP","17/05/2018","17/05/2018"
"$2.889,87","COP","16/05/2018","16/05/2018"
"$2.824,05","COP","12/05/2018","15/05/2018"
"$2.822,37","COP","11/05/2018","11/05/2018"
"$2.859,51","COP","10/05/2018","10/05/2018"
"$2.866,00","COP","09/05/2018","09/05/2018"
"$2.817,20","COP","08/05/2018","08/05/2018"
"$2.843,41","COP","05/05/2018","07/05/2018"
"$2.857,85","COP","04/05/2018","04/05/2018"
"$2.831,99","COP","03/05/2018","03/05/2018"
"$2.809,92","COP","01/05/2018","02/05/2018"
"$2.806,28","COP","28/04/2018","30/04/2018"
"$2.812,83","COP","27/04/2018","27/04/2018"
"$2.820,29","COP","26/04/2018","26/04/2018"
"$2.785,22","COP","25/04/2018","25/04/2018"
"$2.799,45","COP","24/04/2018","24/04/2018"
"$2.757,96","COP","21/04/2018","23/04/2018"
"$2.724,47","COP","20/04/2018","20/04/2018"
"$2.705,64","COP","19/04/2018","19/04/2018"
"$2.725,66","COP","18/04/2018","18/04/2018"
"$2.726,47","COP","17/04/2018","17/04/2018"
"$2.705,34","COP","14/04/2018","16/04/2018"
"$2.710,03","COP","13/04/2018","13/04/2018"
"$2.733,24","COP","12/04/2018","12/04/2018"
"$2.767,82","COP","11/04/2018","11/04/2018"
"$2.781,95","COP","10/04/2018","10/04/2018"
"$2.791,88","COP","07/04/2018","09/04/2018"
"$2.787,36","COP","06/04/2018","06/04/2018"
"$2.791,57","COP","05/04/2018","05/04/2018"
"$2.778,27","COP","04/04/2018","04/04/2018"
"$2.792,96","COP","03/04/2018","03/04/2018"
"$2.780,47","COP","29/03/2018","02/04/2018"
"$2.780,04","COP","28/03/2018","28/03/2018"
"$2.816,33","COP","27/03/2018","27/03/2018"
"$2.849,01","COP","24/03/2018","26/03/2018"
"$2.857,88","COP","23/03/2018","23/03/2018"
"$2.850,69","COP","22/03/2018","22/03/2018"
"$2.866,92","COP","21/03/2018","21/03/2018"
"$2.852,48","COP","17/03/2018","20/03/2018"
"$2.850,04","COP","16/03/2018","16/03/2018"
"$2.845,76","COP","15/03/2018","15/03/2018"
"$2.848,38","COP","14/03/2018","14/03/2018"
"$2.851,84","COP","13/03/2018","13/03/2018"
"$2.866,93","COP","10/03/2018","12/03/2018"
"$2.871,36","COP","09/03/2018","09/03/2018"
"$2.858,88","COP","08/03/2018","08/03/2018"
"$2.845,05","COP","07/03/2018","07/03/2018"
"$2.859,09","COP","06/03/2018","06/03/2018"
"$2.879,15","COP","03/03/2018","05/03/2018"
"$2.879,05","COP","02/03/2018","02/03/2018"
"$2.867,94","COP","01/03/2018","01/03/2018"
"$2.855,93","COP","28/02/2018","28/02/2018"
"$2.849,91","COP","27/02/2018","27/02/2018"
"$2.849,59","COP","24/02/2018","26/02/2018"
"$2.877,04","COP","23/02/2018","23/02/2018"
"$2.877,94","COP","22/02/2018","22/02/2018"
"$2.862,01","COP","21/02/2018","21/02/2018"
"$2.853,16","COP","17/02/2018","20/02/2018"
"$2.851,74","COP","16/02/2018","16/02/2018"
"$2.895,79","COP","15/02/2018","15/02/2018"
"$2.904,71","COP","14/02/2018","14/02/2018"
"$2.904,29","COP","13/02/2018","13/02/2018"
"$2.908,70","COP","10/02/2018","12/02/2018"
"$2.862,78","COP","09/02/2018","09/02/2018"
"$2.830,89","COP","08/02/2018","08/02/2018"
"$2.844,83","COP","07/02/2018","07/02/2018"
"$2.843,60","COP","06/02/2018","06/02/2018"
"$2.832,13","COP","03/02/2018","05/02/2018"
"$2.806,67","COP","02/02/2018","02/02/2018"
"$2.835,05","COP","01/02/2018","01/02/2018"
"$2.844,14","COP","31/01/2018","31/01/2018"
"$2.842,67","COP","30/01/2018","30/01/2018"
"$2.805,12","COP","27/01/2018","29/01/2018"
"$2.783,13","COP","26/01/2018","26/01/2018"
"$2.820,53","COP","25/01/2018","25/01/2018"
"$2.858,50","COP","24/01/2018","24/01/2018"
"$2.854,20","COP","23/01/2018","23/01/2018"
"$2.851,75","COP","20/01/2018","22/01/2018"
"$2.836,85","COP","19/01/2018","19/01/2018"
"$2.851,13","COP","18/01/2018","18/01/2018"
"$2.868,03","COP","17/01/2018","17/01/2018"
"$2.855,86","COP","13/01/2018","16/01/2018"
"$2.865,79","COP","12/01/2018","12/01/2018"
"$2.895,69","COP","11/01/2018","11/01/2018"
"$2.914,37","COP","10/01/2018","10/01/2018"
"$2.898,32","COP","06/01/2018","09/01/2018"
"$2.885,76","COP","05/01/2018","05/01/2018"
"$2.908,68","COP","04/01/2018","04/01/2018"
"$2.940,94","COP","03/01/2018","03/01/2018"
"$2.984,00","COP","29/12/2017","02/01/2018"
"$2.971,63","COP","28/12/2017","28/12/2017"
"$2.962,26","COP","27/12/2017","27/12/2017"
"$2.962,14","COP","23/12/2017","26/12/2017"
"$2.963,58","COP","22/12/2017","22/12/2017"
"$2.965,77","COP","21/12/2017","21/12/2017"
"$2.972,05","COP","20/12/2017","20/12/2017"
"$2.975,59","COP","19/12/2017","19/12/2017"
"$2.996,61","COP","16/12/2017","18/12/2017"
"$2.999,07","COP","15/12/2017","15/12/2017"
"$3.015,41","COP","14/12/2017","14/12/2017"
"$3.029,75","COP","13/12/2017","13/12/2017"
"$3.013,99","COP","12/12/2017","12/12/2017"
"$3.016,18","COP","08/12/2017","11/12/2017"
"$3.007,07","COP","07/12/2017","07/12/2017"
"$2.996,53","COP","06/12/2017","06/12/2017"
"$2.993,49","COP","05/12/2017","05/12/2017"
"$3.005,76","COP","02/12/2017","04/12/2017"
"$3.006,04","COP","01/12/2017","01/12/2017"
"$3.006,09","COP","30/11/2017","30/11/2017"
"$3.003,94","COP","29/11/2017","29/11/2017"
"$2.986,84","COP","28/11/2017","28/11/2017"
"$2.976,39","COP","25/11/2017","27/11/2017"
"$2.982,73","COP","23/11/2017","24/11/2017"
"$3.001,07","COP","22/11/2017","22/11/2017"
"$3.011,32","COP","21/11/2017","21/11/2017"
"$3.003,19","COP","18/11/2017","20/11/2017"
"$3.015,79","COP","17/11/2017","17/11/2017"
"$3.023,88","COP","16/11/2017","16/11/2017"
"$3.016,70","COP","15/11/2017","15/11/2017"
"$3.004,88","COP","11/11/2017","14/11/2017"
"$3.015,52","COP","10/11/2017","10/11/2017"
"$3.017,78","COP","09/11/2017","09/11/2017"
"$3.026,94","COP","08/11/2017","08/11/2017"
"$3.055,57","COP","04/11/2017","07/11/2017"
"$3.054,38","COP","03/11/2017","03/11/2017"
"$3.038,56","COP","02/11/2017","02/11/2017"
"$3.039,19","COP","01/11/2017","01/11/2017"
"$3.011,44","COP","31/10/2017","31/10/2017"
"$3.009,85","COP","28/10/2017","30/10/2017"
"$3.008,80","COP","27/10/2017","27/10/2017"
"$2.989,39","COP","26/10/2017","26/10/2017"
"$2.971,36","COP","25/10/2017","25/10/2017"
"$2.947,69","COP","24/10/2017","24/10/2017"
"$2.936,66","COP","21/10/2017","23/10/2017"
"$2.921,92","COP","20/10/2017","20/10/2017"
"$2.935,66","COP","19/10/2017","19/10/2017"
"$2.944,27","COP","18/10/2017","18/10/2017"
"$2.932,05","COP","14/10/2017","17/10/2017"
"$2.949,69","COP","13/10/2017","13/10/2017"
"$2.953,77","COP","12/10/2017","12/10/2017"
"$2.947,06","COP","11/10/2017","11/10/2017"
"$2.942,19","COP","07/10/2017","10/10/2017"
"$2.926,82","COP","06/10/2017","06/10/2017"
"$2.945,59","COP","05/10/2017","05/10/2017"
"$2.953,81","COP","04/10/2017","04/10/2017"
"$2.949,33","COP","03/10/2017","03/10/2017"
"$2.936,67","COP","30/09/2017","02/10/2017"
"$2.941,07","COP","29/09/2017","29/09/2017"
"$2.940,66","COP","28/09/2017","28/09/2017"
"$2.930,70","COP","27/09/2017","27/09/2017"
"$2.924,57","COP","26/09/2017","26/09/2017"
"$2.900,73","COP","23/09/2017","25/09/2017"
"$2.913,96","COP","22/09/2017","22/09/2017"
"$2.893,18","COP","21/09/2017","21/09/2017"
"$2.904,60","COP","20/09/2017","20/09/2017"
"$2.906,06","COP","19/09/2017","19/09/2017"
"$2.897,83","COP","16/09/2017","18/09/2017"
"$2.905,98","COP","15/09/2017","15/09/2017"
"$2.909,52","COP","14/09/2017","14/09/2017"
"$2.923,03","COP","13/09/2017","13/09/2017"
"$2.916,10","COP","12/09/2017","12/09/2017"
"$2.909,15","COP","09/09/2017","11/09/2017"
"$2.907,96","COP","08/09/2017","08/09/2017"
"$2.919,50","COP","07/09/2017","07/09/2017"
"$2.923,49","COP","06/09/2017","06/09/2017"
"$2.936,07","COP","02/09/2017","05/09/2017"
"$2.948,09","COP","01/09/2017","01/09/2017"
"$2.937,09","COP","31/08/2017","31/08/2017"
"$2.940,35","COP","30/08/2017","30/08/2017"
"$2.934,23","COP","29/08/2017","29/08/2017"
"$2.933,96","COP","26/08/2017","28/08/2017"
"$2.972,98","COP","25/08/2017","25/08/2017"
"$2.986,88","COP","24/08/2017","24/08/2017"
"$2.986,83","COP","23/08/2017","23/08/2017"
"$2.994,39","COP","19/08/2017","22/08/2017"
"$2.980,03","COP","18/08/2017","18/08/2017"
"$2.967,32","COP","17/08/2017","17/08/2017"
"$2.974,70","COP","16/08/2017","16/08/2017"
"$2.966,54","COP","15/08/2017","15/08/2017"
"$2.984,99","COP","12/08/2017","14/08/2017"
"$2.994,85","COP","11/08/2017","11/08/2017"
"$3.011,14","COP","10/08/2017","10/08/2017"
"$2.994,62","COP","09/08/2017","09/08/2017"
"$2.974,39","COP","05/08/2017","08/08/2017"
"$2.954,54","COP","04/08/2017","04/08/2017"
"$2.964,66","COP","03/08/2017","03/08/2017"
"$2.973,03","COP","02/08/2017","02/08/2017"
"$2.997,59","COP","01/08/2017","01/08/2017"
"$2.995,23","COP","29/07/2017","31/07/2017"
"$3.002,94","COP","28/07/2017","28/07/2017"
"$3.026,22","COP","27/07/2017","27/07/2017"
"$3.026,55","COP","26/07/2017","26/07/2017"
"$3.023,67","COP","25/07/2017","25/07/2017"
"$3.010,77","COP","22/07/2017","24/07/2017"
"$3.010,00","COP","20/07/2017","21/07/2017"
"$3.013,26","COP","19/07/2017","19/07/2017"
"$3.030,60","COP","18/07/2017","18/07/2017"
"$3.019,56","COP","15/07/2017","17/07/2017"
"$3.043,60","COP","14/07/2017","14/07/2017"
"$3.052,30","COP","13/07/2017","13/07/2017"
"$3.067,73","COP","12/07/2017","12/07/2017"
"$3.067,33","COP","11/07/2017","11/07/2017"
"$3.092,65","COP","08/07/2017","10/07/2017"
"$3.084,19","COP","07/07/2017","07/07/2017"
"$3.068,93","COP","06/07/2017","06/07/2017"
"$3.050,43","COP","01/07/2017","05/07/2017"
"$3.038,26","COP","30/06/2017","30/06/2017"
"$3.023,64","COP","29/06/2017","29/06/2017"
"$3.025,28","COP","28/06/2017","28/06/2017"
"$3.010,68","COP","24/06/2017","27/06/2017"
"$3.035,83","COP","23/06/2017","23/06/2017"
"$3.053,90","COP","22/06/2017","22/06/2017"
"$3.029,53","COP","21/06/2017","21/06/2017"
"$2.961,68","COP","17/06/2017","20/06/2017"
"$2.953,83","COP","16/06/2017","16/06/2017"
"$2.924,75","COP","15/06/2017","15/06/2017"
"$2.933,13","COP","14/06/2017","14/06/2017"
"$2.929,20","COP","13/06/2017","13/06/2017"
"$2.919,58","COP","10/06/2017","12/06/2017"
"$2.919,82","COP","09/06/2017","09/06/2017"
"$2.907,10","COP","08/06/2017","08/06/2017"
"$2.893,76","COP","07/06/2017","07/06/2017"
"$2.895,85","COP","06/06/2017","06/06/2017"
"$2.894,72","COP","03/06/2017","05/06/2017"
"$2.895,73","COP","02/06/2017","02/06/2017"
"$2.921,00","COP","01/06/2017","01/06/2017"
"$2.920,42","COP","31/05/2017","31/05/2017"
"$2.913,47","COP","27/05/2017","30/05/2017"
"$2.911,66","COP","26/05/2017","26/05/2017"
"$2.905,29","COP","25/05/2017","25/05/2017"
"$2.904,61","COP","24/05/2017","24/05/2017"
"$2.895,12","COP","23/05/2017","23/05/2017"
"$2.889,45","COP","20/05/2017","22/05/2017"
"$2.932,16","COP","19/05/2017","19/05/2017"
"$2.893,40","COP","18/05/2017","18/05/2017"
"$2.873,22","COP","17/05/2017","17/05/2017"
"$2.883,87","COP","16/05/2017","16/05/2017"
"$2.918,69","COP","13/05/2017","15/05/2017"
"$2.933,92","COP","12/05/2017","12/05/2017"
"$2.949,35","COP","11/05/2017","11/05/2017"
"$2.967,24","COP","10/05/2017","10/05/2017"
"$2.959,26","COP","09/05/2017","09/05/2017"
"$2.961,78","COP","06/05/2017","08/05/2017"
"$2.967,44","COP","05/05/2017","05/05/2017"
"$2.930,17","COP","04/05/2017","04/05/2017"
"$2.945,53","COP","03/05/2017","03/05/2017"
"$2.947,85","COP","29/04/2017","02/05/2017"
"$2.944,31","COP","28/04/2017","28/04/2017"
"$2.928,07","COP","27/04/2017","27/04/2017"
"$2.899,13","COP","26/04/2017","26/04/2017"
"$2.871,98","COP","25/04/2017","25/04/2017"
"$2.868,89","COP","22/04/2017","24/04/2017"
"$2.863,39","COP","21/04/2017","21/04/2017"
"$2.856,48","COP","20/04/2017","20/04/2017"
"$2.837,90","COP","19/04/2017","19/04/2017"
"$2.854,89","COP","18/04/2017","18/04/2017"
"$2.872,55","COP","13/04/2017","17/04/2017"
"$2.868,60","COP","12/04/2017","12/04/2017"
"$2.867,13","COP","11/04/2017","11/04/2017"
"$2.858,00","COP","08/04/2017","10/04/2017"
"$2.853,10","COP","07/04/2017","07/04/2017"
"$2.857,65","COP","06/04/2017","06/04/2017"
"$2.869,32","COP","05/04/2017","05/04/2017"
"$2.866,87","COP","04/04/2017","04/04/2017"
"$2.885,57","COP","01/04/2017","03/04/2017"
"$2.880,24","COP","31/03/2017","31/03/2017"
"$2.888,02","COP","30/03/2017","30/03/2017"
"$2.911,99","COP","29/03/2017","29/03/2017"
"$2.913,48","COP","28/03/2017","28/03/2017"
"$2.899,94","COP","25/03/2017","27/03/2017"
"$2.921,25","COP","24/03/2017","24/03/2017"
"$2.936,82","COP","23/03/2017","23/03/2017"
"$2.904,87","COP","22/03/2017","22/03/2017"
"$2.912,53","COP","18/03/2017","21/03/2017"
"$2.923,96","COP","17/03/2017","17/03/2017"
"$2.972,61","COP","16/03/2017","16/03/2017"
"$2.997,73","COP","15/03/2017","15/03/2017"
"$2.987,93","COP","14/03/2017","14/03/2017"
"$2.980,83","COP","11/03/2017","13/03/2017"
"$3.004,43","COP","10/03/2017","10/03/2017"
"$2.987,88","COP","09/03/2017","09/03/2017"
"$2.972,44","COP","08/03/2017","08/03/2017"
"$2.966,67","COP","07/03/2017","07/03/2017"
"$2.977,43","COP","04/03/2017","06/03/2017"
"$2.960,91","COP","03/03/2017","03/03/2017"
"$2.935,75","COP","02/03/2017","02/03/2017"
"$2.919,17","COP","01/03/2017","01/03/2017"
"$2.896,27","COP","28/02/2017","28/02/2017"
"$2.886,52","COP","25/02/2017","27/02/2017"
"$2.871,67","COP","24/02/2017","24/02/2017"
"$2.893,55","COP","23/02/2017","23/02/2017"
"$2.902,68","COP","22/02/2017","22/02/2017"
"$2.902,81","COP","18/02/2017","21/02/2017"
"$2.875,68","COP","17/02/2017","17/02/2017"
"$2.876,03","COP","16/02/2017","16/02/2017"
"$2.867,64","COP","15/02/2017","15/02/2017"
"$2.875,46","COP","14/02/2017","14/02/2017"
"$2.851,98","COP","11/02/2017","13/02/2017"
"$2.862,63","COP","10/02/2017","10/02/2017"
"$2.879,49","COP","09/02/2017","09/02/2017"
"$2.867,76","COP","08/02/2017","08/02/2017"
"$2.853,99","COP","07/02/2017","07/02/2017"
"$2.855,80","COP","04/02/2017","06/02/2017"
"$2.882,20","COP","03/02/2017","03/02/2017"
"$2.906,78","COP","02/02/2017","02/02/2017"
"$2.921,90","COP","01/02/2017","01/02/2017"
"$2.936,66","COP","31/01/2017","31/01/2017"
"$2.930,17","COP","28/01/2017","30/01/2017"
"$2.936,72","COP","27/01/2017","27/01/2017"
"$2.927,53","COP","26/01/2017","26/01/2017"
"$2.932,01","COP","25/01/2017","25/01/2017"
"$2.908,53","COP","24/01/2017","24/01/2017"
"$2.927,91","COP","21/01/2017","23/01/2017"
"$2.938,24","COP","20/01/2017","20/01/2017"
"$2.934,58","COP","19/01/2017","19/01/2017"
"$2.924,77","COP","18/01/2017","18/01/2017"
"$2.935,96","COP","14/01/2017","17/01/2017"
"$2.930,19","COP","13/01/2017","13/01/2017"
"$2.980,80","COP","12/01/2017","12/01/2017"
"$2.949,60","COP","11/01/2017","11/01/2017"
"$2.919,01","COP","07/01/2017","10/01/2017"
"$2.941,08","COP","06/01/2017","06/01/2017"
"$2.965,36","COP","05/01/2017","05/01/2017"
"$2.981,06","COP","04/01/2017","04/01/2017"
"$3.000,71","COP","30/12/2016","03/01/2017"
"$3.019,72","COP","29/12/2016","29/12/2016"
"$2.992,81","COP","28/12/2016","28/12/2016"
"$2.996,60","COP","24/12/2016","27/12/2016"
"$2.996,03","COP","23/12/2016","23/12/2016"
"$2.989,14","COP","22/12/2016","22/12/2016"
"$2.988,06","COP","21/12/2016","21/12/2016"
"$3.019,44","COP","20/12/2016","20/12/2016"
"$2.997,20","COP","17/12/2016","19/12/2016"
"$3.000,47","COP","16/12/2016","16/12/2016"
"$2.964,56","COP","15/12/2016","15/12/2016"
"$2.982,29","COP","14/12/2016","14/12/2016"
"$2.984,02","COP","13/12/2016","13/12/2016"
"$3.002,80","COP","10/12/2016","12/12/2016"
"$2.989,71","COP","08/12/2016","09/12/2016"
"$3.015,47","COP","07/12/2016","07/12/2016"
"$3.049,47","COP","06/12/2016","06/12/2016"
"$3.061,04","COP","03/12/2016","05/12/2016"
"$3.068,34","COP","02/12/2016","02/12/2016"
"$3.085,60","COP","01/12/2016","01/12/2016"
"$3.165,09","COP","30/11/2016","30/11/2016"
"$3.142,20","COP","29/11/2016","29/11/2016"
"$3.170,64","COP","26/11/2016","28/11/2016"
"$3.187,97","COP","24/11/2016","25/11/2016"
"$3.139,76","COP","23/11/2016","23/11/2016"
"$3.144,72","COP","22/11/2016","22/11/2016"
"$3.163,49","COP","19/11/2016","21/11/2016"
"$3.135,65","COP","18/11/2016","18/11/2016"
"$3.131,11","COP","17/11/2016","17/11/2016"
"$3.124,91","COP","16/11/2016","16/11/2016"
"$3.100,12","COP","11/11/2016","15/11/2016"
"$3.012,12","COP","10/11/2016","10/11/2016"
"$2.984,78","COP","09/11/2016","09/11/2016"
"$3.070,40","COP","05/11/2016","08/11/2016"
"$3.071,12","COP","04/11/2016","04/11/2016"
"$3.070,54","COP","03/11/2016","03/11/2016"
"$3.026,68","COP","02/11/2016","02/11/2016"
"$2.998,55","COP","01/11/2016","01/11/2016"
"$2.967,66","COP","29/10/2016","31/10/2016"
"$2.966,61","COP","28/10/2016","28/10/2016"
"$2.965,18","COP","27/10/2016","27/10/2016"
"$2.941,34","COP","26/10/2016","26/10/2016"
"$2.929,83","COP","25/10/2016","25/10/2016"
"$2.944,25","COP","22/10/2016","24/10/2016"
"$2.934,03","COP","21/10/2016","21/10/2016"
"$2.914,15","COP","20/10/2016","20/10/2016"
"$2.905,93","COP","19/10/2016","19/10/2016"
"$2.915,67","COP","15/10/2016","18/10/2016"
"$2.930,78","COP","14/10/2016","14/10/2016"
"$2.919,18","COP","13/10/2016","13/10/2016"
"$2.919,51","COP","12/10/2016","12/10/2016"
"$2.913,96","COP","08/10/2016","11/10/2016"
"$2.924,80","COP","07/10/2016","07/10/2016"
"$2.964,93","COP","06/10/2016","06/10/2016"
"$2.963,06","COP","05/10/2016","05/10/2016"
"$2.937,23","COP","04/10/2016","04/10/2016"
"$2.880,08","COP","01/10/2016","03/10/2016"
"$2.879,95","COP","30/09/2016","30/09/2016"
"$2.914,11","COP","29/09/2016","29/09/2016"
"$2.921,99","COP","28/09/2016","28/09/2016"
"$2.917,58","COP","27/09/2016","27/09/2016"
"$2.917,95","COP","24/09/2016","26/09/2016"
"$2.862,52","COP","23/09/2016","23/09/2016"
"$2.894,15","COP","22/09/2016","22/09/2016"
"$2.911,11","COP","21/09/2016","21/09/2016"
"$2.928,18","COP","20/09/2016","20/09/2016"
"$2.956,58","COP","17/09/2016","19/09/2016"
"$2.938,50","COP","16/09/2016","16/09/2016"
"$2.972,65","COP","15/09/2016","15/09/2016"
"$2.976,19","COP","14/09/2016","14/09/2016"
"$2.942,29","COP","13/09/2016","13/09/2016"
"$2.899,29","COP","10/09/2016","12/09/2016"
"$2.846,13","COP","09/09/2016","09/09/2016"
"$2.840,38","COP","08/09/2016","08/09/2016"
"$2.887,64","COP","07/09/2016","07/09/2016"
"$2.957,56","COP","03/09/2016","06/09/2016"
"$2.986,36","COP","02/09/2016","02/09/2016"
"$2.956,53","COP","01/09/2016","01/09/2016"
"$2.933,82","COP","31/08/2016","31/08/2016"
"$2.924,29","COP","30/08/2016","30/08/2016"
"$2.882,69","COP","27/08/2016","29/08/2016"
"$2.915,67","COP","26/08/2016","26/08/2016"
"$2.938,28","COP","25/08/2016","25/08/2016"
"$2.909,10","COP","24/08/2016","24/08/2016"
"$2.883,89","COP","23/08/2016","23/08/2016"
"$2.867,37","COP","20/08/2016","22/08/2016"
"$2.884,02","COP","19/08/2016","19/08/2016"
"$2.918,07","COP","18/08/2016","18/08/2016"
"$2.905,30","COP","17/08/2016","17/08/2016"
"$2.908,67","COP","13/08/2016","16/08/2016"
"$2.911,26","COP","12/08/2016","12/08/2016"
"$2.954,90","COP","11/08/2016","11/08/2016"
"$2.974,31","COP","10/08/2016","10/08/2016"
"$2.992,50","COP","09/08/2016","09/08/2016"
"$3.052,80","COP","06/08/2016","08/08/2016"
"$3.079,83","COP","05/08/2016","05/08/2016"
"$3.110,43","COP","04/08/2016","04/08/2016"
"$3.084,81","COP","03/08/2016","03/08/2016"
"$3.090,28","COP","02/08/2016","02/08/2016"
"$3.081,75","COP","30/07/2016","01/08/2016"
"$3.091,78","COP","29/07/2016","29/07/2016"
"$3.073,52","COP","28/07/2016","28/07/2016"
"$3.055,15","COP","27/07/2016","27/07/2016"
"$2.997,25","COP","26/07/2016","26/07/2016"
"$2.942,65","COP","23/07/2016","25/07/2016"
"$2.928,67","COP","22/07/2016","22/07/2016"
"$2.931,08","COP","20/07/2016","21/07/2016"
"$2.928,30","COP","19/07/2016","19/07/2016"
"$2.923,46","COP","16/07/2016","18/07/2016"
"$2.923,07","COP","15/07/2016","15/07/2016"
"$2.936,53","COP","14/07/2016","14/07/2016"
"$2.911,91","COP","13/07/2016","13/07/2016"
"$2.929,81","COP","12/07/2016","12/07/2016"
"$2.952,64","COP","09/07/2016","11/07/2016"
"$2.986,49","COP","08/07/2016","08/07/2016"
"$3.003,20","COP","07/07/2016","07/07/2016"
"$2.966,87","COP","06/07/2016","06/07/2016"
"$2.914,38","COP","02/07/2016","05/07/2016"
"$2.919,01","COP","01/07/2016","01/07/2016"
"$2.916,15","COP","30/06/2016","30/06/2016"
"$3.005,18","COP","29/06/2016","29/06/2016"
"$3.022,78","COP","28/06/2016","28/06/2016"
"$2.972,92","COP","25/06/2016","27/06/2016"
"$2.897,53","COP","24/06/2016","24/06/2016"
"$2.944,06","COP","23/06/2016","23/06/2016"
"$2.976,29","COP","22/06/2016","22/06/2016"
"$2.972,97","COP","21/06/2016","21/06/2016"
"$3.010,91","COP","18/06/2016","20/06/2016"
"$3.019,12","COP","17/06/2016","17/06/2016"
"$2.989,56","COP","16/06/2016","16/06/2016"
"$3.003,28","COP","15/06/2016","15/06/2016"
"$2.990,35","COP","14/06/2016","14/06/2016"
"$2.969,83","COP","11/06/2016","13/06/2016"
"$2.942,13","COP","10/06/2016","10/06/2016"
"$2.905,23","COP","09/06/2016","09/06/2016"
"$2.950,95","COP","08/06/2016","08/06/2016"
"$3.017,71","COP","04/06/2016","07/06/2016"
"$3.110,88","COP","03/06/2016","03/06/2016"
"$3.117,83","COP","02/06/2016","02/06/2016"
"$3.089,65","COP","01/06/2016","01/06/2016"
"$3.069,17","COP","28/05/2016","31/05/2016"
"$3.054,60","COP","27/05/2016","27/05/2016"
"$3.061,89","COP","26/05/2016","26/05/2016"
"$3.059,92","COP","25/05/2016","25/05/2016"
"$3.058,25","COP","24/05/2016","24/05/2016"
"$3.047,99","COP","21/05/2016","23/05/2016"
"$3.056,06","COP","20/05/2016","20/05/2016"
"$3.031,48","COP","19/05/2016","19/05/2016"
"$3.020,89","COP","18/05/2016","18/05/2016"
"$3.007,74","COP","17/05/2016","17/05/2016"
"$2.983,82","COP","14/05/2016","16/05/2016"
"$2.934,88","COP","13/05/2016","13/05/2016"
"$2.956,82","COP","12/05/2016","12/05/2016"
"$2.979,54","COP","11/05/2016","11/05/2016"
"$2.969,62","COP","07/05/2016","10/05/2016"
"$2.952,37","COP","06/05/2016","06/05/2016"
"$2.942,16","COP","05/05/2016","05/05/2016"
"$2.895,51","COP","04/05/2016","04/05/2016"
"$2.833,78","COP","03/05/2016","03/05/2016"
"$2.851,14","COP","30/04/2016","02/05/2016"
"$2.885,72","COP","29/04/2016","29/04/2016"
"$2.943,23","COP","28/04/2016","28/04/2016"
"$2.945,37","COP","27/04/2016","27/04/2016"
"$2.962,08","COP","26/04/2016","26/04/2016"
"$2.939,70","COP","23/04/2016","25/04/2016"
"$2.928,70","COP","22/04/2016","22/04/2016"
"$2.899,92","COP","21/04/2016","21/04/2016"
"$2.912,20","COP","20/04/2016","20/04/2016"
"$2.995,86","COP","19/04/2016","19/04/2016"
"$2.999,38","COP","16/04/2016","18/04/2016"
"$3.000,78","COP","15/04/2016","15/04/2016"
"$3.006,35","COP","14/04/2016","14/04/2016"
"$3.036,57","COP","13/04/2016","13/04/2016"
"$3.057,96","COP","12/04/2016","12/04/2016"
"$3.076,29","COP","09/04/2016","11/04/2016"
"$3.109,60","COP","08/04/2016","08/04/2016"
"$3.081,39","COP","07/04/2016","07/04/2016"
"$3.085,82","COP","06/04/2016","06/04/2016"
"$3.066,94","COP","05/04/2016","05/04/2016"
"$3.038,48","COP","02/04/2016","04/04/2016"
"$3.000,63","COP","01/04/2016","01/04/2016"
"$3.022,35","COP","31/03/2016","31/03/2016"
"$3.052,33","COP","30/03/2016","30/03/2016"
"$3.047,85","COP","29/03/2016","29/03/2016"
"$3.058,80","COP","24/03/2016","28/03/2016"
"$3.050,31","COP","23/03/2016","23/03/2016"
"$3.065,79","COP","19/03/2016","22/03/2016"
"$3.087,39","COP","18/03/2016","18/03/2016"
"$3.155,90","COP","17/03/2016","17/03/2016"
"$3.175,88","COP","16/03/2016","16/03/2016"
"$3.175,95","COP","15/03/2016","15/03/2016"
"$3.164,12","COP","12/03/2016","14/03/2016"
"$3.204,27","COP","11/03/2016","11/03/2016"
"$3.192,49","COP","10/03/2016","10/03/2016"
"$3.155,90","COP","09/03/2016","09/03/2016"
"$3.135,28","COP","08/03/2016","08/03/2016"
"$3.163,25","COP","05/03/2016","07/03/2016"
"$3.203,03","COP","04/03/2016","04/03/2016"
"$3.205,60","COP","03/03/2016","03/03/2016"
"$3.268,86","COP","02/03/2016","02/03/2016"
"$3.319,80","COP","01/03/2016","01/03/2016"
"$3.306,00","COP","27/02/2016","29/02/2016"
"$3.310,16","COP","26/02/2016","26/02/2016"
"$3.341,69","COP","25/02/2016","25/02/2016"
"$3.322,54","COP","24/02/2016","24/02/2016"
"$3.314,24","COP","23/02/2016","23/02/2016"
"$3.356,78","COP","20/02/2016","22/02/2016"
"$3.338,03","COP","19/02/2016","19/02/2016"
"$3.391,87","COP","18/02/2016","18/02/2016"
"$3.406,87","COP","17/02/2016","17/02/2016"
"$3.409,82","COP","13/02/2016","16/02/2016"
"$3.434,89","COP","12/02/2016","12/02/2016"
"$3.385,65","COP","11/02/2016","11/02/2016"
"$3.391,93","COP","10/02/2016","10/02/2016"
"$3.367,02","COP","09/02/2016","09/02/2016"
"$3.320,49","COP","06/02/2016","08/02/2016"
"$3.315,75","COP","05/02/2016","05/02/2016"
"$3.382,20","COP","04/02/2016","04/02/2016"
"$3.387,69","COP","03/02/2016","03/02/2016"
"$3.326,82","COP","02/02/2016","02/02/2016"
"$3.287,31","COP","30/01/2016","01/02/2016"
"$3.302,92","COP","29/01/2016","29/01/2016"
"$3.366,63","COP","28/01/2016","28/01/2016"
"$3.375,80","COP","27/01/2016","27/01/2016"
"$3.362,38","COP","26/01/2016","26/01/2016"
"$3.281,74","COP","23/01/2016","25/01/2016"
"$3.368,49","COP","22/01/2016","22/01/2016"
"$3.357,67","COP","21/01/2016","21/01/2016"
"$3.297,46","COP","20/01/2016","20/01/2016"
"$3.293,94","COP","16/01/2016","19/01/2016"
"$3.240,71","COP","15/01/2016","15/01/2016"
"$3.235,45","COP","14/01/2016","14/01/2016"
"$3.246,51","COP","13/01/2016","13/01/2016"
"$3.268,37","COP","09/01/2016","12/01/2016"
"$3.287,28","COP","08/01/2016","08/01/2016"
"$3.250,69","COP","07/01/2016","07/01/2016"
"$3.203,86","COP","06/01/2016","06/01/2016"
"$3.213,24","COP","05/01/2016","05/01/2016"
"$3.149,47","COP","31/12/2015","04/01/2016"
"$3.155,22","COP","30/12/2015","30/12/2015"
"$3.180,87","COP","29/12/2015","29/12/2015"
"$3.172,03","COP","25/12/2015","28/12/2015"
"$3.255,19","COP","24/12/2015","24/12/2015"
"$3.307,24","COP","23/12/2015","23/12/2015"
"$3.332,70","COP","22/12/2015","22/12/2015"
"$3.337,68","COP","19/12/2015","21/12/2015"
"$3.333,37","COP","18/12/2015","18/12/2015"
"$3.317,72","COP","17/12/2015","17/12/2015"
"$3.328,08","COP","16/12/2015","16/12/2015"
"$3.356,00","COP","15/12/2015","15/12/2015"
"$3.299,36","COP","12/12/2015","14/12/2015"
"$3.259,56","COP","11/12/2015","11/12/2015"
"$3.294,02","COP","10/12/2015","10/12/2015"
"$3.287,03","COP","08/12/2015","09/12/2015"
"$3.179,22","COP","05/12/2015","07/12/2015"
"$3.149,12","COP","04/12/2015","04/12/2015"
"$3.166,67","COP","03/12/2015","03/12/2015"
"$3.131,95","COP","02/12/2015","02/12/2015"
"$3.142,11","COP","01/12/2015","01/12/2015"
"$3.101,10","COP","28/11/2015","30/11/2015"
"$3.099,75","COP","26/11/2015","27/11/2015"
"$3.074,35","COP","25/11/2015","25/11/2015"
"$3.086,82","COP","24/11/2015","24/11/2015"
"$3.047,31","COP","21/11/2015","23/11/2015"
"$3.082,04","COP","20/11/2015","20/11/2015"
"$3.108,70","COP","19/11/2015","19/11/2015"
"$3.069,24","COP","18/11/2015","18/11/2015"
"$3.073,23","COP","14/11/2015","17/11/2015"
"$3.009,36","COP","13/11/2015","13/11/2015"
"$2.935,86","COP","11/11/2015","12/11/2015"
"$2.921,15","COP","10/11/2015","10/11/2015"
"$2.896,19","COP","07/11/2015","09/11/2015"
"$2.853,32","COP","06/11/2015","06/11/2015"
"$2.819,63","COP","05/11/2015","05/11/2015"
"$2.825,25","COP","04/11/2015","04/11/2015"
"$2.897,83","COP","31/10/2015","03/11/2015"
"$2.921,32","COP","30/10/2015","30/10/2015"
"$2.926,75","COP","29/10/2015","29/10/2015"
"$2.950,87","COP","28/10/2015","28/10/2015"
"$2.918,21","COP","27/10/2015","27/10/2015"
"$2.912,08","COP","24/10/2015","26/10/2015"
"$2.925,36","COP","23/10/2015","23/10/2015"
"$2.966,68","COP","22/10/2015","22/10/2015"
"$2.929,19","COP","21/10/2015","21/10/2015"
"$2.912,99","COP","20/10/2015","20/10/2015"
"$2.879,89","COP","17/10/2015","19/10/2015"
"$2.908,87","COP","16/10/2015","16/10/2015"
"$2.928,69","COP","15/10/2015","15/10/2015"
"$2.910,70","COP","14/10/2015","14/10/2015"
"$2.855,74","COP","10/10/2015","13/10/2015"
"$2.887,21","COP","09/10/2015","09/10/2015"
"$2.891,91","COP","08/10/2015","08/10/2015"
"$2.913,74","COP","07/10/2015","07/10/2015"
"$2.971,15","COP","06/10/2015","06/10/2015"
"$3.034,90","COP","03/10/2015","05/10/2015"
"$3.061,85","COP","02/10/2015","02/10/2015"
"$3.086,75","COP","01/10/2015","01/10/2015"
"$3.121,94","COP","30/09/2015","30/09/2015"
"$3.096,98","COP","29/09/2015","29/09/2015"
"$3.080,44","COP","26/09/2015","28/09/2015"
"$3.135,17","COP","25/09/2015","25/09/2015"
"$3.099,28","COP","24/09/2015","24/09/2015"
"$3.065,74","COP","23/09/2015","23/09/2015"
"$3.001,68","COP","22/09/2015","22/09/2015"
"$2.984,90","COP","19/09/2015","21/09/2015"
"$2.975,13","COP","18/09/2015","18/09/2015"
"$2.989,04","COP","17/09/2015","17/09/2015"
"$3.025,28","COP","16/09/2015","16/09/2015"
"$3.032,59","COP","15/09/2015","15/09/2015"
"$3.012,96","COP","12/09/2015","14/09/2015"
"$3.080,57","COP","11/09/2015","11/09/2015"
"$3.105,40","COP","10/09/2015","10/09/2015"
"$3.138,46","COP","09/09/2015","09/09/2015"
"$3.113,55","COP","05/09/2015","08/09/2015"
"$3.119,93","COP","04/09/2015","04/09/2015"
"$3.142,34","COP","03/09/2015","03/09/2015"
"$3.093,64","COP","02/09/2015","02/09/2015"
"$3.079,97","COP","01/09/2015","01/09/2015"
"$3.101,10","COP","29/08/2015","31/08/2015"
"$3.195,47","COP","28/08/2015","28/08/2015"
"$3.238,51","COP","27/08/2015","27/08/2015"
"$3.194,24","COP","26/08/2015","26/08/2015"
"$3.208,37","COP","25/08/2015","25/08/2015"
"$3.102,60","COP","22/08/2015","24/08/2015"
"$3.053,65","COP","21/08/2015","21/08/2015"
"$3.027,20","COP","20/08/2015","20/08/2015"
"$3.003,35","COP","19/08/2015","19/08/2015"
"$2.983,12","COP","15/08/2015","18/08/2015"
"$2.966,12","COP","14/08/2015","14/08/2015"
"$2.937,63","COP","13/08/2015","13/08/2015"
"$2.943,97","COP","12/08/2015","12/08/2015"
"$2.913,45","COP","11/08/2015","11/08/2015"
"$2.955,31","COP","07/08/2015","10/08/2015"
"$2.945,97","COP","06/08/2015","06/08/2015"
"$2.906,95","COP","05/08/2015","05/08/2015"
"$2.902,98","COP","04/08/2015","04/08/2015"
"$2.862,51","COP","01/08/2015","03/08/2015"
"$2.866,04","COP","31/07/2015","31/07/2015"
"$2.855,32","COP","30/07/2015","30/07/2015"
"$2.855,44","COP","29/07/2015","29/07/2015"
"$2.854,13","COP","28/07/2015","28/07/2015"
"$2.857,46","COP","25/07/2015","27/07/2015"
"$2.807,36","COP","24/07/2015","24/07/2015"
"$2.790,26","COP","23/07/2015","23/07/2015"
"$2.765,10","COP","22/07/2015","22/07/2015"
"$2.751,88","COP","18/07/2015","21/07/2015"
"$2.727,23","COP","17/07/2015","17/07/2015"
"$2.713,04","COP","16/07/2015","16/07/2015"
"$2.688,20","COP","15/07/2015","15/07/2015"
"$2.693,54","COP","14/07/2015","14/07/2015"
"$2.667,37","COP","11/07/2015","13/07/2015"
"$2.670,79","COP","10/07/2015","10/07/2015"
"$2.690,79","COP","09/07/2015","09/07/2015"
"$2.690,15","COP","08/07/2015","08/07/2015"
"$2.665,41","COP","07/07/2015","07/07/2015"
"$2.642,97","COP","04/07/2015","06/07/2015"
"$2.623,91","COP","03/07/2015","03/07/2015"
"$2.626,80","COP","02/07/2015","02/07/2015"
"$2.598,68","COP","01/07/2015","01/07/2015"
"$2.585,11","COP","27/06/2015","30/06/2015"
"$2.556,21","COP","26/06/2015","26/06/2015"
"$2.566,66","COP","25/06/2015","25/06/2015"
"$2.550,74","COP","24/06/2015","24/06/2015"
"$2.537,68","COP","23/06/2015","23/06/2015"
"$2.548,20","COP","20/06/2015","22/06/2015"
"$2.528,85","COP","19/06/2015","19/06/2015"
"$2.550,43","COP","18/06/2015","18/06/2015"
"$2.531,72","COP","17/06/2015","17/06/2015"
"$2.535,91","COP","13/06/2015","16/06/2015"
"$2.538,55","COP","12/06/2015","12/06/2015"
"$2.523,00","COP","11/06/2015","11/06/2015"
"$2.569,17","COP","10/06/2015","10/06/2015"
"$2.623,66","COP","06/06/2015","09/06/2015"
"$2.588,56","COP","05/06/2015","05/06/2015"
"$2.571,92","COP","04/06/2015","04/06/2015"
"$2.554,44","COP","03/06/2015","03/06/2015"
"$2.549,29","COP","02/06/2015","02/06/2015"
"$2.533,79","COP","30/05/2015","01/06/2015"
"$2.549,97","COP","29/05/2015","29/05/2015"
"$2.548,13","COP","28/05/2015","28/05/2015"
"$2.542,53","COP","27/05/2015","27/05/2015"
"$2.500,22","COP","23/05/2015","26/05/2015"
"$2.489,39","COP","22/05/2015","22/05/2015"
"$2.503,37","COP","21/05/2015","21/05/2015"
"$2.475,45","COP","20/05/2015","20/05/2015"
"$2.417,01","COP","16/05/2015","19/05/2015"
"$2.389,49","COP","15/05/2015","15/05/2015"
"$2.377,87","COP","14/05/2015","14/05/2015"
"$2.386,77","COP","13/05/2015","13/05/2015"
"$2.381,53","COP","12/05/2015","12/05/2015"
"$2.360,58","COP","09/05/2015","11/05/2015"
"$2.369,23","COP","08/05/2015","08/05/2015"
"$2.362,41","COP","07/05/2015","07/05/2015"
"$2.386,72","COP","06/05/2015","06/05/2015"
"$2.408,17","COP","05/05/2015","05/05/2015"
"$2.393,58","COP","01/05/2015","04/05/2015"
"$2.388,06","COP","30/04/2015","30/04/2015"
"$2.393,42","COP","29/04/2015","29/04/2015"
"$2.419,81","COP","28/04/2015","28/04/2015"
"$2.461,17","COP","25/04/2015","27/04/2015"
"$2.471,21","COP","24/04/2015","24/04/2015"
"$2.488,50","COP","23/04/2015","23/04/2015"
"$2.469,03","COP","22/04/2015","22/04/2015"
"$2.487,07","COP","21/04/2015","21/04/2015"
"$2.495,01","COP","18/04/2015","20/04/2015"
"$2.493,93","COP","17/04/2015","17/04/2015"
"$2.534,63","COP","16/04/2015","16/04/2015"
"$2.550,83","COP","15/04/2015","15/04/2015"
"$2.537,33","COP","14/04/2015","14/04/2015"
"$2.516,08","COP","11/04/2015","13/04/2015"
"$2.494,77","COP","10/04/2015","10/04/2015"
"$2.490,90","COP","09/04/2015","09/04/2015"
"$2.518,05","COP","08/04/2015","08/04/2015"
"$2.522,71","COP","07/04/2015","07/04/2015"
"$2.576,41","COP","02/04/2015","06/04/2015"
"$2.598,36","COP","01/04/2015","01/04/2015"
"$2.576,05","COP","31/03/2015","31/03/2015"
"$2.556,85","COP","28/03/2015","30/03/2015"
"$2.551,30","COP","27/03/2015","27/03/2015"
"$2.535,55","COP","26/03/2015","26/03/2015"
"$2.526,79","COP","25/03/2015","25/03/2015"
"$2.587,71","COP","21/03/2015","24/03/2015"
"$2.613,38","COP","20/03/2015","20/03/2015"
"$2.651,49","COP","19/03/2015","19/03/2015"
"$2.677,97","COP","18/03/2015","18/03/2015"
"$2.675,08","COP","17/03/2015","17/03/2015"
"$2.661,52","COP","14/03/2015","16/03/2015"
"$2.610,08","COP","13/03/2015","13/03/2015"
"$2.633,65","COP","12/03/2015","12/03/2015"
"$2.618,79","COP","11/03/2015","11/03/2015"
"$2.592,86","COP","10/03/2015","10/03/2015"
"$2.565,61","COP","07/03/2015","09/03/2015"
"$2.543,47","COP","06/03/2015","06/03/2015"
"$2.565,90","COP","05/03/2015","05/03/2015"
"$2.555,08","COP","04/03/2015","04/03/2015"
"$2.522,03","COP","03/03/2015","03/03/2015"
"$2.496,99","COP","28/02/2015","02/03/2015"
"$2.484,58","COP","27/02/2015","27/02/2015"
"$2.489,41","COP","26/02/2015","26/02/2015"
"$2.500,59","COP","25/02/2015","25/02/2015"
"$2.489,81","COP","24/02/2015","24/02/2015"
"$2.455,54","COP","21/02/2015","23/02/2015"
"$2.445,16","COP","20/02/2015","20/02/2015"
"$2.429,71","COP","19/02/2015","19/02/2015"
"$2.416,37","COP","18/02/2015","18/02/2015"
"$2.376,23","COP","14/02/2015","17/02/2015"
"$2.401,03","COP","13/02/2015","13/02/2015"
"$2.416,61","COP","12/02/2015","12/02/2015"
"$2.380,79","COP","11/02/2015","11/02/2015"
"$2.371,31","COP","10/02/2015","10/02/2015"
"$2.384,76","COP","07/02/2015","09/02/2015"
"$2.384,53","COP","06/02/2015","06/02/2015"
"$2.381,91","COP","05/02/2015","05/02/2015"
"$2.374,72","COP","04/02/2015","04/02/2015"
"$2.407,29","COP","03/02/2015","03/02/2015"
"$2.441,10","COP","31/01/2015","02/02/2015"
"$2.397,35","COP","30/01/2015","30/01/2015"
"$2.362,42","COP","29/01/2015","29/01/2015"
"$2.381,11","COP","28/01/2015","28/01/2015"
"$2.386,28","COP","27/01/2015","27/01/2015"
"$2.386,50","COP","24/01/2015","26/01/2015"
"$2.370,75","COP","23/01/2015","23/01/2015"
"$2.361,54","COP","22/01/2015","22/01/2015"
"$2.373,44","COP","21/01/2015","21/01/2015"
"$2.383,91","COP","17/01/2015","20/01/2015"
"$2.398,91","COP","16/01/2015","16/01/2015"
"$2.438,79","COP","15/01/2015","15/01/2015"
"$2.442,03","COP","14/01/2015","14/01/2015"
"$2.406,71","COP","10/01/2015","13/01/2015"
"$2.405,03","COP","09/01/2015","09/01/2015"
"$2.434,31","COP","08/01/2015","08/01/2015"
"$2.452,11","COP","07/01/2015","07/01/2015"
"$2.412,82","COP","06/01/2015","06/01/2015"
"$2.383,37","COP","03/01/2015","05/01/2015"
"$2.392,46","COP","31/12/2014","02/01/2015"
"$2.378,56","COP","30/12/2014","30/12/2014"
"$2.358,46","COP","27/12/2014","29/12/2014"
"$2.346,90","COP","25/12/2014","26/12/2014"
"$2.342,57","COP","24/12/2014","24/12/2014"
"$2.316,93","COP","23/12/2014","23/12/2014"
"$2.297,14","COP","20/12/2014","22/12/2014"
"$2.334,98","COP","19/12/2014","19/12/2014"
"$2.412,79","COP","18/12/2014","18/12/2014"
"$2.446,35","COP","17/12/2014","17/12/2014"
"$2.414,39","COP","16/12/2014","16/12/2014"
"$2.405,31","COP","13/12/2014","15/12/2014"
"$2.423,56","COP","12/12/2014","12/12/2014"
"$2.381,96","COP","11/12/2014","11/12/2014"
"$2.350,01","COP","10/12/2014","10/12/2014"
"$2.304,12","COP","06/12/2014","09/12/2014"
"$2.284,24","COP","05/12/2014","05/12/2014"
"$2.286,03","COP","04/12/2014","04/12/2014"
"$2.293,47","COP","03/12/2014","03/12/2014"
"$2.252,36","COP","02/12/2014","02/12/2014"
"$2.206,19","COP","29/11/2014","01/12/2014"
"$2.165,15","COP","27/11/2014","28/11/2014"
"$2.162,15","COP","26/11/2014","26/11/2014"
"$2.158,12","COP","25/11/2014","25/11/2014"
"$2.142,02","COP","22/11/2014","24/11/2014"
"$2.156,93","COP","21/11/2014","21/11/2014"
"$2.156,73","COP","20/11/2014","20/11/2014"
"$2.158,58","COP","19/11/2014","19/11/2014"
"$2.160,47","COP","15/11/2014","18/11/2014"
"$2.133,03","COP","14/11/2014","14/11/2014"
"$2.115,59","COP","13/11/2014","13/11/2014"
"$2.103,12","COP","11/11/2014","12/11/2014"
"$2.103,25","COP","08/11/2014","10/11/2014"
"$2.086,86","COP","07/11/2014","07/11/2014"
"$2.081,24","COP","06/11/2014","06/11/2014"
"$2.076,99","COP","05/11/2014","05/11/2014"
"$2.061,92","COP","01/11/2014","04/11/2014"
"$2.050,52","COP","31/10/2014","31/10/2014"
"$2.044,55","COP","30/10/2014","30/10/2014"
"$2.055,43","COP","29/10/2014","29/10/2014"
"$2.069,72","COP","28/10/2014","28/10/2014"
"$2.065,38","COP","25/10/2014","27/10/2014"
"$2.053,39","COP","24/10/2014","24/10/2014"
"$2.049,90","COP","23/10/2014","23/10/2014"
"$2.048,44","COP","22/10/2014","22/10/2014"
"$2.065,82","COP","21/10/2014","21/10/2014"
"$2.064,43","COP","18/10/2014","20/10/2014"
"$2.074,40","COP","17/10/2014","17/10/2014"
"$2.057,70","COP","16/10/2014","16/10/2014"
"$2.049,66","COP","15/10/2014","15/10/2014"
"$2.052,96","COP","11/10/2014","14/10/2014"
"$2.041,71","COP","10/10/2014","10/10/2014"
"$2.040,31","COP","09/10/2014","09/10/2014"
"$2.026,90","COP","08/10/2014","08/10/2014"
"$2.028,03","COP","07/10/2014","07/10/2014"
"$2.026,20","COP","04/10/2014","06/10/2014"
"$2.021,49","COP","03/10/2014","03/10/2014"
"$2.025,75","COP","02/10/2014","02/10/2014"
"$2.022,00","COP","01/10/2014","01/10/2014"
"$2.028,48","COP","30/09/2014","30/09/2014"
"$2.023,89","COP","27/09/2014","29/09/2014"
"$2.019,76","COP","26/09/2014","26/09/2014"
"$2.007,48","COP","25/09/2014","25/09/2014"
"$1.997,91","COP","24/09/2014","24/09/2014"
"$1.992,68","COP","23/09/2014","23/09/2014"
"$1.966,89","COP","20/09/2014","22/09/2014"
"$1.975,42","COP","19/09/2014","19/09/2014"
"$1.975,47","COP","18/09/2014","18/09/2014"
"$1.978,08","COP","17/09/2014","17/09/2014"
"$1.987,71","COP","16/09/2014","16/09/2014"
"$1.994,97","COP","13/09/2014","15/09/2014"
"$1.979,97","COP","12/09/2014","12/09/2014"
"$1.975,82","COP","11/09/2014","11/09/2014"
"$1.962,84","COP","10/09/2014","10/09/2014"
"$1.942,03","COP","09/09/2014","09/09/2014"
"$1.935,25","COP","06/09/2014","08/09/2014"
"$1.931,45","COP","05/09/2014","05/09/2014"
"$1.924,67","COP","04/09/2014","04/09/2014"
"$1.931,49","COP","03/09/2014","03/09/2014"
"$1.918,62","COP","30/08/2014","02/09/2014"
"$1.935,04","COP","29/08/2014","29/08/2014"
"$1.926,92","COP","28/08/2014","28/08/2014"
"$1.928,67","COP","27/08/2014","27/08/2014"
"$1.932,39","COP","26/08/2014","26/08/2014"
"$1.924,40","COP","23/08/2014","25/08/2014"
"$1.919,84","COP","22/08/2014","22/08/2014"
"$1.912,43","COP","21/08/2014","21/08/2014"
"$1.894,27","COP","20/08/2014","20/08/2014"
"$1.884,81","COP","16/08/2014","19/08/2014"
"$1.877,77","COP","15/08/2014","15/08/2014"
"$1.883,33","COP","14/08/2014","14/08/2014"
"$1.877,40","COP","13/08/2014","13/08/2014"
"$1.881,62","COP","12/08/2014","12/08/2014"
"$1.891,59","COP","09/08/2014","11/08/2014"
"$1.888,51","COP","07/08/2014","08/08/2014"
"$1.892,35","COP","06/08/2014","06/08/2014"
"$1.878,68","COP","05/08/2014","05/08/2014"
"$1.873,65","COP","02/08/2014","04/08/2014"
"$1.878,75","COP","01/08/2014","01/08/2014"
"$1.872,43","COP","31/07/2014","31/07/2014"
"$1.853,30","COP","30/07/2014","30/07/2014"
"$1.850,61","COP","29/07/2014","29/07/2014"
"$1.848,56","COP","26/07/2014","28/07/2014"
"$1.846,12","COP","25/07/2014","25/07/2014"
"$1.847,85","COP","24/07/2014","24/07/2014"
"$1.848,98","COP","23/07/2014","23/07/2014"
"$1.861,28","COP","22/07/2014","22/07/2014"
"$1.871,87","COP","19/07/2014","21/07/2014"
"$1.872,27","COP","18/07/2014","18/07/2014"
"$1.868,41","COP","17/07/2014","17/07/2014"
"$1.867,88","COP","16/07/2014","16/07/2014"
"$1.857,93","COP","15/07/2014","15/07/2014"
"$1.852,57","COP","12/07/2014","14/07/2014"
"$1.858,47","COP","11/07/2014","11/07/2014"
"$1.859,94","COP","10/07/2014","10/07/2014"
"$1.854,24","COP","09/07/2014","09/07/2014"
"$1.849,28","COP","08/07/2014","08/07/2014"
"$1.848,91","COP","04/07/2014","07/07/2014"
"$1.856,73","COP","03/07/2014","03/07/2014"
"$1.865,42","COP","02/07/2014","02/07/2014"
"$1.881,19","COP","28/06/2014","01/07/2014"
"$1.886,01","COP","27/06/2014","27/06/2014"
"$1.880,37","COP","26/06/2014","26/06/2014"
"$1.886,85","COP","25/06/2014","25/06/2014"
"$1.884,56","COP","21/06/2014","24/06/2014"
"$1.881,34","COP","20/06/2014","20/06/2014"
"$1.895,92","COP","19/06/2014","19/06/2014"
"$1.899,90","COP","18/06/2014","18/06/2014"
"$1.886,62","COP","17/06/2014","17/06/2014"
"$1.877,37","COP","14/06/2014","16/06/2014"
"$1.877,18","COP","13/06/2014","13/06/2014"
"$1.884,63","COP","12/06/2014","12/06/2014"
"$1.884,97","COP","11/06/2014","11/06/2014"
"$1.883,76","COP","10/06/2014","10/06/2014"
"$1.886,09","COP","07/06/2014","09/06/2014"
"$1.892,08","COP","06/06/2014","06/06/2014"
"$1.897,70","COP","05/06/2014","05/06/2014"
"$1.899,74","COP","04/06/2014","04/06/2014"
"$1.900,64","COP","31/05/2014","03/06/2014"
"$1.905,96","COP","30/05/2014","30/05/2014"
"$1.910,80","COP","29/05/2014","29/05/2014"
"$1.917,34","COP","28/05/2014","28/05/2014"
"$1.905,53","COP","24/05/2014","27/05/2014"
"$1.905,80","COP","23/05/2014","23/05/2014"
"$1.911,33","COP","22/05/2014","22/05/2014"
"$1.920,41","COP","21/05/2014","21/05/2014"
"$1.921,16","COP","20/05/2014","20/05/2014"
"$1.925,41","COP","17/05/2014","19/05/2014"
"$1.927,80","COP","16/05/2014","16/05/2014"
"$1.925,31","COP","15/05/2014","15/05/2014"
"$1.919,70","COP","14/05/2014","14/05/2014"
"$1.904,85","COP","13/05/2014","13/05/2014"
"$1.901,51","COP","10/05/2014","12/05/2014"
"$1.902,15","COP","09/05/2014","09/05/2014"
"$1.912,97","COP","08/05/2014","08/05/2014"
"$1.918,20","COP","07/05/2014","07/05/2014"
"$1.923,07","COP","06/05/2014","06/05/2014"
"$1.926,30","COP","03/05/2014","05/05/2014"
"$1.933,46","COP","01/05/2014","02/05/2014"
"$1.935,14","COP","30/04/2014","30/04/2014"
"$1.936,13","COP","29/04/2014","29/04/2014"
"$1.942,37","COP","26/04/2014","28/04/2014"
"$1.936,07","COP","25/04/2014","25/04/2014"
"$1.936,63","COP","24/04/2014","24/04/2014"
"$1.929,66","COP","23/04/2014","23/04/2014"
"$1.921,75","COP","22/04/2014","22/04/2014"
"$1.930,62","COP","17/04/2014","21/04/2014"
"$1.932,42","COP","16/04/2014","16/04/2014"
"$1.926,47","COP","15/04/2014","15/04/2014"
"$1.927,28","COP","12/04/2014","14/04/2014"
"$1.920,93","COP","11/04/2014","11/04/2014"
"$1.931,09","COP","10/04/2014","10/04/2014"
"$1.923,95","COP","09/04/2014","09/04/2014"
"$1.937,59","COP","08/04/2014","08/04/2014"
"$1.951,85","COP","05/04/2014","07/04/2014"
"$1.966,40","COP","04/04/2014","04/04/2014"
"$1.963,51","COP","03/04/2014","03/04/2014"
"$1.966,02","COP","02/04/2014","02/04/2014"
"$1.969,45","COP","01/04/2014","01/04/2014"
"$1.965,32","COP","29/03/2014","31/03/2014"
"$1.965,64","COP","28/03/2014","28/03/2014"
"$1.973,03","COP","27/03/2014","27/03/2014"
"$1.978,63","COP","26/03/2014","26/03/2014"
"$1.993,85","COP","22/03/2014","25/03/2014"
"$1.998,60","COP","21/03/2014","21/03/2014"
"$2.017,38","COP","20/03/2014","20/03/2014"
"$2.034,86","COP","19/03/2014","19/03/2014"
"$2.035,16","COP","18/03/2014","18/03/2014"
"$2.044,58","COP","15/03/2014","17/03/2014"
"$2.044,48","COP","14/03/2014","14/03/2014"
"$2.047,59","COP","13/03/2014","13/03/2014"
"$2.043,59","COP","12/03/2014","12/03/2014"
"$2.042,78","COP","11/03/2014","11/03/2014"
"$2.036,20","COP","08/03/2014","10/03/2014"
"$2.030,02","COP","07/03/2014","07/03/2014"
"$2.045,14","COP","06/03/2014","06/03/2014"
"$2.047,75","COP","05/03/2014","05/03/2014"
"$2.052,51","COP","04/03/2014","04/03/2014"
"$2.046,75","COP","01/03/2014","03/03/2014"
"$2.054,90","COP","28/02/2014","28/02/2014"
"$2.053,11","COP","27/02/2014","27/02/2014"
"$2.045,45","COP","26/02/2014","26/02/2014"
"$2.042,67","COP","25/02/2014","25/02/2014"
"$2.043,96","COP","22/02/2014","24/02/2014"
"$2.052,46","COP","21/02/2014","21/02/2014"
"$2.042,22","COP","20/02/2014","20/02/2014"
"$2.028,54","COP","19/02/2014","19/02/2014"
"$2.022,68","COP","15/02/2014","18/02/2014"
"$2.032,99","COP","14/02/2014","14/02/2014"
"$2.031,75","COP","13/02/2014","13/02/2014"
"$2.041,61","COP","12/02/2014","12/02/2014"
"$2.048,55","COP","11/02/2014","11/02/2014"
"$2.046,06","COP","08/02/2014","10/02/2014"
"$2.049,52","COP","07/02/2014","07/02/2014"
"$2.048,75","COP","06/02/2014","06/02/2014"
"$2.041,34","COP","05/02/2014","05/02/2014"
"$2.039,85","COP","04/02/2014","04/02/2014"
"$2.021,10","COP","01/02/2014","03/02/2014"
"$2.008,26","COP","31/01/2014","31/01/2014"
"$2.013,17","COP","30/01/2014","30/01/2014"
"$2.000,56","COP","29/01/2014","29/01/2014"
"$1.997,91","COP","28/01/2014","28/01/2014"
"$2.000,48","COP","25/01/2014","27/01/2014"
"$1.993,23","COP","24/01/2014","24/01/2014"
"$1.983,48","COP","23/01/2014","23/01/2014"
"$1.981,98","COP","22/01/2014","22/01/2014"
"$1.957,86","COP","18/01/2014","21/01/2014"
"$1.947,15","COP","17/01/2014","17/01/2014"
"$1.941,45","COP","16/01/2014","16/01/2014"
"$1.932,59","COP","15/01/2014","15/01/2014"
"$1.924,79","COP","14/01/2014","14/01/2014"
"$1.926,55","COP","11/01/2014","13/01/2014"
"$1.934,88","COP","10/01/2014","10/01/2014"
"$1.933,24","COP","09/01/2014","09/01/2014"
"$1.930,45","COP","08/01/2014","08/01/2014"
"$1.936,92","COP","04/01/2014","07/01/2014"
"$1.938,89","COP","03/01/2014","03/01/2014"
"$1.926,83","COP","31/12/2013","02/01/2014"
"$1.922,56","COP","28/12/2013","30/12/2013"
"$1.921,22","COP","27/12/2013","27/12/2013"
"$1.922,76","COP","25/12/2013","26/12/2013"
"$1.925,45","COP","24/12/2013","24/12/2013"
"$1.935,93","COP","21/12/2013","23/12/2013"
"$1.943,46","COP","20/12/2013","20/12/2013"
"$1.945,60","COP","19/12/2013","19/12/2013"
"$1.936,14","COP","18/12/2013","18/12/2013"
"$1.934,95","COP","17/12/2013","17/12/2013"
"$1.930,87","COP","14/12/2013","16/12/2013"
"$1.935,89","COP","13/12/2013","13/12/2013"
"$1.935,61","COP","12/12/2013","12/12/2013"
"$1.933,52","COP","11/12/2013","11/12/2013"
"$1.932,71","COP","10/12/2013","10/12/2013"
"$1.936,33","COP","07/12/2013","09/12/2013"
"$1.940,26","COP","06/12/2013","06/12/2013"
"$1.948,48","COP","05/12/2013","05/12/2013"
"$1.941,01","COP","04/12/2013","04/12/2013"
"$1.934,16","COP","03/12/2013","03/12/2013"
"$1.931,88","COP","30/11/2013","02/12/2013"
"$1.928,25","COP","28/11/2013","29/11/2013"
"$1.926,74","COP","27/11/2013","27/11/2013"
"$1.926,99","COP","26/11/2013","26/11/2013"
"$1.929,13","COP","23/11/2013","25/11/2013"
"$1.932,42","COP","22/11/2013","22/11/2013"
"$1.923,19","COP","21/11/2013","21/11/2013"
"$1.919,20","COP","20/11/2013","20/11/2013"
"$1.915,37","COP","19/11/2013","19/11/2013"
"$1.919,89","COP","16/11/2013","18/11/2013"
"$1.929,24","COP","15/11/2013","15/11/2013"
"$1.932,03","COP","14/11/2013","14/11/2013"
"$1.928,96","COP","13/11/2013","13/11/2013"
"$1.932,77","COP","09/11/2013","12/11/2013"
"$1.924,87","COP","08/11/2013","08/11/2013"
"$1.916,80","COP","07/11/2013","07/11/2013"
"$1.916,22","COP","06/11/2013","06/11/2013"
"$1.901,22","COP","02/11/2013","05/11/2013"
"$1.889,16","COP","01/11/2013","01/11/2013"
"$1.884,06","COP","31/10/2013","31/10/2013"
"$1.883,42","COP","30/10/2013","30/10/2013"
"$1.884,43","COP","29/10/2013","29/10/2013"
"$1.882,34","COP","26/10/2013","28/10/2013"
"$1.882,11","COP","25/10/2013","25/10/2013"
"$1.883,14","COP","24/10/2013","24/10/2013"
"$1.879,46","COP","23/10/2013","23/10/2013"
"$1.885,52","COP","22/10/2013","22/10/2013"
"$1.879,88","COP","19/10/2013","21/10/2013"
"$1.879,48","COP","18/10/2013","18/10/2013"
"$1.880,91","COP","17/10/2013","17/10/2013"
"$1.883,70","COP","16/10/2013","16/10/2013"
"$1.883,65","COP","12/10/2013","15/10/2013"
"$1.885,84","COP","11/10/2013","11/10/2013"
"$1.894,06","COP","10/10/2013","10/10/2013"
"$1.889,17","COP","09/10/2013","09/10/2013"
"$1.885,19","COP","08/10/2013","08/10/2013"
"$1.886,78","COP","05/10/2013","07/10/2013"
"$1.889,95","COP","04/10/2013","04/10/2013"
"$1.884,97","COP","03/10/2013","03/10/2013"
"$1.893,77","COP","02/10/2013","02/10/2013"
"$1.908,29","COP","01/10/2013","01/10/2013"
"$1.914,65","COP","28/09/2013","30/09/2013"
"$1.899,10","COP","27/09/2013","27/09/2013"
"$1.893,42","COP","26/09/2013","26/09/2013"
"$1.888,14","COP","25/09/2013","25/09/2013"
"$1.892,89","COP","24/09/2013","24/09/2013"
"$1.889,12","COP","21/09/2013","23/09/2013"
"$1.887,30","COP","20/09/2013","20/09/2013"
"$1.911,30","COP","19/09/2013","19/09/2013"
"$1.914,12","COP","18/09/2013","18/09/2013"
"$1.917,03","COP","17/09/2013","17/09/2013"
"$1.919,54","COP","14/09/2013","16/09/2013"
"$1.919,25","COP","13/09/2013","13/09/2013"
"$1.923,64","COP","12/09/2013","12/09/2013"
"$1.935,55","COP","11/09/2013","11/09/2013"
"$1.946,06","COP","10/09/2013","10/09/2013"
"$1.947,99","COP","07/09/2013","09/09/2013"
"$1.952,11","COP","06/09/2013","06/09/2013"
"$1.938,99","COP","05/09/2013","05/09/2013"
"$1.946,28","COP","04/09/2013","04/09/2013"
"$1.935,43","COP","31/08/2013","03/09/2013"
"$1.943,04","COP","30/08/2013","30/08/2013"
"$1.939,85","COP","29/08/2013","29/08/2013"
"$1.938,26","COP","28/08/2013","28/08/2013"
"$1.922,96","COP","27/08/2013","27/08/2013"
"$1.911,16","COP","24/08/2013","26/08/2013"
"$1.921,99","COP","23/08/2013","23/08/2013"
"$1.929,75","COP","22/08/2013","22/08/2013"
"$1.922,73","COP","21/08/2013","21/08/2013"
"$1.907,06","COP","17/08/2013","20/08/2013"
"$1.901,03","COP","16/08/2013","16/08/2013"
"$1.883,15","COP","15/08/2013","15/08/2013"
"$1.882,36","COP","14/08/2013","14/08/2013"
"$1.868,90","COP","13/08/2013","13/08/2013"
"$1.873,92","COP","10/08/2013","12/08/2013"
"$1.877,23","COP","09/08/2013","09/08/2013"
"$1.882,01","COP","07/08/2013","08/08/2013"
"$1.883,24","COP","06/08/2013","06/08/2013"
"$1.891,67","COP","03/08/2013","05/08/2013"
"$1.896,65","COP","02/08/2013","02/08/2013"
"$1.896,15","COP","01/08/2013","01/08/2013"
"$1.890,33","COP","31/07/2013","31/07/2013"
"$1.888,95","COP","30/07/2013","30/07/2013"
"$1.886,26","COP","27/07/2013","29/07/2013"
"$1.887,40","COP","26/07/2013","26/07/2013"
"$1.891,02","COP","25/07/2013","25/07/2013"
"$1.886,06","COP","24/07/2013","24/07/2013"
"$1.880,87","COP","23/07/2013","23/07/2013"
"$1.884,01","COP","20/07/2013","22/07/2013"
"$1.883,29","COP","19/07/2013","19/07/2013"
"$1.873,25","COP","18/07/2013","18/07/2013"
"$1.878,42","COP","17/07/2013","17/07/2013"
"$1.893,16","COP","16/07/2013","16/07/2013"
"$1.905,25","COP","13/07/2013","15/07/2013"
"$1.910,79","COP","12/07/2013","12/07/2013"
"$1.920,24","COP","11/07/2013","11/07/2013"
"$1.920,12","COP","10/07/2013","10/07/2013"
"$1.926,84","COP","09/07/2013","09/07/2013"
"$1.927,40","COP","06/07/2013","08/07/2013"
"$1.915,45","COP","04/07/2013","05/07/2013"
"$1.919,42","COP","03/07/2013","03/07/2013"
"$1.929,00","COP","29/06/2013","02/07/2013"
"$1.922,63","COP","28/06/2013","28/06/2013"
"$1.921,86","COP","27/06/2013","27/06/2013"
"$1.928,27","COP","26/06/2013","26/06/2013"
"$1.942,97","COP","25/06/2013","25/06/2013"
"$1.941,06","COP","22/06/2013","24/06/2013"
"$1.937,26","COP","21/06/2013","21/06/2013"
"$1.900,87","COP","20/06/2013","20/06/2013"
"$1.902,47","COP","19/06/2013","19/06/2013"
"$1.883,57","COP","18/06/2013","18/06/2013"
"$1.882,38","COP","15/06/2013","17/06/2013"
"$1.895,01","COP","14/06/2013","14/06/2013"
"$1.897,53","COP","13/06/2013","13/06/2013"
"$1.907,12","COP","12/06/2013","12/06/2013"
"$1.898,80","COP","08/06/2013","11/06/2013"
"$1.907,88","COP","07/06/2013","07/06/2013"
"$1.899,08","COP","06/06/2013","06/06/2013"
"$1.894,40","COP","05/06/2013","05/06/2013"
"$1.907,76","COP","01/06/2013","04/06/2013"
"$1.891,48","COP","31/05/2013","31/05/2013"
"$1.894,13","COP","30/05/2013","30/05/2013"
"$1.897,10","COP","29/05/2013","29/05/2013"
"$1.874,10","COP","25/05/2013","28/05/2013"
"$1.864,02","COP","24/05/2013","24/05/2013"
"$1.850,55","COP","23/05/2013","23/05/2013"
"$1.846,76","COP","22/05/2013","22/05/2013"
"$1.842,59","COP","21/05/2013","21/05/2013"
"$1.841,35","COP","18/05/2013","20/05/2013"
"$1.838,82","COP","17/05/2013","17/05/2013"
"$1.843,75","COP","16/05/2013","16/05/2013"
"$1.838,63","COP","15/05/2013","15/05/2013"
"$1.834,83","COP","11/05/2013","14/05/2013"
"$1.833,07","COP","10/05/2013","10/05/2013"
"$1.830,70","COP","09/05/2013","09/05/2013"
"$1.827,13","COP","08/05/2013","08/05/2013"
"$1.831,42","COP","07/05/2013","07/05/2013"
"$1.835,88","COP","04/05/2013","06/05/2013"
"$1.836,34","COP","03/05/2013","03/05/2013"
"$1.825,83","COP","01/05/2013","02/05/2013"
"$1.828,79","COP","30/04/2013","30/04/2013"
"$1.833,70","COP","27/04/2013","29/04/2013"
"$1.830,84","COP","26/04/2013","26/04/2013"
"$1.836,79","COP","25/04/2013","25/04/2013"
"$1.838,03","COP","24/04/2013","24/04/2013"
"$1.841,14","COP","23/04/2013","23/04/2013"
"$1.835,57","COP","20/04/2013","22/04/2013"
"$1.847,02","COP","19/04/2013","19/04/2013"
"$1.846,46","COP","18/04/2013","18/04/2013"
"$1.833,98","COP","17/04/2013","17/04/2013"
"$1.834,86","COP","16/04/2013","16/04/2013"
"$1.827,79","COP","13/04/2013","15/04/2013"
"$1.823,84","COP","12/04/2013","12/04/2013"
"$1.821,20","COP","11/04/2013","11/04/2013"
"$1.813,11","COP","10/04/2013","10/04/2013"
"$1.817,66","COP","09/04/2013","09/04/2013"
"$1.826,88","COP","06/04/2013","08/04/2013"
"$1.829,01","COP","05/04/2013","05/04/2013"
"$1.819,93","COP","04/04/2013","04/04/2013"
"$1.817,14","COP","03/04/2013","03/04/2013"
"$1.823,12","COP","02/04/2013","02/04/2013"
"$1.832,20","COP","28/03/2013","01/04/2013"
"$1.828,95","COP","27/03/2013","27/03/2013"
"$1.825,79","COP","23/03/2013","26/03/2013"
"$1.822,78","COP","22/03/2013","22/03/2013"
"$1.812,35","COP","21/03/2013","21/03/2013"
"$1.809,83","COP","20/03/2013","20/03/2013"
"$1.809,58","COP","19/03/2013","19/03/2013"
"$1.804,06","COP","16/03/2013","18/03/2013"
"$1.797,28","COP","15/03/2013","15/03/2013"
"$1.798,56","COP","14/03/2013","14/03/2013"
"$1.801,64","COP","13/03/2013","13/03/2013"
"$1.801,20","COP","12/03/2013","12/03/2013"
"$1.800,45","COP","09/03/2013","11/03/2013"
"$1.803,65","COP","08/03/2013","08/03/2013"
"$1.808,00","COP","07/03/2013","07/03/2013"
"$1.809,65","COP","06/03/2013","06/03/2013"
"$1.813,53","COP","05/03/2013","05/03/2013"
"$1.816,48","COP","02/03/2013","04/03/2013"
"$1.814,28","COP","01/03/2013","01/03/2013"
"$1.816,42","COP","28/02/2013","28/02/2013"
"$1.818,54","COP","27/02/2013","27/02/2013"
"$1.806,11","COP","26/02/2013","26/02/2013"
"$1.800,70","COP","23/02/2013","25/02/2013"
"$1.798,21","COP","22/02/2013","22/02/2013"
"$1.791,33","COP","21/02/2013","21/02/2013"
"$1.794,63","COP","20/02/2013","20/02/2013"
"$1.785,41","COP","16/02/2013","19/02/2013"
"$1.783,19","COP","15/02/2013","15/02/2013"
"$1.777,72","COP","14/02/2013","14/02/2013"
"$1.783,20","COP","13/02/2013","13/02/2013"
"$1.784,71","COP","12/02/2013","12/02/2013"
"$1.790,61","COP","09/02/2013","11/02/2013"
"$1.795,21","COP","08/02/2013","08/02/2013"
"$1.791,24","COP","07/02/2013","07/02/2013"
"$1.789,09","COP","06/02/2013","06/02/2013"
"$1.785,92","COP","05/02/2013","05/02/2013"
"$1.776,20","COP","02/02/2013","04/02/2013"
"$1.775,65","COP","01/02/2013","01/02/2013"
"$1.773,24","COP","31/01/2013","31/01/2013"
"$1.776,09","COP","30/01/2013","30/01/2013"
"$1.779,84","COP","29/01/2013","29/01/2013"
"$1.779,25","COP","26/01/2013","28/01/2013"
"$1.779,73","COP","25/01/2013","25/01/2013"
"$1.778,69","COP","24/01/2013","24/01/2013"
"$1.776,96","COP","23/01/2013","23/01/2013"
"$1.767,74","COP","19/01/2013","22/01/2013"
"$1.767,78","COP","18/01/2013","18/01/2013"
"$1.775,15","COP","17/01/2013","17/01/2013"
"$1.769,88","COP","16/01/2013","16/01/2013"
"$1.758,45","COP","15/01/2013","15/01/2013"
"$1.762,38","COP","12/01/2013","14/01/2013"
"$1.761,50","COP","11/01/2013","11/01/2013"
"$1.767,96","COP","10/01/2013","10/01/2013"
"$1.771,31","COP","09/01/2013","09/01/2013"
"$1.767,54","COP","05/01/2013","08/01/2013"
"$1.760,83","COP","04/01/2013","04/01/2013"
"$1.759,97","COP","03/01/2013","03/01/2013"
"$1.768,23","COP","29/12/2012","02/01/2013"
"$1.771,54","COP","28/12/2012","28/12/2012"
"$1.771,49","COP","27/12/2012","27/12/2012"
"$1.773,44","COP","25/12/2012","26/12/2012"
"$1.779,79","COP","22/12/2012","24/12/2012"
"$1.788,87","COP","21/12/2012","21/12/2012"
"$1.790,46","COP","20/12/2012","20/12/2012"
"$1.794,14","COP","19/12/2012","19/12/2012"
"$1.796,98","COP","18/12/2012","18/12/2012"
"$1.798,37","COP","15/12/2012","17/12/2012"
"$1.795,05","COP","14/12/2012","14/12/2012"
"$1.796,31","COP","13/12/2012","13/12/2012"
"$1.801,50","COP","12/12/2012","12/12/2012"
"$1.799,40","COP","11/12/2012","11/12/2012"
"$1.797,45","COP","08/12/2012","10/12/2012"
"$1.803,69","COP","07/12/2012","07/12/2012"
"$1.811,05","COP","06/12/2012","06/12/2012"
"$1.813,57","COP","05/12/2012","05/12/2012"
"$1.813,73","COP","04/12/2012","04/12/2012"
"$1.813,72","COP","01/12/2012","03/12/2012"
"$1.817,93","COP","30/11/2012","30/11/2012"
"$1.825,08","COP","29/11/2012","29/11/2012"
"$1.823,54","COP","28/11/2012","28/11/2012"
"$1.824,12","COP","27/11/2012","27/11/2012"
"$1.820,18","COP","24/11/2012","26/11/2012"
"$1.815,76","COP","22/11/2012","23/11/2012"
"$1.815,58","COP","21/11/2012","21/11/2012"
"$1.817,67","COP","20/11/2012","20/11/2012"
"$1.823,46","COP","17/11/2012","19/11/2012"
"$1.822,61","COP","16/11/2012","16/11/2012"
"$1.818,20","COP","15/11/2012","15/11/2012"
"$1.819,30","COP","14/11/2012","14/11/2012"
"$1.816,99","COP","10/11/2012","13/11/2012"
"$1.814,21","COP","09/11/2012","09/11/2012"
"$1.814,83","COP","08/11/2012","08/11/2012"
"$1.814,99","COP","07/11/2012","07/11/2012"
"$1.828,80","COP","03/11/2012","06/11/2012"
"$1.825,50","COP","02/11/2012","02/11/2012"
"$1.831,25","COP","01/11/2012","01/11/2012"
"$1.829,89","COP","31/10/2012","31/10/2012"
"$1.830,45","COP","30/10/2012","30/10/2012"
"$1.823,18","COP","27/10/2012","29/10/2012"
"$1.816,97","COP","26/10/2012","26/10/2012"
"$1.817,25","COP","25/10/2012","25/10/2012"
"$1.816,60","COP","24/10/2012","24/10/2012"
"$1.802,91","COP","23/10/2012","23/10/2012"
"$1.798,42","COP","20/10/2012","22/10/2012"
"$1.797,66","COP","19/10/2012","19/10/2012"
"$1.798,53","COP","18/10/2012","18/10/2012"
"$1.797,81","COP","17/10/2012","17/10/2012"
"$1.797,68","COP","13/10/2012","16/10/2012"
"$1.797,68","COP","12/10/2012","12/10/2012"
"$1.799,78","COP","11/10/2012","11/10/2012"
"$1.798,32","COP","10/10/2012","10/10/2012"
"$1.795,40","COP","06/10/2012","09/10/2012"
"$1.797,68","COP","05/10/2012","05/10/2012"
"$1.800,43","COP","04/10/2012","04/10/2012"
"$1.798,86","COP","03/10/2012","03/10/2012"
"$1.797,97","COP","02/10/2012","02/10/2012"
"$1.800,52","COP","29/09/2012","01/10/2012"
"$1.798,08","COP","28/09/2012","28/09/2012"
"$1.799,55","COP","27/09/2012","27/09/2012"
"$1.795,69","COP","26/09/2012","26/09/2012"
"$1.799,29","COP","25/09/2012","25/09/2012"
"$1.796,75","COP","22/09/2012","24/09/2012"
"$1.798,98","COP","21/09/2012","21/09/2012"
"$1.795,66","COP","20/09/2012","20/09/2012"
"$1.800,19","COP","19/09/2012","19/09/2012"
"$1.799,77","COP","18/09/2012","18/09/2012"
"$1.789,54","COP","15/09/2012","17/09/2012"
"$1.799,57","COP","14/09/2012","14/09/2012"
"$1.802,22","COP","13/09/2012","13/09/2012"
"$1.795,40","COP","12/09/2012","12/09/2012"
"$1.802,23","COP","11/09/2012","11/09/2012"
"$1.797,35","COP","08/09/2012","10/09/2012"
"$1.804,09","COP","07/09/2012","07/09/2012"
"$1.814,06","COP","06/09/2012","06/09/2012"
"$1.824,81","COP","05/09/2012","05/09/2012"
"$1.825,21","COP","01/09/2012","04/09/2012"
"$1.830,50","COP","31/08/2012","31/08/2012"
"$1.833,14","COP","30/08/2012","30/08/2012"
"$1.828,99","COP","29/08/2012","29/08/2012"
"$1.821,44","COP","28/08/2012","28/08/2012"
"$1.814,83","COP","25/08/2012","27/08/2012"
"$1.808,33","COP","24/08/2012","24/08/2012"
"$1.812,88","COP","23/08/2012","23/08/2012"
"$1.815,80","COP","22/08/2012","22/08/2012"
"$1.822,59","COP","18/08/2012","21/08/2012"
"$1.825,52","COP","17/08/2012","17/08/2012"
"$1.817,18","COP","16/08/2012","16/08/2012"
"$1.800,81","COP","15/08/2012","15/08/2012"
"$1.792,86","COP","14/08/2012","14/08/2012"
"$1.791,61","COP","11/08/2012","13/08/2012"
"$1.788,08","COP","10/08/2012","10/08/2012"
"$1.788,03","COP","09/08/2012","09/08/2012"
"$1.785,29","COP","07/08/2012","08/08/2012"
"$1.786,06","COP","04/08/2012","06/08/2012"
"$1.790,97","COP","03/08/2012","03/08/2012"
"$1.787,51","COP","02/08/2012","02/08/2012"
"$1.790,74","COP","01/08/2012","01/08/2012"
"$1.789,02","COP","31/07/2012","31/07/2012"
"$1.791,12","COP","28/07/2012","30/07/2012"
"$1.789,22","COP","27/07/2012","27/07/2012"
"$1.799,48","COP","26/07/2012","26/07/2012"
"$1.797,33","COP","25/07/2012","25/07/2012"
"$1.790,39","COP","24/07/2012","24/07/2012"
"$1.775,80","COP","20/07/2012","23/07/2012"
"$1.778,28","COP","19/07/2012","19/07/2012"
"$1.778,97","COP","18/07/2012","18/07/2012"
"$1.778,42","COP","17/07/2012","17/07/2012"
"$1.780,21","COP","14/07/2012","16/07/2012"
"$1.790,12","COP","13/07/2012","13/07/2012"
"$1.787,72","COP","12/07/2012","12/07/2012"
"$1.785,06","COP","11/07/2012","11/07/2012"
"$1.790,25","COP","10/07/2012","10/07/2012"
"$1.785,25","COP","07/07/2012","09/07/2012"
"$1.774,37","COP","06/07/2012","06/07/2012"
"$1.771,53","COP","04/07/2012","05/07/2012"
"$1.784,60","COP","30/06/2012","03/07/2012"
"$1.805,60","COP","29/06/2012","29/06/2012"
"$1.796,18","COP","28/06/2012","28/06/2012"
"$1.805,14","COP","27/06/2012","27/06/2012"
"$1.803,37","COP","26/06/2012","26/06/2012"
"$1.787,47","COP","23/06/2012","25/06/2012"
"$1.775,99","COP","22/06/2012","22/06/2012"
"$1.770,38","COP","21/06/2012","21/06/2012"
"$1.773,18","COP","20/06/2012","20/06/2012"
"$1.786,21","COP","16/06/2012","19/06/2012"
"$1.787,63","COP","15/06/2012","15/06/2012"
"$1.783,45","COP","14/06/2012","14/06/2012"
"$1.776,47","COP","13/06/2012","13/06/2012"
"$1.776,26","COP","09/06/2012","12/06/2012"
"$1.766,91","COP","08/06/2012","08/06/2012"
"$1.782,89","COP","07/06/2012","07/06/2012"
"$1.798,85","COP","06/06/2012","06/06/2012"
"$1.815,54","COP","05/06/2012","05/06/2012"
"$1.834,71","COP","02/06/2012","04/06/2012"
"$1.833,80","COP","01/06/2012","01/06/2012"
"$1.827,83","COP","31/05/2012","31/05/2012"
"$1.818,82","COP","30/05/2012","30/05/2012"
"$1.840,69","COP","26/05/2012","29/05/2012"
"$1.836,45","COP","25/05/2012","25/05/2012"
"$1.845,17","COP","24/05/2012","24/05/2012"
"$1.824,73","COP","23/05/2012","23/05/2012"
"$1.814,46","COP","19/05/2012","22/05/2012"
"$1.804,92","COP","18/05/2012","18/05/2012"
"$1.793,61","COP","17/05/2012","17/05/2012"
"$1.778,37","COP","16/05/2012","16/05/2012"
"$1.771,60","COP","15/05/2012","15/05/2012"
"$1.764,69","COP","12/05/2012","14/05/2012"
"$1.765,00","COP","11/05/2012","11/05/2012"
"$1.775,96","COP","10/05/2012","10/05/2012"
"$1.760,60","COP","09/05/2012","09/05/2012"
"$1.759,12","COP","08/05/2012","08/05/2012"
"$1.757,24","COP","05/05/2012","07/05/2012"
"$1.754,89","COP","04/05/2012","04/05/2012"
"$1.760,12","COP","03/05/2012","03/05/2012"
"$1.764,00","COP","01/05/2012","02/05/2012"
"$1.761,20","COP","28/04/2012","30/04/2012"
"$1.764,63","COP","27/04/2012","27/04/2012"
"$1.763,85","COP","26/04/2012","26/04/2012"
"$1.767,91","COP","25/04/2012","25/04/2012"
"$1.774,44","COP","24/04/2012","24/04/2012"
"$1.771,13","COP","21/04/2012","23/04/2012"
"$1.776,06","COP","20/04/2012","20/04/2012"
"$1.774,21","COP","19/04/2012","19/04/2012"
"$1.769,07","COP","18/04/2012","18/04/2012"
"$1.775,67","COP","17/04/2012","17/04/2012"
"$1.777,12","COP","14/04/2012","16/04/2012"
"$1.778,78","COP","13/04/2012","13/04/2012"
"$1.787,66","COP","12/04/2012","12/04/2012"
"$1.793,30","COP","11/04/2012","11/04/2012"
"$1.779,53","COP","10/04/2012","10/04/2012"
"$1.772,58","COP","05/04/2012","09/04/2012"
"$1.767,84","COP","04/04/2012","04/04/2012"
"$1.779,13","COP","03/04/2012","03/04/2012"
"$1.792,07","COP","31/03/2012","02/04/2012"
"$1.784,66","COP","30/03/2012","30/03/2012"
"$1.771,25","COP","29/03/2012","29/03/2012"
"$1.762,93","COP","28/03/2012","28/03/2012"
"$1.759,58","COP","27/03/2012","27/03/2012"
"$1.760,17","COP","24/03/2012","26/03/2012"
"$1.761,87","COP","23/03/2012","23/03/2012"
"$1.758,03","COP","22/03/2012","22/03/2012"
"$1.759,78","COP","21/03/2012","21/03/2012"
"$1.758,38","COP","17/03/2012","20/03/2012"
"$1.761,02","COP","16/03/2012","16/03/2012"
"$1.761,04","COP","15/03/2012","15/03/2012"
"$1.760,77","COP","14/03/2012","14/03/2012"
"$1.766,10","COP","13/03/2012","13/03/2012"
"$1.762,08","COP","10/03/2012","12/03/2012"
"$1.765,06","COP","09/03/2012","09/03/2012"
"$1.773,88","COP","08/03/2012","08/03/2012"
"$1.779,32","COP","07/03/2012","07/03/2012"
"$1.774,03","COP","06/03/2012","06/03/2012"
"$1.775,69","COP","03/03/2012","05/03/2012"
"$1.770,70","COP","02/03/2012","02/03/2012"
"$1.766,85","COP","01/03/2012","01/03/2012"
"$1.767,83","COP","29/02/2012","29/02/2012"
"$1.777,27","COP","28/02/2012","28/02/2012"
"$1.772,42","COP","25/02/2012","27/02/2012"
"$1.776,11","COP","24/02/2012","24/02/2012"
"$1.781,57","COP","23/02/2012","23/02/2012"
"$1.777,59","COP","22/02/2012","22/02/2012"
"$1.779,81","COP","18/02/2012","21/02/2012"
"$1.792,92","COP","17/02/2012","17/02/2012"
"$1.791,29","COP","16/02/2012","16/02/2012"
"$1.785,24","COP","15/02/2012","15/02/2012"
"$1.778,12","COP","14/02/2012","14/02/2012"
"$1.785,59","COP","11/02/2012","13/02/2012"
"$1.774,96","COP","10/02/2012","10/02/2012"
"$1.778,90","COP","09/02/2012","09/02/2012"
"$1.783,34","COP","08/02/2012","08/02/2012"
"$1.787,96","COP","07/02/2012","07/02/2012"
"$1.784,77","COP","04/02/2012","06/02/2012"
"$1.795,55","COP","03/02/2012","03/02/2012"
"$1.797,68","COP","02/02/2012","02/02/2012"
"$1.805,98","COP","01/02/2012","01/02/2012"
"$1.815,08","COP","31/01/2012","31/01/2012"
"$1.810,55","COP","28/01/2012","30/01/2012"
"$1.801,88","COP","27/01/2012","27/01/2012"
"$1.814,69","COP","26/01/2012","26/01/2012"
"$1.814,58","COP","25/01/2012","25/01/2012"
"$1.811,55","COP","24/01/2012","24/01/2012"
"$1.828,75","COP","21/01/2012","23/01/2012"
"$1.821,86","COP","20/01/2012","20/01/2012"
"$1.827,24","COP","19/01/2012","19/01/2012"
"$1.836,34","COP","18/01/2012","18/01/2012"
"$1.841,31","COP","14/01/2012","17/01/2012"
"$1.842,47","COP","13/01/2012","13/01/2012"
"$1.854,17","COP","12/01/2012","12/01/2012"
"$1.865,07","COP","11/01/2012","11/01/2012"
"$1.884,47","COP","07/01/2012","10/01/2012"
"$1.884,44","COP","06/01/2012","06/01/2012"
"$1.898,24","COP","05/01/2012","05/01/2012"
"$1.915,02","COP","04/01/2012","04/01/2012"
"$1.942,70","COP","30/12/2011","03/01/2012"
"$1.938,52","COP","29/12/2011","29/12/2011"
"$1.920,16","COP","28/12/2011","28/12/2011"
"$1.920,93","COP","24/12/2011","27/12/2011"
"$1.927,71","COP","23/12/2011","23/12/2011"
"$1.935,72","COP","22/12/2011","22/12/2011"
"$1.932,08","COP","21/12/2011","21/12/2011"
"$1.939,39","COP","20/12/2011","20/12/2011"
"$1.935,64","COP","17/12/2011","19/12/2011"
"$1.935,96","COP","16/12/2011","16/12/2011"
"$1.937,60","COP","15/12/2011","15/12/2011"
"$1.929,01","COP","14/12/2011","14/12/2011"
"$1.932,30","COP","13/12/2011","13/12/2011"
"$1.927,10","COP","10/12/2011","12/12/2011"
"$1.930,57","COP","08/12/2011","09/12/2011"
"$1.936,11","COP","07/12/2011","07/12/2011"
"$1.936,29","COP","06/12/2011","06/12/2011"
"$1.938,83","COP","03/12/2011","05/12/2011"
"$1.949,56","COP","02/12/2011","02/12/2011"
"$1.948,51","COP","01/12/2011","01/12/2011"
"$1.967,18","COP","30/11/2011","30/11/2011"
"$1.946,28","COP","29/11/2011","29/11/2011"
"$1.948,48","COP","26/11/2011","28/11/2011"
"$1.932,63","COP","24/11/2011","25/11/2011"
"$1.925,39","COP","23/11/2011","23/11/2011"
"$1.928,47","COP","22/11/2011","22/11/2011"
"$1.917,45","COP","19/11/2011","21/11/2011"
"$1.910,83","COP","18/11/2011","18/11/2011"
"$1.912,20","COP","17/11/2011","17/11/2011"
"$1.915,41","COP","16/11/2011","16/11/2011"
"$1.913,65","COP","11/11/2011","15/11/2011"
"$1.917,69","COP","10/11/2011","10/11/2011"
"$1.908,71","COP","09/11/2011","09/11/2011"
"$1.915,72","COP","05/11/2011","08/11/2011"
"$1.905,38","COP","04/11/2011","04/11/2011"
"$1.889,66","COP","03/11/2011","03/11/2011"
"$1.891,38","COP","02/11/2011","02/11/2011"
"$1.871,49","COP","01/11/2011","01/11/2011"
"$1.863,06","COP","29/10/2011","31/10/2011"
"$1.862,84","COP","28/10/2011","28/10/2011"
"$1.878,10","COP","27/10/2011","27/10/2011"
"$1.875,55","COP","26/10/2011","26/10/2011"
"$1.878,78","COP","25/10/2011","25/10/2011"
"$1.897,45","COP","22/10/2011","24/10/2011"
"$1.905,95","COP","21/10/2011","21/10/2011"
"$1.900,10","COP","20/10/2011","20/10/2011"
"$1.902,47","COP","19/10/2011","19/10/2011"
"$1.895,33","COP","15/10/2011","18/10/2011"
"$1.909,12","COP","14/10/2011","14/10/2011"
"$1.896,72","COP","13/10/2011","13/10/2011"
"$1.913,60","COP","12/10/2011","12/10/2011"
"$1.931,64","COP","08/10/2011","11/10/2011"
"$1.952,09","COP","07/10/2011","07/10/2011"
"$1.967,56","COP","06/10/2011","06/10/2011"
"$1.972,76","COP","05/10/2011","05/10/2011"
"$1.943,80","COP","04/10/2011","04/10/2011"
"$1.929,01","COP","01/10/2011","03/10/2011"
"$1.915,10","COP","30/09/2011","30/09/2011"
"$1.907,75","COP","29/09/2011","29/09/2011"
"$1.887,38","COP","28/09/2011","28/09/2011"
"$1.903,31","COP","27/09/2011","27/09/2011"
"$1.902,45","COP","24/09/2011","26/09/2011"
"$1.915,63","COP","23/09/2011","23/09/2011"
"$1.882,23","COP","22/09/2011","22/09/2011"
"$1.854,96","COP","21/09/2011","21/09/2011"
"$1.843,26","COP","20/09/2011","20/09/2011"
"$1.820,29","COP","17/09/2011","19/09/2011"
"$1.822,04","COP","16/09/2011","16/09/2011"
"$1.824,15","COP","15/09/2011","15/09/2011"
"$1.813,42","COP","14/09/2011","14/09/2011"
"$1.811,34","COP","13/09/2011","13/09/2011"
"$1.796,58","COP","10/09/2011","12/09/2011"
"$1.789,90","COP","09/09/2011","09/09/2011"
"$1.789,30","COP","08/09/2011","08/09/2011"
"$1.791,89","COP","07/09/2011","07/09/2011"
"$1.782,80","COP","03/09/2011","06/09/2011"
"$1.778,51","COP","02/09/2011","02/09/2011"
"$1.780,26","COP","01/09/2011","01/09/2011"
"$1.783,66","COP","31/08/2011","31/08/2011"
"$1.787,52","COP","30/08/2011","30/08/2011"
"$1.794,02","COP","27/08/2011","29/08/2011"
"$1.791,05","COP","26/08/2011","26/08/2011"
"$1.791,61","COP","25/08/2011","25/08/2011"
"$1.781,91","COP","24/08/2011","24/08/2011"
"$1.779,86","COP","23/08/2011","23/08/2011"
"$1.779,05","COP","20/08/2011","22/08/2011"
"$1.775,84","COP","19/08/2011","19/08/2011"
"$1.767,29","COP","18/08/2011","18/08/2011"
"$1.776,66","COP","17/08/2011","17/08/2011"
"$1.783,35","COP","13/08/2011","16/08/2011"
"$1.793,47","COP","12/08/2011","12/08/2011"
"$1.800,97","COP","11/08/2011","11/08/2011"
"$1.811,68","COP","10/08/2011","10/08/2011"
"$1.811,18","COP","09/08/2011","09/08/2011"
"$1.792,68","COP","06/08/2011","08/08/2011"
"$1.781,33","COP","05/08/2011","05/08/2011"
"$1.772,52","COP","04/08/2011","04/08/2011"
"$1.765,53","COP","03/08/2011","03/08/2011"
"$1.771,81","COP","02/08/2011","02/08/2011"
"$1.777,82","COP","30/07/2011","01/08/2011"
"$1.771,15","COP","29/07/2011","29/07/2011"
"$1.764,89","COP","28/07/2011","28/07/2011"
"$1.759,88","COP","27/07/2011","27/07/2011"
"$1.768,02","COP","26/07/2011","26/07/2011"
"$1.757,35","COP","23/07/2011","25/07/2011"
"$1.756,38","COP","22/07/2011","22/07/2011"
"$1.757,49","COP","20/07/2011","21/07/2011"
"$1.758,99","COP","19/07/2011","19/07/2011"
"$1.750,90","COP","16/07/2011","18/07/2011"
"$1.748,41","COP","15/07/2011","15/07/2011"
"$1.758,25","COP","14/07/2011","14/07/2011"
"$1.765,32","COP","13/07/2011","13/07/2011"
"$1.768,42","COP","12/07/2011","12/07/2011"
"$1.759,41","COP","09/07/2011","11/07/2011"
"$1.759,38","COP","08/07/2011","08/07/2011"
"$1.767,47","COP","07/07/2011","07/07/2011"
"$1.766,57","COP","06/07/2011","06/07/2011"
"$1.762,59","COP","02/07/2011","05/07/2011"
"$1.772,32","COP","01/07/2011","01/07/2011"
"$1.780,16","COP","30/06/2011","30/06/2011"
"$1.786,73","COP","29/06/2011","29/06/2011"
"$1.787,80","COP","25/06/2011","28/06/2011"
"$1.788,11","COP","24/06/2011","24/06/2011"
"$1.779,10","COP","23/06/2011","23/06/2011"
"$1.780,48","COP","22/06/2011","22/06/2011"
"$1.789,47","COP","21/06/2011","21/06/2011"
"$1.787,80","COP","18/06/2011","20/06/2011"
"$1.793,92","COP","17/06/2011","17/06/2011"
"$1.781,40","COP","16/06/2011","16/06/2011"
"$1.774,24","COP","15/06/2011","15/06/2011"
"$1.777,64","COP","14/06/2011","14/06/2011"
"$1.774,94","COP","11/06/2011","13/06/2011"
"$1.772,59","COP","10/06/2011","10/06/2011"
"$1.769,83","COP","09/06/2011","09/06/2011"
"$1.770,13","COP","08/06/2011","08/06/2011"
"$1.785,05","COP","04/06/2011","07/06/2011"
"$1.784,12","COP","03/06/2011","03/06/2011"
"$1.789,41","COP","02/06/2011","02/06/2011"
"$1.797,83","COP","01/06/2011","01/06/2011"
"$1.817,34","COP","28/05/2011","31/05/2011"
"$1.829,75","COP","27/05/2011","27/05/2011"
"$1.831,58","COP","26/05/2011","26/05/2011"
"$1.828,64","COP","25/05/2011","25/05/2011"
"$1.828,12","COP","24/05/2011","24/05/2011"
"$1.819,86","COP","21/05/2011","23/05/2011"
"$1.814,99","COP","20/05/2011","20/05/2011"
"$1.824,62","COP","19/05/2011","19/05/2011"
"$1.826,03","COP","18/05/2011","18/05/2011"
"$1.814,98","COP","17/05/2011","17/05/2011"
"$1.805,37","COP","14/05/2011","16/05/2011"
"$1.807,86","COP","13/05/2011","13/05/2011"
"$1.798,66","COP","12/05/2011","12/05/2011"
"$1.791,72","COP","11/05/2011","11/05/2011"
"$1.779,70","COP","10/05/2011","10/05/2011"
"$1.763,12","COP","07/05/2011","09/05/2011"
"$1.769,46","COP","06/05/2011","06/05/2011"
"$1.763,45","COP","05/05/2011","05/05/2011"
"$1.767,05","COP","04/05/2011","04/05/2011"
"$1.768,37","COP","03/05/2011","03/05/2011"
"$1.768,19","COP","30/04/2011","02/05/2011"
"$1.767,54","COP","29/04/2011","29/04/2011"
"$1.784,11","COP","28/04/2011","28/04/2011"
"$1.787,88","COP","27/04/2011","27/04/2011"
"$1.781,56","COP","26/04/2011","26/04/2011"
"$1.782,59","COP","21/04/2011","25/04/2011"
"$1.790,54","COP","20/04/2011","20/04/2011"
"$1.799,79","COP","19/04/2011","19/04/2011"
"$1.800,63","COP","16/04/2011","18/04/2011"
"$1.811,10","COP","15/04/2011","15/04/2011"
"$1.818,91","COP","14/04/2011","14/04/2011"
"$1.818,14","COP","13/04/2011","13/04/2011"
"$1.815,79","COP","12/04/2011","12/04/2011"
"$1.817,35","COP","09/04/2011","11/04/2011"
"$1.825,09","COP","08/04/2011","08/04/2011"
"$1.826,97","COP","07/04/2011","07/04/2011"
"$1.838,29","COP","06/04/2011","06/04/2011"
"$1.846,78","COP","05/04/2011","05/04/2011"
"$1.858,95","COP","02/04/2011","04/04/2011"
"$1.870,60","COP","01/04/2011","01/04/2011"
"$1.879,47","COP","31/03/2011","31/03/2011"
"$1.888,00","COP","30/03/2011","30/03/2011"
"$1.877,84","COP","29/03/2011","29/03/2011"
"$1.871,37","COP","26/03/2011","28/03/2011"
"$1.865,11","COP","25/03/2011","25/03/2011"
"$1.867,74","COP","24/03/2011","24/03/2011"
"$1.866,34","COP","23/03/2011","23/03/2011"
"$1.874,79","COP","19/03/2011","22/03/2011"
"$1.876,78","COP","18/03/2011","18/03/2011"
"$1.892,62","COP","17/03/2011","17/03/2011"
"$1.887,67","COP","16/03/2011","16/03/2011"
"$1.876,29","COP","15/03/2011","15/03/2011"
"$1.866,20","COP","12/03/2011","14/03/2011"
"$1.871,97","COP","11/03/2011","11/03/2011"
"$1.879,49","COP","10/03/2011","10/03/2011"
"$1.889,85","COP","09/03/2011","09/03/2011"
"$1.893,17","COP","08/03/2011","08/03/2011"
"$1.890,23","COP","05/03/2011","07/03/2011"
"$1.904,73","COP","04/03/2011","04/03/2011"
"$1.916,05","COP","03/03/2011","03/03/2011"
"$1.913,21","COP","02/03/2011","02/03/2011"
"$1.907,37","COP","01/03/2011","01/03/2011"
"$1.895,56","COP","26/02/2011","28/02/2011"
"$1.898,39","COP","25/02/2011","25/02/2011"
"$1.898,28","COP","24/02/2011","24/02/2011"
"$1.889,69","COP","23/02/2011","23/02/2011"
"$1.879,15","COP","19/02/2011","22/02/2011"
"$1.893,46","COP","18/02/2011","18/02/2011"
"$1.907,69","COP","17/02/2011","17/02/2011"
"$1.902,01","COP","16/02/2011","16/02/2011"
"$1.891,84","COP","15/02/2011","15/02/2011"
"$1.880,37","COP","12/02/2011","14/02/2011"
"$1.889,10","COP","11/02/2011","11/02/2011"
"$1.891,54","COP","10/02/2011","10/02/2011"
"$1.875,32","COP","09/02/2011","09/02/2011"
"$1.871,81","COP","08/02/2011","08/02/2011"
"$1.872,01","COP","05/02/2011","07/02/2011"
"$1.863,03","COP","04/02/2011","04/02/2011"
"$1.852,67","COP","03/02/2011","03/02/2011"
"$1.853,33","COP","02/02/2011","02/02/2011"
"$1.867,82","COP","01/02/2011","01/02/2011"
"$1.857,98","COP","29/01/2011","31/01/2011"
"$1.858,70","COP","28/01/2011","28/01/2011"
"$1.862,05","COP","27/01/2011","27/01/2011"
"$1.853,71","COP","26/01/2011","26/01/2011"
"$1.842,43","COP","25/01/2011","25/01/2011"
"$1.838,94","COP","22/01/2011","24/01/2011"
"$1.849,59","COP","21/01/2011","21/01/2011"
"$1.841,90","COP","20/01/2011","20/01/2011"
"$1.864,64","COP","19/01/2011","19/01/2011"
"$1.872,46","COP","15/01/2011","18/01/2011"
"$1.864,36","COP","14/01/2011","14/01/2011"
"$1.855,46","COP","13/01/2011","13/01/2011"
"$1.856,79","COP","12/01/2011","12/01/2011"
"$1.859,97","COP","08/01/2011","11/01/2011"
"$1.869,94","COP","07/01/2011","07/01/2011"
"$1.894,82","COP","06/01/2011","06/01/2011"
"$1.899,86","COP","05/01/2011","05/01/2011"
"$1.902,71","COP","04/01/2011","04/01/2011"
"$1.913,98","COP","31/12/2010","03/01/2011"
"$1.989,88","COP","30/12/2010","30/12/2010"
"$2.027,33","COP","29/12/2010","29/12/2010"
"$1.964,57","COP","28/12/2010","28/12/2010"
"$1.939,54","COP","25/12/2010","27/12/2010"
"$1.928,33","COP","24/12/2010","24/12/2010"
"$1.934,44","COP","23/12/2010","23/12/2010"
"$1.934,96","COP","22/12/2010","22/12/2010"
"$1.928,71","COP","21/12/2010","21/12/2010"
"$1.923,13","COP","18/12/2010","20/12/2010"
"$1.916,09","COP","17/12/2010","17/12/2010"
"$1.905,84","COP","16/12/2010","16/12/2010"
"$1.899,89","COP","15/12/2010","15/12/2010"
"$1.894,12","COP","14/12/2010","14/12/2010"
"$1.911,87","COP","11/12/2010","13/12/2010"
"$1.902,72","COP","10/12/2010","10/12/2010"
"$1.880,82","COP","08/12/2010","09/12/2010"
"$1.889,75","COP","07/12/2010","07/12/2010"
"$1.896,73","COP","04/12/2010","06/12/2010"
"$1.920,00","COP","03/12/2010","03/12/2010"
"$1.933,58","COP","02/12/2010","02/12/2010"
"$1.932,63","COP","01/12/2010","01/12/2010"
"$1.916,96","COP","30/11/2010","30/11/2010"
"$1.906,69","COP","27/11/2010","29/11/2010"
"$1.889,11","COP","25/11/2010","26/11/2010"
"$1.892,84","COP","24/11/2010","24/11/2010"
"$1.882,00","COP","23/11/2010","23/11/2010"
"$1.875,39","COP","20/11/2010","22/11/2010"
"$1.865,82","COP","19/11/2010","19/11/2010"
"$1.875,78","COP","18/11/2010","18/11/2010"
"$1.880,98","COP","17/11/2010","17/11/2010"
"$1.861,74","COP","13/11/2010","16/11/2010"
"$1.858,01","COP","11/11/2010","12/11/2010"
"$1.836,27","COP","10/11/2010","10/11/2010"
"$1.828,28","COP","09/11/2010","09/11/2010"
"$1.817,70","COP","06/11/2010","08/11/2010"
"$1.821,05","COP","05/11/2010","05/11/2010"
"$1.840,51","COP","04/11/2010","04/11/2010"
"$1.845,51","COP","03/11/2010","03/11/2010"
"$1.831,64","COP","30/10/2010","02/11/2010"
"$1.839,90","COP","29/10/2010","29/10/2010"
"$1.846,41","COP","28/10/2010","28/10/2010"
"$1.838,45","COP","27/10/2010","27/10/2010"
"$1.830,96","COP","26/10/2010","26/10/2010"
"$1.823,05","COP","23/10/2010","25/10/2010"
"$1.816,28","COP","22/10/2010","22/10/2010"
"$1.812,60","COP","21/10/2010","21/10/2010"
"$1.817,45","COP","20/10/2010","20/10/2010"
"$1.807,88","COP","16/10/2010","19/10/2010"
"$1.801,20","COP","15/10/2010","15/10/2010"
"$1.791,56","COP","14/10/2010","14/10/2010"
"$1.786,77","COP","13/10/2010","13/10/2010"
"$1.786,37","COP","09/10/2010","12/10/2010"
"$1.786,20","COP","08/10/2010","08/10/2010"
"$1.796,29","COP","07/10/2010","07/10/2010"
"$1.802,43","COP","06/10/2010","06/10/2010"
"$1.802,09","COP","05/10/2010","05/10/2010"
"$1.795,93","COP","02/10/2010","04/10/2010"
"$1.801,01","COP","01/10/2010","01/10/2010"
"$1.799,89","COP","30/09/2010","30/09/2010"
"$1.804,06","COP","29/09/2010","29/09/2010"
"$1.802,15","COP","28/09/2010","28/09/2010"
"$1.809,46","COP","25/09/2010","27/09/2010"
"$1.810,72","COP","24/09/2010","24/09/2010"
"$1.803,71","COP","23/09/2010","23/09/2010"
"$1.805,31","COP","22/09/2010","22/09/2010"
"$1.798,73","COP","21/09/2010","21/09/2010"
"$1.806,76","COP","18/09/2010","20/09/2010"
"$1.811,55","COP","17/09/2010","17/09/2010"
"$1.806,78","COP","16/09/2010","16/09/2010"
"$1.788,05","COP","15/09/2010","15/09/2010"
"$1.793,28","COP","14/09/2010","14/09/2010"
"$1.801,04","COP","11/09/2010","13/09/2010"
"$1.802,54","COP","10/09/2010","10/09/2010"
"$1.803,00","COP","09/09/2010","09/09/2010"
"$1.808,65","COP","08/09/2010","08/09/2010"
"$1.807,73","COP","04/09/2010","07/09/2010"
"$1.810,65","COP","03/09/2010","03/09/2010"
"$1.815,09","COP","02/09/2010","02/09/2010"
"$1.826,31","COP","01/09/2010","01/09/2010"
"$1.823,74","COP","31/08/2010","31/08/2010"
"$1.817,68","COP","28/08/2010","30/08/2010"
"$1.811,46","COP","27/08/2010","27/08/2010"
"$1.820,29","COP","26/08/2010","26/08/2010"
"$1.818,86","COP","25/08/2010","25/08/2010"
"$1.806,93","COP","24/08/2010","24/08/2010"
"$1.820,93","COP","21/08/2010","23/08/2010"
"$1.819,13","COP","20/08/2010","20/08/2010"
"$1.808,14","COP","19/08/2010","19/08/2010"
"$1.810,75","COP","18/08/2010","18/08/2010"
"$1.835,32","COP","14/08/2010","17/08/2010"
"$1.812,20","COP","13/08/2010","13/08/2010"
"$1.807,55","COP","12/08/2010","12/08/2010"
"$1.810,12","COP","11/08/2010","11/08/2010"
"$1.808,93","COP","10/08/2010","10/08/2010"
"$1.815,46","COP","07/08/2010","09/08/2010"
"$1.818,50","COP","06/08/2010","06/08/2010"
"$1.824,52","COP","05/08/2010","05/08/2010"
"$1.834,58","COP","04/08/2010","04/08/2010"
"$1.832,45","COP","03/08/2010","03/08/2010"
"$1.842,79","COP","31/07/2010","02/08/2010"
"$1.841,35","COP","30/07/2010","30/07/2010"
"$1.846,23","COP","29/07/2010","29/07/2010"
"$1.852,83","COP","28/07/2010","28/07/2010"
"$1.859,50","COP","27/07/2010","27/07/2010"
"$1.867,47","COP","24/07/2010","26/07/2010"
"$1.864,04","COP","23/07/2010","23/07/2010"
"$1.867,07","COP","22/07/2010","22/07/2010"
"$1.872,92","COP","20/07/2010","21/07/2010"
"$1.878,77","COP","17/07/2010","19/07/2010"
"$1.871,96","COP","16/07/2010","16/07/2010"
"$1.873,87","COP","15/07/2010","15/07/2010"
"$1.871,19","COP","14/07/2010","14/07/2010"
"$1.877,20","COP","13/07/2010","13/07/2010"
"$1.877,66","COP","10/07/2010","12/07/2010"
"$1.889,61","COP","09/07/2010","09/07/2010"
"$1.901,38","COP","08/07/2010","08/07/2010"
"$1.882,47","COP","07/07/2010","07/07/2010"
"$1.884,31","COP","03/07/2010","06/07/2010"
"$1.897,33","COP","02/07/2010","02/07/2010"
"$1.913,15","COP","01/07/2010","01/07/2010"
"$1.916,46","COP","30/06/2010","30/06/2010"
"$1.901,65","COP","29/06/2010","29/06/2010"
"$1.900,36","COP","26/06/2010","28/06/2010"
"$1.896,87","COP","25/06/2010","25/06/2010"
"$1.895,75","COP","24/06/2010","24/06/2010"
"$1.886,05","COP","23/06/2010","23/06/2010"
"$1.889,51","COP","22/06/2010","22/06/2010"
"$1.906,61","COP","19/06/2010","21/06/2010"
"$1.902,78","COP","18/06/2010","18/06/2010"
"$1.912,29","COP","17/06/2010","17/06/2010"
"$1.917,82","COP","16/06/2010","16/06/2010"
"$1.925,35","COP","12/06/2010","15/06/2010"
"$1.928,83","COP","11/06/2010","11/06/2010"
"$1.943,41","COP","10/06/2010","10/06/2010"
"$1.960,50","COP","09/06/2010","09/06/2010"
"$1.965,83","COP","05/06/2010","08/06/2010"
"$1.961,47","COP","04/06/2010","04/06/2010"
"$1.963,36","COP","03/06/2010","03/06/2010"
"$1.971,45","COP","02/06/2010","02/06/2010"
"$1.971,55","COP","29/05/2010","01/06/2010"
"$1.966,80","COP","28/05/2010","28/05/2010"
"$1.976,40","COP","27/05/2010","27/05/2010"
"$1.989,51","COP","26/05/2010","26/05/2010"
"$1.975,01","COP","25/05/2010","25/05/2010"
"$1.998,42","COP","22/05/2010","24/05/2010"
"$2.017,68","COP","21/05/2010","21/05/2010"
"$1.997,09","COP","20/05/2010","20/05/2010"
"$1.976,46","COP","19/05/2010","19/05/2010"
"$1.968,10","COP","15/05/2010","18/05/2010"
"$1.959,62","COP","14/05/2010","14/05/2010"
"$1.966,36","COP","13/05/2010","13/05/2010"
"$1.980,50","COP","12/05/2010","12/05/2010"
"$1.988,32","COP","11/05/2010","11/05/2010"
"$2.029,54","COP","08/05/2010","10/05/2010"
"$2.010,13","COP","07/05/2010","07/05/2010"
"$2.003,37","COP","06/05/2010","06/05/2010"
"$1.988,47","COP","05/05/2010","05/05/2010"
"$1.973,42","COP","04/05/2010","04/05/2010"
"$1.950,44","COP","01/05/2010","03/05/2010"
"$1.969,75","COP","30/04/2010","30/04/2010"
"$1.973,05","COP","29/04/2010","29/04/2010"
"$1.961,82","COP","28/04/2010","28/04/2010"
"$1.943,41","COP","27/04/2010","27/04/2010"
"$1.950,89","COP","24/04/2010","26/04/2010"
"$1.955,84","COP","23/04/2010","23/04/2010"
"$1.948,47","COP","22/04/2010","22/04/2010"
"$1.947,69","COP","21/04/2010","21/04/2010"
"$1.951,04","COP","20/04/2010","20/04/2010"
"$1.942,21","COP","17/04/2010","19/04/2010"
"$1.943,83","COP","16/04/2010","16/04/2010"
"$1.938,24","COP","15/04/2010","15/04/2010"
"$1.936,22","COP","14/04/2010","14/04/2010"
"$1.926,16","COP","13/04/2010","13/04/2010"
"$1.921,32","COP","10/04/2010","12/04/2010"
"$1.931,91","COP","09/04/2010","09/04/2010"
"$1.920,53","COP","08/04/2010","08/04/2010"
"$1.911,07","COP","07/04/2010","07/04/2010"
"$1.911,78","COP","06/04/2010","06/04/2010"
"$1.921,88","COP","01/04/2010","05/04/2010"
"$1.928,59","COP","31/03/2010","31/03/2010"
"$1.934,21","COP","30/03/2010","30/03/2010"
"$1.933,40","COP","27/03/2010","29/03/2010"
"$1.922,91","COP","26/03/2010","26/03/2010"
"$1.923,41","COP","25/03/2010","25/03/2010"
"$1.907,06","COP","24/03/2010","24/03/2010"
"$1.907,06","COP","20/03/2010","23/03/2010"
"$1.900,55","COP","19/03/2010","19/03/2010"
"$1.893,42","COP","18/03/2010","18/03/2010"
"$1.896,15","COP","17/03/2010","17/03/2010"
"$1.899,75","COP","16/03/2010","16/03/2010"
"$1.892,99","COP","13/03/2010","15/03/2010"
"$1.894,79","COP","12/03/2010","12/03/2010"
"$1.888,05","COP","11/03/2010","11/03/2010"
"$1.894,30","COP","10/03/2010","10/03/2010"
"$1.894,44","COP","09/03/2010","09/03/2010"
"$1.902,31","COP","06/03/2010","08/03/2010"
"$1.928,33","COP","05/03/2010","05/03/2010"
"$1.916,41","COP","04/03/2010","04/03/2010"
"$1.895,86","COP","03/03/2010","03/03/2010"
"$1.913,86","COP","02/03/2010","02/03/2010"
"$1.932,32","COP","27/02/2010","01/03/2010"
"$1.941,98","COP","26/02/2010","26/02/2010"
"$1.932,15","COP","25/02/2010","25/02/2010"
"$1.924,75","COP","24/02/2010","24/02/2010"
"$1.914,87","COP","23/02/2010","23/02/2010"
"$1.928,86","COP","20/02/2010","22/02/2010"
"$1.930,94","COP","19/02/2010","19/02/2010"
"$1.928,79","COP","18/02/2010","18/02/2010"
"$1.925,79","COP","17/02/2010","17/02/2010"
"$1.936,90","COP","13/02/2010","16/02/2010"
"$1.943,60","COP","12/02/2010","12/02/2010"
"$1.965,03","COP","11/02/2010","11/02/2010"
"$1.981,40","COP","10/02/2010","10/02/2010"
"$2.003,76","COP","09/02/2010","09/02/2010"
"$1.997,13","COP","06/02/2010","08/02/2010"
"$1.984,16","COP","05/02/2010","05/02/2010"
"$1.966,02","COP","04/02/2010","04/02/2010"
"$1.959,93","COP","03/02/2010","03/02/2010"
"$1.972,60","COP","02/02/2010","02/02/2010"
"$1.982,29","COP","30/01/2010","01/02/2010"
"$1.991,21","COP","29/01/2010","29/01/2010"
"$1.988,05","COP","28/01/2010","28/01/2010"
"$1.972,22","COP","27/01/2010","27/01/2010"
"$1.961,97","COP","26/01/2010","26/01/2010"
"$1.981,96","COP","23/01/2010","25/01/2010"
"$1.967,08","COP","22/01/2010","22/01/2010"
"$1.964,18","COP","21/01/2010","21/01/2010"
"$1.957,82","COP","20/01/2010","20/01/2010"
"$1.967,40","COP","16/01/2010","19/01/2010"
"$1.974,13","COP","15/01/2010","15/01/2010"
"$1.965,81","COP","14/01/2010","14/01/2010"
"$1.959,43","COP","13/01/2010","13/01/2010"
"$1.968,24","COP","09/01/2010","12/01/2010"
"$1.969,08","COP","08/01/2010","08/01/2010"
"$1.971,32","COP","07/01/2010","07/01/2010"
"$1.992,78","COP","06/01/2010","06/01/2010"
"$2.021,21","COP","05/01/2010","05/01/2010"
"$2.044,23","COP","31/12/2009","04/01/2010"
"$2.046,20","COP","30/12/2009","30/12/2009"
"$2.037,92","COP","29/12/2009","29/12/2009"
"$2.043,41","COP","25/12/2009","28/12/2009"
"$2.045,07","COP","24/12/2009","24/12/2009"
"$2.054,10","COP","23/12/2009","23/12/2009"
"$2.030,17","COP","22/12/2009","22/12/2009"
"$2.025,85","COP","19/12/2009","21/12/2009"
"$2.015,74","COP","18/12/2009","18/12/2009"
"$2.005,09","COP","17/12/2009","17/12/2009"
"$2.001,86","COP","16/12/2009","16/12/2009"
"$1.992,10","COP","15/12/2009","15/12/2009"
"$2.000,54","COP","12/12/2009","14/12/2009"
"$2.016,17","COP","11/12/2009","11/12/2009"
"$2.016,73","COP","10/12/2009","10/12/2009"
"$2.009,45","COP","08/12/2009","09/12/2009"
"$2.003,94","COP","05/12/2009","07/12/2009"
"$1.989,94","COP","04/12/2009","04/12/2009"
"$1.990,80","COP","03/12/2009","03/12/2009"
"$1.990,29","COP","02/12/2009","02/12/2009"
"$1.998,45","COP","01/12/2009","01/12/2009"
"$1.997,47","COP","28/11/2009","30/11/2009"
"$1.974,14","COP","26/11/2009","27/11/2009"
"$1.969,01","COP","25/11/2009","25/11/2009"
"$1.964,92","COP","24/11/2009","24/11/2009"
"$1.974,47","COP","21/11/2009","23/11/2009"
"$1.962,33","COP","20/11/2009","20/11/2009"
"$1.953,45","COP","19/11/2009","19/11/2009"
"$1.966,22","COP","18/11/2009","18/11/2009"
"$1.971,27","COP","14/11/2009","17/11/2009"
"$1.976,89","COP","13/11/2009","13/11/2009"
"$1.969,52","COP","11/11/2009","12/11/2009"
"$1.968,45","COP","10/11/2009","10/11/2009"
"$1.981,61","COP","07/11/2009","09/11/2009"
"$1.958,24","COP","06/11/2009","06/11/2009"
"$1.963,70","COP","05/11/2009","05/11/2009"
"$2.008,72","COP","04/11/2009","04/11/2009"
"$1.993,80","COP","31/10/2009","03/11/2009"
"$2.004,37","COP","30/10/2009","30/10/2009"
"$2.006,18","COP","29/10/2009","29/10/2009"
"$1.977,26","COP","28/10/2009","28/10/2009"
"$1.932,81","COP","27/10/2009","27/10/2009"
"$1.924,35","COP","24/10/2009","26/10/2009"
"$1.914,89","COP","23/10/2009","23/10/2009"
"$1.910,04","COP","22/10/2009","22/10/2009"
"$1.913,98","COP","21/10/2009","21/10/2009"
"$1.858,40","COP","20/10/2009","20/10/2009"
"$1.843,81","COP","17/10/2009","19/10/2009"
"$1.838,26","COP","16/10/2009","16/10/2009"
"$1.830,38","COP","15/10/2009","15/10/2009"
"$1.825,68","COP","14/10/2009","14/10/2009"
"$1.857,21","COP","10/10/2009","13/10/2009"
"$1.870,96","COP","09/10/2009","09/10/2009"
"$1.897,31","COP","08/10/2009","08/10/2009"
"$1.906,59","COP","07/10/2009","07/10/2009"
"$1.925,57","COP","06/10/2009","06/10/2009"
"$1.919,75","COP","03/10/2009","05/10/2009"
"$1.918,87","COP","02/10/2009","02/10/2009"
"$1.925,49","COP","01/10/2009","01/10/2009"
"$1.922,00","COP","30/09/2009","30/09/2009"
"$1.921,64","COP","29/09/2009","29/09/2009"
"$1.926,59","COP","26/09/2009","28/09/2009"
"$1.922,50","COP","25/09/2009","25/09/2009"
"$1.911,66","COP","24/09/2009","24/09/2009"
"$1.914,47","COP","23/09/2009","23/09/2009"
"$1.950,77","COP","22/09/2009","22/09/2009"
"$1.951,38","COP","19/09/2009","21/09/2009"
"$1.962,60","COP","18/09/2009","18/09/2009"
"$1.960,76","COP","17/09/2009","17/09/2009"
"$1.986,86","COP","16/09/2009","16/09/2009"
"$1.998,99","COP","15/09/2009","15/09/2009"
"$1.985,38","COP","12/09/2009","14/09/2009"
"$2.008,95","COP","11/09/2009","11/09/2009"
"$1.998,17","COP","10/09/2009","10/09/2009"
"$1.994,44","COP","09/09/2009","09/09/2009"
"$2.018,72","COP","05/09/2009","08/09/2009"
"$2.029,75","COP","04/09/2009","04/09/2009"
"$2.065,73","COP","03/09/2009","03/09/2009"
"$2.068,96","COP","02/09/2009","02/09/2009"
"$2.057,81","COP","01/09/2009","01/09/2009"
"$2.035,00","COP","29/08/2009","31/08/2009"
"$2.043,65","COP","28/08/2009","28/08/2009"
"$2.044,79","COP","27/08/2009","27/08/2009"
"$2.007,20","COP","26/08/2009","26/08/2009"
"$1.997,44","COP","25/08/2009","25/08/2009"
"$1.997,31","COP","22/08/2009","24/08/2009"
"$2.012,67","COP","21/08/2009","21/08/2009"
"$2.041,91","COP","20/08/2009","20/08/2009"
"$2.037,10","COP","19/08/2009","19/08/2009"
"$2.016,09","COP","15/08/2009","18/08/2009"
"$1.999,98","COP","14/08/2009","14/08/2009"
"$2.026,45","COP","13/08/2009","13/08/2009"
"$2.050,45","COP","12/08/2009","12/08/2009"
"$2.022,56","COP","11/08/2009","11/08/2009"
"$1.997,01","COP","07/08/2009","10/08/2009"
"$1.987,84","COP","06/08/2009","06/08/2009"
"$1.992,98","COP","05/08/2009","05/08/2009"
"$2.008,96","COP","04/08/2009","04/08/2009"
"$2.040,95","COP","01/08/2009","03/08/2009"
"$2.043,37","COP","31/07/2009","31/07/2009"
"$2.073,92","COP","30/07/2009","30/07/2009"
"$2.013,82","COP","29/07/2009","29/07/2009"
"$1.982,43","COP","28/07/2009","28/07/2009"
"$1.970,11","COP","25/07/2009","27/07/2009"
"$1.953,12","COP","24/07/2009","24/07/2009"
"$1.975,05","COP","23/07/2009","23/07/2009"
"$1.986,35","COP","22/07/2009","22/07/2009"
"$2.006,82","COP","18/07/2009","21/07/2009"
"$2.025,71","COP","17/07/2009","17/07/2009"
"$2.018,93","COP","16/07/2009","16/07/2009"
"$2.054,19","COP","15/07/2009","15/07/2009"
"$2.085,74","COP","14/07/2009","14/07/2009"
"$2.116,99","COP","11/07/2009","13/07/2009"
"$2.105,36","COP","10/07/2009","10/07/2009"
"$2.108,20","COP","09/07/2009","09/07/2009"
"$2.090,35","COP","08/07/2009","08/07/2009"
"$2.109,08","COP","07/07/2009","07/07/2009"
"$2.086,36","COP","04/07/2009","06/07/2009"
"$2.096,23","COP","03/07/2009","03/07/2009"
"$2.111,71","COP","02/07/2009","02/07/2009"
"$2.145,21","COP","01/07/2009","01/07/2009"
"$2.158,67","COP","27/06/2009","30/06/2009"
"$2.188,50","COP","26/06/2009","26/06/2009"
"$2.158,72","COP","25/06/2009","25/06/2009"
"$2.165,00","COP","24/06/2009","24/06/2009"
"$2.108,20","COP","20/06/2009","23/06/2009"
"$2.074,72","COP","19/06/2009","19/06/2009"
"$2.071,29","COP","18/06/2009","18/06/2009"
"$2.014,91","COP","17/06/2009","17/06/2009"
"$2.015,40","COP","13/06/2009","16/06/2009"
"$2.026,17","COP","12/06/2009","12/06/2009"
"$2.042,19","COP","11/06/2009","11/06/2009"
"$2.060,18","COP","10/06/2009","10/06/2009"
"$2.091,10","COP","09/06/2009","09/06/2009"
"$2.063,10","COP","06/06/2009","08/06/2009"
"$2.072,00","COP","05/06/2009","05/06/2009"
"$2.073,55","COP","04/06/2009","04/06/2009"
"$2.077,02","COP","03/06/2009","03/06/2009"
"$2.109,42","COP","02/06/2009","02/06/2009"
"$2.140,66","COP","30/05/2009","01/06/2009"
"$2.190,45","COP","29/05/2009","29/05/2009"
"$2.208,89","COP","28/05/2009","28/05/2009"
"$2.213,89","COP","27/05/2009","27/05/2009"
"$2.201,44","COP","23/05/2009","26/05/2009"
"$2.206,60","COP","22/05/2009","22/05/2009"
"$2.196,21","COP","21/05/2009","21/05/2009"
"$2.221,27","COP","20/05/2009","20/05/2009"
"$2.255,22","COP","19/05/2009","19/05/2009"
"$2.252,80","COP","16/05/2009","18/05/2009"
"$2.251,53","COP","15/05/2009","15/05/2009"
"$2.257,36","COP","14/05/2009","14/05/2009"
"$2.221,40","COP","13/05/2009","13/05/2009"
"$2.220,92","COP","12/05/2009","12/05/2009"
"$2.210,35","COP","09/05/2009","11/05/2009"
"$2.208,98","COP","08/05/2009","08/05/2009"
"$2.233,50","COP","07/05/2009","07/05/2009"
"$2.256,99","COP","06/05/2009","06/05/2009"
"$2.272,55","COP","05/05/2009","05/05/2009"
"$2.288,64","COP","01/05/2009","04/05/2009"
"$2.289,73","COP","30/04/2009","30/04/2009"
"$2.332,47","COP","29/04/2009","29/04/2009"
"$2.325,02","COP","28/04/2009","28/04/2009"
"$2.283,20","COP","25/04/2009","27/04/2009"
"$2.300,74","COP","24/04/2009","24/04/2009"
"$2.318,83","COP","23/04/2009","23/04/2009"
"$2.338,60","COP","22/04/2009","22/04/2009"
"$2.376,38","COP","21/04/2009","21/04/2009"
"$2.343,34","COP","18/04/2009","20/04/2009"
"$2.344,98","COP","17/04/2009","17/04/2009"
"$2.380,69","COP","16/04/2009","16/04/2009"
"$2.394,27","COP","15/04/2009","15/04/2009"
"$2.392,22","COP","14/04/2009","14/04/2009"
"$2.388,11","COP","09/04/2009","13/04/2009"
"$2.416,63","COP","08/04/2009","08/04/2009"
"$2.408,42","COP","07/04/2009","07/04/2009"
"$2.422,71","COP","04/04/2009","06/04/2009"
"$2.451,72","COP","03/04/2009","03/04/2009"
"$2.534,99","COP","02/04/2009","02/04/2009"
"$2.544,24","COP","01/04/2009","01/04/2009"
"$2.561,21","COP","31/03/2009","31/03/2009"
"$2.485,56","COP","28/03/2009","30/03/2009"
"$2.435,81","COP","27/03/2009","27/03/2009"
"$2.379,94","COP","26/03/2009","26/03/2009"
"$2.353,21","COP","25/03/2009","25/03/2009"
"$2.340,83","COP","21/03/2009","24/03/2009"
"$2.335,29","COP","20/03/2009","20/03/2009"
"$2.383,15","COP","19/03/2009","19/03/2009"
"$2.390,98","COP","18/03/2009","18/03/2009"
"$2.390,96","COP","17/03/2009","17/03/2009"
"$2.445,30","COP","14/03/2009","16/03/2009"
"$2.481,26","COP","13/03/2009","13/03/2009"
"$2.506,73","COP","12/03/2009","12/03/2009"
"$2.525,06","COP","11/03/2009","11/03/2009"
"$2.559,36","COP","10/03/2009","10/03/2009"
"$2.548,57","COP","07/03/2009","09/03/2009"
"$2.572,92","COP","06/03/2009","06/03/2009"
"$2.589,48","COP","05/03/2009","05/03/2009"
"$2.588,96","COP","04/03/2009","04/03/2009"
"$2.590,97","COP","03/03/2009","03/03/2009"
"$2.555,89","COP","28/02/2009","02/03/2009"
"$2.555,05","COP","27/02/2009","27/02/2009"
"$2.575,50","COP","26/02/2009","26/02/2009"
"$2.596,37","COP","25/02/2009","25/02/2009"
"$2.572,30","COP","24/02/2009","24/02/2009"
"$2.588,31","COP","21/02/2009","23/02/2009"
"$2.547,40","COP","20/02/2009","20/02/2009"
"$2.558,14","COP","19/02/2009","19/02/2009"
"$2.554,40","COP","18/02/2009","18/02/2009"
"$2.509,50","COP","14/02/2009","17/02/2009"
"$2.520,06","COP","13/02/2009","13/02/2009"
"$2.537,82","COP","12/02/2009","12/02/2009"
"$2.494,07","COP","11/02/2009","11/02/2009"
"$2.450,60","COP","10/02/2009","10/02/2009"
"$2.449,49","COP","07/02/2009","09/02/2009"
"$2.472,65","COP","06/02/2009","06/02/2009"
"$2.469,02","COP","05/02/2009","05/02/2009"
"$2.443,67","COP","04/02/2009","04/02/2009"
"$2.450,78","COP","03/02/2009","03/02/2009"
"$2.420,26","COP","31/01/2009","02/02/2009"
"$2.386,58","COP","30/01/2009","30/01/2009"
"$2.341,09","COP","29/01/2009","29/01/2009"
"$2.310,83","COP","28/01/2009","28/01/2009"
"$2.280,43","COP","27/01/2009","27/01/2009"
"$2.280,77","COP","24/01/2009","26/01/2009"
"$2.247,87","COP","23/01/2009","23/01/2009"
"$2.245,97","COP","22/01/2009","22/01/2009"
"$2.245,28","COP","21/01/2009","21/01/2009"
"$2.227,68","COP","17/01/2009","20/01/2009"
"$2.249,64","COP","16/01/2009","16/01/2009"
"$2.234,40","COP","15/01/2009","15/01/2009"
"$2.226,87","COP","14/01/2009","14/01/2009"
"$2.216,23","COP","10/01/2009","13/01/2009"
"$2.220,82","COP","09/01/2009","09/01/2009"
"$2.214,13","COP","08/01/2009","08/01/2009"
"$2.197,72","COP","07/01/2009","07/01/2009"
"$2.227,24","COP","06/01/2009","06/01/2009"
"$2.234,81","COP","03/01/2009","05/01/2009"
"$2.243,59","COP","31/12/2008","02/01/2009"
"$2.234,00","COP","30/12/2008","30/12/2008"
"$2.204,95","COP","27/12/2008","29/12/2008"
"$2.198,09","COP","25/12/2008","26/12/2008"
"$2.180,49","COP","24/12/2008","24/12/2008"
"$2.169,83","COP","23/12/2008","23/12/2008"
"$2.167,35","COP","20/12/2008","22/12/2008"
"$2.163,14","COP","19/12/2008","19/12/2008"
"$2.173,86","COP","18/12/2008","18/12/2008"
"$2.223,30","COP","17/12/2008","17/12/2008"
"$2.254,50","COP","16/12/2008","16/12/2008"
"$2.273,24","COP","13/12/2008","15/12/2008"
"$2.278,29","COP","12/12/2008","12/12/2008"
"$2.302,93","COP","11/12/2008","11/12/2008"
"$2.311,70","COP","10/12/2008","10/12/2008"
"$2.333,54","COP","06/12/2008","09/12/2008"
"$2.323,28","COP","05/12/2008","05/12/2008"
"$2.317,48","COP","04/12/2008","04/12/2008"
"$2.315,35","COP","03/12/2008","03/12/2008"
"$2.320,12","COP","02/12/2008","02/12/2008"
"$2.318,00","COP","29/11/2008","01/12/2008"
"$2.324,10","COP","27/11/2008","28/11/2008"
"$2.307,37","COP","26/11/2008","26/11/2008"
"$2.314,72","COP","25/11/2008","25/11/2008"
"$2.355,71","COP","22/11/2008","24/11/2008"
"$2.359,26","COP","21/11/2008","21/11/2008"
"$2.342,18","COP","20/11/2008","20/11/2008"
"$2.329,90","COP","19/11/2008","19/11/2008"
"$2.308,65","COP","15/11/2008","18/11/2008"
"$2.329,82","COP","14/11/2008","14/11/2008"
"$2.335,02","COP","13/11/2008","13/11/2008"
"$2.281,24","COP","11/11/2008","12/11/2008"
"$2.317,34","COP","08/11/2008","10/11/2008"
"$2.342,65","COP","07/11/2008","07/11/2008"
"$2.327,78","COP","06/11/2008","06/11/2008"
"$2.351,56","COP","05/11/2008","05/11/2008"
"$2.392,28","COP","01/11/2008","04/11/2008"
"$2.359,52","COP","31/10/2008","31/10/2008"
"$2.374,10","COP","30/10/2008","30/10/2008"
"$2.382,31","COP","29/10/2008","29/10/2008"
"$2.379,24","COP","28/10/2008","28/10/2008"
"$2.386,48","COP","25/10/2008","27/10/2008"
"$2.361,01","COP","24/10/2008","24/10/2008"
"$2.346,47","COP","23/10/2008","23/10/2008"
"$2.296,32","COP","22/10/2008","22/10/2008"
"$2.243,49","COP","21/10/2008","21/10/2008"
"$2.271,98","COP","18/10/2008","20/10/2008"
"$2.304,68","COP","17/10/2008","17/10/2008"
"$2.316,54","COP","16/10/2008","16/10/2008"
"$2.223,94","COP","15/10/2008","15/10/2008"
"$2.318,63","COP","11/10/2008","14/10/2008"
"$2.254,24","COP","10/10/2008","10/10/2008"
"$2.326,41","COP","09/10/2008","09/10/2008"
"$2.261,96","COP","08/10/2008","08/10/2008"
"$2.250,73","COP","07/10/2008","07/10/2008"
"$2.160,08","COP","04/10/2008","06/10/2008"
"$2.192,69","COP","03/10/2008","03/10/2008"
"$2.166,05","COP","02/10/2008","02/10/2008"
"$2.184,76","COP","01/10/2008","01/10/2008"
"$2.174,62","COP","30/09/2008","30/09/2008"
"$2.105,61","COP","27/09/2008","29/09/2008"
"$2.118,31","COP","26/09/2008","26/09/2008"
"$2.147,41","COP","25/09/2008","25/09/2008"
"$2.077,59","COP","24/09/2008","24/09/2008"
"$2.045,85","COP","23/09/2008","23/09/2008"
"$2.067,45","COP","20/09/2008","22/09/2008"
"$2.187,01","COP","19/09/2008","19/09/2008"
"$2.139,14","COP","18/09/2008","18/09/2008"
"$2.109,37","COP","17/09/2008","17/09/2008"
"$2.071,29","COP","16/09/2008","16/09/2008"
"$2.051,55","COP","13/09/2008","15/09/2008"
"$2.082,46","COP","12/09/2008","12/09/2008"
"$2.081,32","COP","11/09/2008","11/09/2008"
"$2.071,24","COP","10/09/2008","10/09/2008"
"$2.031,12","COP","09/09/2008","09/09/2008"
"$2.041,81","COP","06/09/2008","08/09/2008"
"$2.017,53","COP","05/09/2008","05/09/2008"
"$1.992,59","COP","04/09/2008","04/09/2008"
"$1.975,10","COP","03/09/2008","03/09/2008"
"$1.932,20","COP","30/08/2008","02/09/2008"
"$1.907,97","COP","29/08/2008","29/08/2008"
"$1.887,71","COP","28/08/2008","28/08/2008"
"$1.892,06","COP","27/08/2008","27/08/2008"
"$1.873,94","COP","26/08/2008","26/08/2008"
"$1.872,07","COP","23/08/2008","25/08/2008"
"$1.864,26","COP","22/08/2008","22/08/2008"
"$1.880,69","COP","21/08/2008","21/08/2008"
"$1.891,99","COP","20/08/2008","20/08/2008"
"$1.882,11","COP","16/08/2008","19/08/2008"
"$1.853,45","COP","15/08/2008","15/08/2008"
"$1.854,16","COP","14/08/2008","14/08/2008"
"$1.836,25","COP","13/08/2008","13/08/2008"
"$1.821,76","COP","12/08/2008","12/08/2008"
"$1.816,25","COP","09/08/2008","11/08/2008"
"$1.782,92","COP","07/08/2008","08/08/2008"
"$1.772,16","COP","06/08/2008","06/08/2008"
"$1.771,31","COP","05/08/2008","05/08/2008"
"$1.779,97","COP","02/08/2008","04/08/2008"
"$1.800,54","COP","01/08/2008","01/08/2008"
"$1.792,24","COP","31/07/2008","31/07/2008"
"$1.789,68","COP","30/07/2008","30/07/2008"
"$1.764,48","COP","29/07/2008","29/07/2008"
"$1.785,17","COP","26/07/2008","28/07/2008"
"$1.777,10","COP","25/07/2008","25/07/2008"
"$1.772,25","COP","24/07/2008","24/07/2008"
"$1.797,43","COP","23/07/2008","23/07/2008"
"$1.802,01","COP","22/07/2008","22/07/2008"
"$1.788,24","COP","19/07/2008","21/07/2008"
"$1.757,79","COP","18/07/2008","18/07/2008"
"$1.768,53","COP","17/07/2008","17/07/2008"
"$1.777,17","COP","16/07/2008","16/07/2008"
"$1.753,51","COP","15/07/2008","15/07/2008"
"$1.778,80","COP","12/07/2008","14/07/2008"
"$1.768,09","COP","11/07/2008","11/07/2008"
"$1.728,74","COP","10/07/2008","10/07/2008"
"$1.736,49","COP","09/07/2008","09/07/2008"
"$1.719,48","COP","08/07/2008","08/07/2008"
"$1.748,43","COP","04/07/2008","07/07/2008"
"$1.818,60","COP","03/07/2008","03/07/2008"
"$1.915,44","COP","02/07/2008","02/07/2008"
"$1.923,02","COP","28/06/2008","01/07/2008"
"$1.832,81","COP","27/06/2008","27/06/2008"
"$1.783,44","COP","26/06/2008","26/06/2008"
"$1.748,04","COP","25/06/2008","25/06/2008"
"$1.713,63","COP","24/06/2008","24/06/2008"
"$1.678,82","COP","21/06/2008","23/06/2008"
"$1.670,31","COP","20/06/2008","20/06/2008"
"$1.652,41","COP","19/06/2008","19/06/2008"
"$1.655,42","COP","18/06/2008","18/06/2008"
"$1.684,52","COP","17/06/2008","17/06/2008"
"$1.707,87","COP","14/06/2008","16/06/2008"
"$1.705,35","COP","13/06/2008","13/06/2008"
"$1.700,94","COP","12/06/2008","12/06/2008"
"$1.696,79","COP","11/06/2008","11/06/2008"
"$1.687,13","COP","10/06/2008","10/06/2008"
"$1.702,44","COP","07/06/2008","09/06/2008"
"$1.709,95","COP","06/06/2008","06/06/2008"
"$1.728,76","COP","05/06/2008","05/06/2008"
"$1.730,61","COP","04/06/2008","04/06/2008"
"$1.744,01","COP","31/05/2008","03/06/2008"
"$1.755,95","COP","30/05/2008","30/05/2008"
"$1.767,41","COP","29/05/2008","29/05/2008"
"$1.772,55","COP","28/05/2008","28/05/2008"
"$1.777,98","COP","24/05/2008","27/05/2008"
"$1.779,59","COP","23/05/2008","23/05/2008"
"$1.779,48","COP","22/05/2008","22/05/2008"
"$1.787,59","COP","21/05/2008","21/05/2008"
"$1.779,35","COP","20/05/2008","20/05/2008"
"$1.785,04","COP","17/05/2008","19/05/2008"
"$1.792,94","COP","16/05/2008","16/05/2008"
"$1.787,65","COP","15/05/2008","15/05/2008"
"$1.780,01","COP","14/05/2008","14/05/2008"
"$1.781,29","COP","13/05/2008","13/05/2008"
"$1.781,79","COP","10/05/2008","12/05/2008"
"$1.793,13","COP","09/05/2008","09/05/2008"
"$1.787,62","COP","08/05/2008","08/05/2008"
"$1.769,32","COP","07/05/2008","07/05/2008"
"$1.756,25","COP","03/05/2008","06/05/2008"
"$1.767,27","COP","01/05/2008","02/05/2008"
"$1.780,21","COP","30/04/2008","30/04/2008"
"$1.767,73","COP","29/04/2008","29/04/2008"
"$1.775,22","COP","26/04/2008","28/04/2008"
"$1.765,75","COP","25/04/2008","25/04/2008"
"$1.765,30","COP","24/04/2008","24/04/2008"
"$1.775,08","COP","23/04/2008","23/04/2008"
"$1.780,79","COP","22/04/2008","22/04/2008"
"$1.785,17","COP","19/04/2008","21/04/2008"
"$1.792,87","COP","18/04/2008","18/04/2008"
"$1.798,89","COP","17/04/2008","17/04/2008"
"$1.797,89","COP","16/04/2008","16/04/2008"
"$1.792,69","COP","15/04/2008","15/04/2008"
"$1.792,49","COP","12/04/2008","14/04/2008"
"$1.791,63","COP","11/04/2008","11/04/2008"
"$1.799,07","COP","10/04/2008","10/04/2008"
"$1.812,85","COP","09/04/2008","09/04/2008"
"$1.811,23","COP","08/04/2008","08/04/2008"
"$1.816,28","COP","05/04/2008","07/04/2008"
"$1.824,39","COP","04/04/2008","04/04/2008"
"$1.826,34","COP","03/04/2008","03/04/2008"
"$1.827,94","COP","02/04/2008","02/04/2008"
"$1.834,96","COP","01/04/2008","01/04/2008"
"$1.821,60","COP","29/03/2008","31/03/2008"
"$1.810,68","COP","28/03/2008","28/03/2008"
"$1.821,31","COP","27/03/2008","27/03/2008"
"$1.835,01","COP","26/03/2008","26/03/2008"
"$1.815,65","COP","20/03/2008","25/03/2008"
"$1.823,11","COP","19/03/2008","19/03/2008"
"$1.857,55","COP","18/03/2008","18/03/2008"
"$1.843,95","COP","15/03/2008","17/03/2008"
"$1.856,01","COP","14/03/2008","14/03/2008"
"$1.853,41","COP","13/03/2008","13/03/2008"
"$1.865,98","COP","12/03/2008","12/03/2008"
"$1.864,78","COP","11/03/2008","11/03/2008"
"$1.902,17","COP","08/03/2008","10/03/2008"
"$1.880,12","COP","07/03/2008","07/03/2008"
"$1.856,69","COP","06/03/2008","06/03/2008"
"$1.841,61","COP","05/03/2008","05/03/2008"
"$1.849,46","COP","04/03/2008","04/03/2008"
"$1.845,17","COP","01/03/2008","03/03/2008"
"$1.843,59","COP","29/02/2008","29/02/2008"
"$1.854,87","COP","28/02/2008","28/02/2008"
"$1.879,19","COP","27/02/2008","27/02/2008"
"$1.887,97","COP","26/02/2008","26/02/2008"
"$1.892,00","COP","23/02/2008","25/02/2008"
"$1.895,85","COP","22/02/2008","22/02/2008"
"$1.910,81","COP","21/02/2008","21/02/2008"
"$1.890,74","COP","20/02/2008","20/02/2008"
"$1.905,37","COP","16/02/2008","19/02/2008"
"$1.894,87","COP","15/02/2008","15/02/2008"
"$1.898,40","COP","14/02/2008","14/02/2008"
"$1.901,38","COP","13/02/2008","13/02/2008"
"$1.912,80","COP","12/02/2008","12/02/2008"
"$1.923,08","COP","09/02/2008","11/02/2008"
"$1.935,49","COP","08/02/2008","08/02/2008"
"$1.929,70","COP","07/02/2008","07/02/2008"
"$1.928,30","COP","06/02/2008","06/02/2008"
"$1.917,26","COP","05/02/2008","05/02/2008"
"$1.921,94","COP","02/02/2008","04/02/2008"
"$1.939,77","COP","01/02/2008","01/02/2008"
"$1.939,60","COP","31/01/2008","31/01/2008"
"$1.946,54","COP","30/01/2008","30/01/2008"
"$1.969,65","COP","29/01/2008","29/01/2008"
"$1.961,30","COP","26/01/2008","28/01/2008"
"$1.970,65","COP","25/01/2008","25/01/2008"
"$2.005,08","COP","24/01/2008","24/01/2008"
"$2.007,41","COP","23/01/2008","23/01/2008"
"$1.968,13","COP","19/01/2008","22/01/2008"
"$1.947,60","COP","18/01/2008","18/01/2008"
"$1.960,49","COP","17/01/2008","17/01/2008"
"$1.948,91","COP","16/01/2008","16/01/2008"
"$1.949,43","COP","15/01/2008","15/01/2008"
"$1.985,35","COP","12/01/2008","14/01/2008"
"$2.003,74","COP","11/01/2008","11/01/2008"
"$2.004,70","COP","10/01/2008","10/01/2008"
"$2.000,91","COP","09/01/2008","09/01/2008"
"$2.013,98","COP","05/01/2008","08/01/2008"
"$2.013,27","COP","04/01/2008","04/01/2008"
"$2.012,82","COP","03/01/2008","03/01/2008"
"$2.014,76","COP","29/12/2007","02/01/2008"
"$2.001,72","COP","28/12/2007","28/12/2007"
"$1.987,81","COP","27/12/2007","27/12/2007"
"$1.989,70","COP","25/12/2007","26/12/2007"
"$1.993,08","COP","22/12/2007","24/12/2007"
"$2.000,58","COP","21/12/2007","21/12/2007"
"$2.005,92","COP","20/12/2007","20/12/2007"
"$2.007,98","COP","19/12/2007","19/12/2007"
"$2.006,48","COP","18/12/2007","18/12/2007"
"$2.009,85","COP","15/12/2007","17/12/2007"
"$2.017,36","COP","14/12/2007","14/12/2007"
"$2.003,90","COP","13/12/2007","13/12/2007"
"$2.005,82","COP","12/12/2007","12/12/2007"
"$2.009,83","COP","11/12/2007","11/12/2007"
"$2.016,77","COP","08/12/2007","10/12/2007"
"$2.023,18","COP","07/12/2007","07/12/2007"
"$2.036,60","COP","06/12/2007","06/12/2007"
"$2.057,40","COP","05/12/2007","05/12/2007"
"$2.052,18","COP","04/12/2007","04/12/2007"
"$2.043,11","COP","01/12/2007","03/12/2007"
"$2.060,42","COP","30/11/2007","30/11/2007"
"$2.066,81","COP","29/11/2007","29/11/2007"
"$2.094,74","COP","28/11/2007","28/11/2007"
"$2.089,11","COP","27/11/2007","27/11/2007"
"$2.088,24","COP","24/11/2007","26/11/2007"
"$2.074,60","COP","22/11/2007","23/11/2007"
"$2.056,28","COP","21/11/2007","21/11/2007"
"$2.054,30","COP","20/11/2007","20/11/2007"
"$2.040,35","COP","17/11/2007","19/11/2007"
"$2.044,70","COP","16/11/2007","16/11/2007"
"$2.032,04","COP","15/11/2007","15/11/2007"
"$2.051,88","COP","14/11/2007","14/11/2007"
"$2.045,59","COP","10/11/2007","13/11/2007"
"$2.033,94","COP","09/11/2007","09/11/2007"
"$2.023,99","COP","08/11/2007","08/11/2007"
"$2.012,89","COP","07/11/2007","07/11/2007"
"$2.014,12","COP","03/11/2007","06/11/2007"
"$2.008,11","COP","02/11/2007","02/11/2007"
"$1.987,69","COP","01/11/2007","01/11/2007"
"$1.999,44","COP","31/10/2007","31/10/2007"
"$1.995,94","COP","30/10/2007","30/10/2007"
"$2.005,28","COP","27/10/2007","29/10/2007"
"$2.020,29","COP","26/10/2007","26/10/2007"
"$2.025,70","COP","25/10/2007","25/10/2007"
"$2.006,67","COP","24/10/2007","24/10/2007"
"$2.022,76","COP","23/10/2007","23/10/2007"
"$2.007,24","COP","20/10/2007","22/10/2007"
"$2.018,55","COP","19/10/2007","19/10/2007"
"$1.994,06","COP","18/10/2007","18/10/2007"
"$2.004,58","COP","17/10/2007","17/10/2007"
"$1.978,97","COP","13/10/2007","16/10/2007"
"$1.963,03","COP","12/10/2007","12/10/2007"
"$1.972,81","COP","11/10/2007","11/10/2007"
"$1.968,13","COP","10/10/2007","10/10/2007"
"$1.999,95","COP","06/10/2007","09/10/2007"
"$2.018,45","COP","05/10/2007","05/10/2007"
"$2.017,69","COP","04/10/2007","04/10/2007"
"$2.013,39","COP","03/10/2007","03/10/2007"
"$2.015,75","COP","02/10/2007","02/10/2007"
"$2.023,19","COP","29/09/2007","01/10/2007"
"$2.013,18","COP","28/09/2007","28/09/2007"
"$2.009,46","COP","27/09/2007","27/09/2007"
"$2.045,51","COP","26/09/2007","26/09/2007"
"$2.028,95","COP","25/09/2007","25/09/2007"
"$2.026,33","COP","22/09/2007","24/09/2007"
"$2.042,63","COP","21/09/2007","21/09/2007"
"$2.055,28","COP","20/09/2007","20/09/2007"
"$2.124,36","COP","19/09/2007","19/09/2007"
"$2.130,66","COP","18/09/2007","18/09/2007"
"$2.128,50","COP","15/09/2007","17/09/2007"
"$2.157,75","COP","14/09/2007","14/09/2007"
"$2.182,22","COP","13/09/2007","13/09/2007"
"$2.185,89","COP","12/09/2007","12/09/2007"
"$2.194,65","COP","11/09/2007","11/09/2007"
"$2.191,00","COP","08/09/2007","10/09/2007"
"$2.166,60","COP","07/09/2007","07/09/2007"
"$2.174,56","COP","06/09/2007","06/09/2007"
"$2.161,56","COP","05/09/2007","05/09/2007"
"$2.160,99","COP","01/09/2007","04/09/2007"
"$2.173,17","COP","31/08/2007","31/08/2007"
"$2.160,65","COP","30/08/2007","30/08/2007"
"$2.147,34","COP","29/08/2007","29/08/2007"
"$2.114,15","COP","28/08/2007","28/08/2007"
"$2.128,17","COP","25/08/2007","27/08/2007"
"$2.138,13","COP","24/08/2007","24/08/2007"
"$2.133,04","COP","23/08/2007","23/08/2007"
"$2.154,94","COP","22/08/2007","22/08/2007"
"$2.113,54","COP","18/08/2007","21/08/2007"
"$2.124,40","COP","17/08/2007","17/08/2007"
"$2.048,44","COP","16/08/2007","16/08/2007"
"$2.016,30","COP","15/08/2007","15/08/2007"
"$1.997,38","COP","14/08/2007","14/08/2007"
"$2.006,79","COP","11/08/2007","13/08/2007"
"$1.981,90","COP","10/08/2007","10/08/2007"
"$1.957,58","COP","09/08/2007","09/08/2007"
"$1.976,89","COP","07/08/2007","08/08/2007"
"$1.963,69","COP","04/08/2007","06/08/2007"
"$1.957,68","COP","03/08/2007","03/08/2007"
"$1.971,20","COP","02/08/2007","02/08/2007"
"$1.958,50","COP","01/08/2007","01/08/2007"
"$1.971,80","COP","31/07/2007","31/07/2007"
"$1.984,10","COP","28/07/2007","30/07/2007"
"$1.981,58","COP","27/07/2007","27/07/2007"
"$1.935,68","COP","26/07/2007","26/07/2007"
"$1.916,23","COP","25/07/2007","25/07/2007"
"$1.912,90","COP","24/07/2007","24/07/2007"
"$1.921,04","COP","20/07/2007","23/07/2007"
"$1.928,59","COP","19/07/2007","19/07/2007"
"$1.931,04","COP","18/07/2007","18/07/2007"
"$1.942,43","COP","17/07/2007","17/07/2007"
"$1.956,05","COP","14/07/2007","16/07/2007"
"$1.954,48","COP","13/07/2007","13/07/2007"
"$1.964,82","COP","12/07/2007","12/07/2007"
"$1.960,31","COP","11/07/2007","11/07/2007"
"$1.945,94","COP","10/07/2007","10/07/2007"
"$1.962,55","COP","07/07/2007","09/07/2007"
"$1.969,36","COP","06/07/2007","06/07/2007"
"$1.958,95","COP","04/07/2007","05/07/2007"
"$1.960,61","COP","30/06/2007","03/07/2007"
"$1.958,09","COP","29/06/2007","29/06/2007"
"$1.982,29","COP","28/06/2007","28/06/2007"
"$1.965,31","COP","27/06/2007","27/06/2007"
"$1.960,32","COP","26/06/2007","26/06/2007"
"$1.944,01","COP","23/06/2007","25/06/2007"
"$1.938,17","COP","22/06/2007","22/06/2007"
"$1.905,13","COP","21/06/2007","21/06/2007"
"$1.896,07","COP","20/06/2007","20/06/2007"
"$1.920,25","COP","16/06/2007","19/06/2007"
"$1.945,09","COP","15/06/2007","15/06/2007"
"$1.947,37","COP","14/06/2007","14/06/2007"
"$1.931,36","COP","13/06/2007","13/06/2007"
"$1.924,54","COP","09/06/2007","12/06/2007"
"$1.900,68","COP","08/06/2007","08/06/2007"
"$1.886,92","COP","07/06/2007","07/06/2007"
"$1.877,88","COP","06/06/2007","06/06/2007"
"$1.882,06","COP","05/06/2007","05/06/2007"
"$1.885,80","COP","02/06/2007","04/06/2007"
"$1.900,09","COP","01/06/2007","01/06/2007"
"$1.930,64","COP","31/05/2007","31/05/2007"
"$1.914,96","COP","30/05/2007","30/05/2007"
"$1.934,55","COP","26/05/2007","29/05/2007"
"$1.962,59","COP","25/05/2007","25/05/2007"
"$1.963,56","COP","24/05/2007","24/05/2007"
"$1.957,54","COP","23/05/2007","23/05/2007"
"$1.985,33","COP","19/05/2007","22/05/2007"
"$1.990,43","COP","18/05/2007","18/05/2007"
"$1.988,01","COP","17/05/2007","17/05/2007"
"$1.995,17","COP","16/05/2007","16/05/2007"
"$2.002,04","COP","15/05/2007","15/05/2007"
"$2.029,20","COP","12/05/2007","14/05/2007"
"$2.041,39","COP","11/05/2007","11/05/2007"
"$2.045,51","COP","10/05/2007","10/05/2007"
"$2.074,03","COP","09/05/2007","09/05/2007"
"$2.081,24","COP","08/05/2007","08/05/2007"
"$2.069,01","COP","05/05/2007","07/05/2007"
"$2.077,12","COP","04/05/2007","04/05/2007"
"$2.085,18","COP","03/05/2007","03/05/2007"
"$2.104,16","COP","01/05/2007","02/05/2007"
"$2.110,67","COP","28/04/2007","30/04/2007"
"$2.111,52","COP","27/04/2007","27/04/2007"
"$2.112,61","COP","26/04/2007","26/04/2007"
"$2.119,37","COP","25/04/2007","25/04/2007"
"$2.115,56","COP","24/04/2007","24/04/2007"
"$2.121,42","COP","21/04/2007","23/04/2007"
"$2.143,31","COP","20/04/2007","20/04/2007"
"$2.148,46","COP","19/04/2007","19/04/2007"
"$2.141,35","COP","18/04/2007","18/04/2007"
"$2.136,82","COP","17/04/2007","17/04/2007"
"$2.138,74","COP","14/04/2007","16/04/2007"
"$2.152,65","COP","13/04/2007","13/04/2007"
"$2.154,61","COP","12/04/2007","12/04/2007"
"$2.157,82","COP","11/04/2007","11/04/2007"
"$2.164,55","COP","10/04/2007","10/04/2007"
"$2.166,93","COP","05/04/2007","09/04/2007"
"$2.171,47","COP","04/04/2007","04/04/2007"
"$2.189,18","COP","03/04/2007","03/04/2007"
"$2.190,30","COP","31/03/2007","02/04/2007"
"$2.155,06","COP","30/03/2007","30/03/2007"
"$2.169,67","COP","29/03/2007","29/03/2007"
"$2.172,09","COP","28/03/2007","28/03/2007"
"$2.172,14","COP","27/03/2007","27/03/2007"
"$2.174,72","COP","24/03/2007","26/03/2007"
"$2.168,95","COP","23/03/2007","23/03/2007"
"$2.172,60","COP","22/03/2007","22/03/2007"
"$2.186,21","COP","21/03/2007","21/03/2007"
"$2.204,05","COP","17/03/2007","20/03/2007"
"$2.197,76","COP","16/03/2007","16/03/2007"
"$2.210,12","COP","15/03/2007","15/03/2007"
"$2.206,38","COP","14/03/2007","14/03/2007"
"$2.205,77","COP","13/03/2007","13/03/2007"
"$2.210,98","COP","10/03/2007","12/03/2007"
"$2.214,05","COP","09/03/2007","09/03/2007"
"$2.218,94","COP","08/03/2007","08/03/2007"
"$2.222,45","COP","07/03/2007","07/03/2007"
"$2.245,71","COP","06/03/2007","06/03/2007"
"$2.242,62","COP","03/03/2007","05/03/2007"
"$2.246,88","COP","02/03/2007","02/03/2007"
"$2.231,94","COP","01/03/2007","01/03/2007"
"$2.224,12","COP","28/02/2007","28/02/2007"
"$2.211,46","COP","27/02/2007","27/02/2007"
"$2.216,57","COP","24/02/2007","26/02/2007"
"$2.214,44","COP","23/02/2007","23/02/2007"
"$2.218,78","COP","22/02/2007","22/02/2007"
"$2.220,76","COP","21/02/2007","21/02/2007"
"$2.221,70","COP","17/02/2007","20/02/2007"
"$2.219,15","COP","16/02/2007","16/02/2007"
"$2.221,43","COP","15/02/2007","15/02/2007"
"$2.223,30","COP","14/02/2007","14/02/2007"
"$2.230,40","COP","13/02/2007","13/02/2007"
"$2.229,87","COP","10/02/2007","12/02/2007"
"$2.239,20","COP","09/02/2007","09/02/2007"
"$2.235,30","COP","08/02/2007","08/02/2007"
"$2.232,37","COP","07/02/2007","07/02/2007"
"$2.229,30","COP","06/02/2007","06/02/2007"
"$2.241,53","COP","03/02/2007","05/02/2007"
"$2.246,06","COP","02/02/2007","02/02/2007"
"$2.255,17","COP","01/02/2007","01/02/2007"
"$2.259,72","COP","31/01/2007","31/01/2007"
"$2.261,22","COP","30/01/2007","30/01/2007"
"$2.259,43","COP","27/01/2007","29/01/2007"
"$2.252,88","COP","26/01/2007","26/01/2007"
"$2.254,67","COP","25/01/2007","25/01/2007"
"$2.250,38","COP","24/01/2007","24/01/2007"
"$2.240,32","COP","23/01/2007","23/01/2007"
"$2.229,29","COP","20/01/2007","22/01/2007"
"$2.226,06","COP","19/01/2007","19/01/2007"
"$2.224,22","COP","18/01/2007","18/01/2007"
"$2.221,96","COP","17/01/2007","17/01/2007"
"$2.221,35","COP","13/01/2007","16/01/2007"
"$2.231,48","COP","12/01/2007","12/01/2007"
"$2.250,60","COP","11/01/2007","11/01/2007"
"$2.238,52","COP","10/01/2007","10/01/2007"
"$2.228,38","COP","06/01/2007","09/01/2007"
"$2.218,05","COP","05/01/2007","05/01/2007"
"$2.218,11","COP","04/01/2007","04/01/2007"
"$2.231,42","COP","03/01/2007","03/01/2007"
"$2.238,79","COP","29/12/2006","02/01/2007"
"$2.233,31","COP","28/12/2006","28/12/2006"
"$2.225,44","COP","27/12/2006","27/12/2006"
"$2.228,76","COP","23/12/2006","26/12/2006"
"$2.229,28","COP","22/12/2006","22/12/2006"
"$2.234,36","COP","21/12/2006","21/12/2006"
"$2.249,28","COP","20/12/2006","20/12/2006"
"$2.255,38","COP","19/12/2006","19/12/2006"
"$2.262,15","COP","16/12/2006","18/12/2006"
"$2.270,18","COP","15/12/2006","15/12/2006"
"$2.272,75","COP","14/12/2006","14/12/2006"
"$2.272,27","COP","13/12/2006","13/12/2006"
"$2.272,09","COP","12/12/2006","12/12/2006"
"$2.280,50","COP","08/12/2006","11/12/2006"
"$2.279,82","COP","07/12/2006","07/12/2006"
"$2.278,97","COP","06/12/2006","06/12/2006"
"$2.292,63","COP","05/12/2006","05/12/2006"
"$2.293,42","COP","02/12/2006","04/12/2006"
"$2.295,99","COP","01/12/2006","01/12/2006"
"$2.300,42","COP","30/11/2006","30/11/2006"
"$2.317,35","COP","29/11/2006","29/11/2006"
"$2.320,64","COP","28/11/2006","28/11/2006"
"$2.298,52","COP","25/11/2006","27/11/2006"
"$2.283,33","COP","23/11/2006","24/11/2006"
"$2.282,67","COP","22/11/2006","22/11/2006"
"$2.283,99","COP","21/11/2006","21/11/2006"
"$2.285,65","COP","18/11/2006","20/11/2006"
"$2.276,37","COP","17/11/2006","17/11/2006"
"$2.274,26","COP","16/11/2006","16/11/2006"
"$2.277,21","COP","15/11/2006","15/11/2006"
"$2.277,66","COP","11/11/2006","14/11/2006"
"$2.268,47","COP","10/11/2006","10/11/2006"
"$2.282,52","COP","09/11/2006","09/11/2006"
"$2.288,13","COP","08/11/2006","08/11/2006"
"$2.300,88","COP","04/11/2006","07/11/2006"
"$2.296,65","COP","03/11/2006","03/11/2006"
"$2.302,64","COP","02/11/2006","02/11/2006"
"$2.308,49","COP","01/11/2006","01/11/2006"
"$2.315,38","COP","31/10/2006","31/10/2006"
"$2.314,76","COP","28/10/2006","30/10/2006"
"$2.327,23","COP","27/10/2006","27/10/2006"
"$2.339,92","COP","26/10/2006","26/10/2006"
"$2.341,33","COP","25/10/2006","25/10/2006"
"$2.341,51","COP","24/10/2006","24/10/2006"
"$2.340,89","COP","21/10/2006","23/10/2006"
"$2.345,49","COP","20/10/2006","20/10/2006"
"$2.348,43","COP","19/10/2006","19/10/2006"
"$2.359,41","COP","18/10/2006","18/10/2006"
"$2.356,53","COP","14/10/2006","17/10/2006"
"$2.374,51","COP","13/10/2006","13/10/2006"
"$2.389,07","COP","12/10/2006","12/10/2006"
"$2.387,11","COP","11/10/2006","11/10/2006"
"$2.395,23","COP","07/10/2006","10/10/2006"
"$2.393,47","COP","06/10/2006","06/10/2006"
"$2.403,43","COP","05/10/2006","05/10/2006"
"$2.396,38","COP","04/10/2006","04/10/2006"
"$2.390,41","COP","03/10/2006","03/10/2006"
"$2.394,31","COP","30/09/2006","02/10/2006"
"$2.397,07","COP","29/09/2006","29/09/2006"
"$2.399,36","COP","28/09/2006","28/09/2006"
"$2.411,68","COP","27/09/2006","27/09/2006"
"$2.420,25","COP","26/09/2006","26/09/2006"
"$2.417,23","COP","23/09/2006","25/09/2006"
"$2.408,62","COP","22/09/2006","22/09/2006"
"$2.399,46","COP","21/09/2006","21/09/2006"
"$2.396,41","COP","20/09/2006","20/09/2006"
"$2.395,43","COP","19/09/2006","19/09/2006"
"$2.390,66","COP","16/09/2006","18/09/2006"
"$2.392,81","COP","15/09/2006","15/09/2006"
"$2.399,92","COP","14/09/2006","14/09/2006"
"$2.406,89","COP","13/09/2006","13/09/2006"
"$2.409,93","COP","12/09/2006","12/09/2006"
"$2.388,54","COP","09/09/2006","11/09/2006"
"$2.387,31","COP","08/09/2006","08/09/2006"
"$2.381,46","COP","07/09/2006","07/09/2006"
"$2.377,18","COP","06/09/2006","06/09/2006"
"$2.398,83","COP","02/09/2006","05/09/2006"
"$2.398,56","COP","01/09/2006","01/09/2006"
"$2.396,63","COP","31/08/2006","31/08/2006"
"$2.402,07","COP","30/08/2006","30/08/2006"
"$2.409,54","COP","29/08/2006","29/08/2006"
"$2.425,65","COP","26/08/2006","28/08/2006"
"$2.398,00","COP","25/08/2006","25/08/2006"
"$2.374,59","COP","24/08/2006","24/08/2006"
"$2.362,67","COP","23/08/2006","23/08/2006"
"$2.370,49","COP","19/08/2006","22/08/2006"
"$2.366,36","COP","18/08/2006","18/08/2006"
"$2.356,49","COP","17/08/2006","17/08/2006"
"$2.362,28","COP","16/08/2006","16/08/2006"
"$2.372,95","COP","15/08/2006","15/08/2006"
"$2.371,77","COP","12/08/2006","14/08/2006"
"$2.363,56","COP","11/08/2006","11/08/2006"
"$2.363,82","COP","10/08/2006","10/08/2006"
"$2.388,13","COP","09/08/2006","09/08/2006"
"$2.389,87","COP","05/08/2006","08/08/2006"
"$2.415,51","COP","04/08/2006","04/08/2006"
"$2.429,24","COP","03/08/2006","03/08/2006"
"$2.436,43","COP","02/08/2006","02/08/2006"
"$2.426,52","COP","01/08/2006","01/08/2006"
"$2.426,00","COP","29/07/2006","31/07/2006"
"$2.443,35","COP","28/07/2006","28/07/2006"
"$2.466,95","COP","27/07/2006","27/07/2006"
"$2.458,56","COP","26/07/2006","26/07/2006"
"$2.450,79","COP","25/07/2006","25/07/2006"
"$2.470,32","COP","22/07/2006","24/07/2006"
"$2.521,18","COP","20/07/2006","21/07/2006"
"$2.531,85","COP","19/07/2006","19/07/2006"
"$2.556,72","COP","18/07/2006","18/07/2006"
"$2.549,77","COP","15/07/2006","17/07/2006"
"$2.534,13","COP","14/07/2006","14/07/2006"
"$2.512,40","COP","13/07/2006","13/07/2006"
"$2.488,33","COP","12/07/2006","12/07/2006"
"$2.491,45","COP","11/07/2006","11/07/2006"
"$2.525,50","COP","08/07/2006","10/07/2006"
"$2.562,85","COP","07/07/2006","07/07/2006"
"$2.574,74","COP","06/07/2006","06/07/2006"
"$2.579,08","COP","01/07/2006","05/07/2006"
"$2.633,12","COP","30/06/2006","30/06/2006"
"$2.634,06","COP","29/06/2006","29/06/2006"
"$2.619,75","COP","28/06/2006","28/06/2006"
"$2.607,13","COP","24/06/2006","27/06/2006"
"$2.578,02","COP","23/06/2006","23/06/2006"
"$2.566,76","COP","22/06/2006","22/06/2006"
"$2.568,12","COP","21/06/2006","21/06/2006"
"$2.559,04","COP","17/06/2006","20/06/2006"
"$2.564,30","COP","16/06/2006","16/06/2006"
"$2.570,11","COP","15/06/2006","15/06/2006"
"$2.569,10","COP","14/06/2006","14/06/2006"
"$2.534,83","COP","13/06/2006","13/06/2006"
"$2.510,82","COP","10/06/2006","12/06/2006"
"$2.511,34","COP","09/06/2006","09/06/2006"
"$2.482,15","COP","08/06/2006","08/06/2006"
"$2.470,99","COP","07/06/2006","07/06/2006"
"$2.443,72","COP","06/06/2006","06/06/2006"
"$2.450,80","COP","03/06/2006","05/06/2006"
"$2.484,62","COP","02/06/2006","02/06/2006"
"$2.486,07","COP","01/06/2006","01/06/2006"
"$2.482,41","COP","31/05/2006","31/05/2006"
"$2.475,75","COP","27/05/2006","30/05/2006"
"$2.517,44","COP","26/05/2006","26/05/2006"
"$2.518,34","COP","25/05/2006","25/05/2006"
"$2.490,06","COP","24/05/2006","24/05/2006"
"$2.493,98","COP","23/05/2006","23/05/2006"
"$2.452,50","COP","20/05/2006","22/05/2006"
"$2.450,63","COP","19/05/2006","19/05/2006"
"$2.435,52","COP","18/05/2006","18/05/2006"
"$2.410,96","COP","17/05/2006","17/05/2006"
"$2.424,27","COP","16/05/2006","16/05/2006"
"$2.375,86","COP","13/05/2006","15/05/2006"
"$2.346,06","COP","12/05/2006","12/05/2006"
"$2.329,35","COP","11/05/2006","11/05/2006"
"$2.338,76","COP","10/05/2006","10/05/2006"
"$2.351,06","COP","09/05/2006","09/05/2006"
"$2.370,63","COP","06/05/2006","08/05/2006"
"$2.381,36","COP","05/05/2006","05/05/2006"
"$2.377,59","COP","04/05/2006","04/05/2006"
"$2.380,31","COP","03/05/2006","03/05/2006"
"$2.375,03","COP","29/04/2006","02/05/2006"
"$2.375,66","COP","28/04/2006","28/04/2006"
"$2.373,94","COP","27/04/2006","27/04/2006"
"$2.348,49","COP","26/04/2006","26/04/2006"
"$2.332,99","COP","25/04/2006","25/04/2006"
"$2.337,42","COP","22/04/2006","24/04/2006"
"$2.336,10","COP","21/04/2006","21/04/2006"
"$2.344,73","COP","20/04/2006","20/04/2006"
"$2.349,03","COP","19/04/2006","19/04/2006"
"$2.366,15","COP","18/04/2006","18/04/2006"
"$2.335,16","COP","13/04/2006","17/04/2006"
"$2.336,26","COP","12/04/2006","12/04/2006"
"$2.352,58","COP","11/04/2006","11/04/2006"
"$2.342,35","COP","08/04/2006","10/04/2006"
"$2.313,05","COP","07/04/2006","07/04/2006"
"$2.294,99","COP","06/04/2006","06/04/2006"
"$2.288,67","COP","05/04/2006","05/04/2006"
"$2.296,18","COP","04/04/2006","04/04/2006"
"$2.293,38","COP","01/04/2006","03/04/2006"
"$2.289,98","COP","31/03/2006","31/03/2006"
"$2.286,73","COP","30/03/2006","30/03/2006"
"$2.276,08","COP","29/03/2006","29/03/2006"
"$2.268,35","COP","28/03/2006","28/03/2006"
"$2.266,95","COP","25/03/2006","27/03/2006"
"$2.265,49","COP","24/03/2006","24/03/2006"
"$2.263,31","COP","23/03/2006","23/03/2006"
"$2.259,19","COP","22/03/2006","22/03/2006"
"$2.257,01","COP","18/03/2006","21/03/2006"
"$2.258,01","COP","17/03/2006","17/03/2006"
"$2.259,53","COP","16/03/2006","16/03/2006"
"$2.262,41","COP","15/03/2006","15/03/2006"
"$2.263,46","COP","14/03/2006","14/03/2006"
"$2.265,15","COP","11/03/2006","13/03/2006"
"$2.257,67","COP","10/03/2006","10/03/2006"
"$2.254,55","COP","09/03/2006","09/03/2006"
"$2.258,11","COP","08/03/2006","08/03/2006"
"$2.259,12","COP","07/03/2006","07/03/2006"
"$2.256,17","COP","04/03/2006","06/03/2006"
"$2.251,45","COP","03/03/2006","03/03/2006"
"$2.247,48","COP","02/03/2006","02/03/2006"
"$2.245,71","COP","01/03/2006","01/03/2006"
"$2.247,32","COP","28/02/2006","28/02/2006"
"$2.246,18","COP","25/02/2006","27/02/2006"
"$2.249,90","COP","24/02/2006","24/02/2006"
"$2.251,78","COP","23/02/2006","23/02/2006"
"$2.253,42","COP","22/02/2006","22/02/2006"
"$2.253,89","COP","18/02/2006","21/02/2006"
"$2.254,11","COP","17/02/2006","17/02/2006"
"$2.253,68","COP","16/02/2006","16/02/2006"
"$2.254,98","COP","15/02/2006","15/02/2006"
"$2.254,03","COP","14/02/2006","14/02/2006"
"$2.253,10","COP","11/02/2006","13/02/2006"
"$2.256,95","COP","10/02/2006","10/02/2006"
"$2.259,07","COP","09/02/2006","09/02/2006"
"$2.256,57","COP","08/02/2006","08/02/2006"
"$2.259,64","COP","07/02/2006","07/02/2006"
"$2.265,22","COP","04/02/2006","06/02/2006"
"$2.266,07","COP","03/02/2006","03/02/2006"
"$2.267,39","COP","02/02/2006","02/02/2006"
"$2.267,63","COP","01/02/2006","01/02/2006"
"$2.265,65","COP","31/01/2006","31/01/2006"
"$2.266,66","COP","28/01/2006","30/01/2006"
"$2.270,85","COP","27/01/2006","27/01/2006"
"$2.273,50","COP","26/01/2006","26/01/2006"
"$2.262,87","COP","25/01/2006","25/01/2006"
"$2.262,04","COP","24/01/2006","24/01/2006"
"$2.269,41","COP","21/01/2006","23/01/2006"
"$2.269,70","COP","20/01/2006","20/01/2006"
"$2.271,55","COP","19/01/2006","19/01/2006"
"$2.270,88","COP","18/01/2006","18/01/2006"
"$2.273,31","COP","14/01/2006","17/01/2006"
"$2.274,59","COP","13/01/2006","13/01/2006"
"$2.274,73","COP","12/01/2006","12/01/2006"
"$2.276,58","COP","11/01/2006","11/01/2006"
"$2.278,40","COP","07/01/2006","10/01/2006"
"$2.279,99","COP","06/01/2006","06/01/2006"
"$2.282,13","COP","05/01/2006","05/01/2006"
"$2.282,27","COP","04/01/2006","04/01/2006"
"$2.284,22","COP","30/12/2005","03/01/2006"
"$2.282,35","COP","29/12/2005","29/12/2005"
"$2.283,11","COP","28/12/2005","28/12/2005"
"$2.282,36","COP","27/12/2005","27/12/2005"
"$2.282,36","COP","24/12/2005","26/12/2005"
"$2.283,47","COP","23/12/2005","23/12/2005"
"$2.285,61","COP","22/12/2005","22/12/2005"
"$2.286,46","COP","21/12/2005","21/12/2005"
"$2.286,83","COP","20/12/2005","20/12/2005"
"$2.277,85","COP","17/12/2005","19/12/2005"
"$2.276,70","COP","16/12/2005","16/12/2005"
"$2.275,45","COP","15/12/2005","15/12/2005"
"$2.275,33","COP","14/12/2005","14/12/2005"
"$2.275,47","COP","13/12/2005","13/12/2005"
"$2.275,09","COP","10/12/2005","12/12/2005"
"$2.274,06","COP","08/12/2005","09/12/2005"
"$2.274,19","COP","07/12/2005","07/12/2005"
"$2.274,10","COP","06/12/2005","06/12/2005"
"$2.274,39","COP","03/12/2005","05/12/2005"
"$2.272,95","COP","02/12/2005","02/12/2005"
"$2.274,71","COP","01/12/2005","01/12/2005"
"$2.274,04","COP","30/11/2005","30/11/2005"
"$2.273,08","COP","29/11/2005","29/11/2005"
"$2.275,40","COP","26/11/2005","28/11/2005"
"$2.277,92","COP","24/11/2005","25/11/2005"
"$2.278,48","COP","23/11/2005","23/11/2005"
"$2.276,64","COP","22/11/2005","22/11/2005"
"$2.277,73","COP","19/11/2005","21/11/2005"
"$2.277,99","COP","18/11/2005","18/11/2005"
"$2.278,23","COP","17/11/2005","17/11/2005"
"$2.280,43","COP","16/11/2005","16/11/2005"
"$2.280,19","COP","11/11/2005","15/11/2005"
"$2.280,94","COP","10/11/2005","10/11/2005"
"$2.282,67","COP","09/11/2005","09/11/2005"
"$2.282,76","COP","05/11/2005","08/11/2005"
"$2.283,78","COP","04/11/2005","04/11/2005"
"$2.285,24","COP","03/11/2005","03/11/2005"
"$2.285,83","COP","02/11/2005","02/11/2005"
"$2.287,51","COP","01/11/2005","01/11/2005"
"$2.289,57","COP","29/10/2005","31/10/2005"
"$2.289,87","COP","28/10/2005","28/10/2005"
"$2.288,52","COP","27/10/2005","27/10/2005"
"$2.284,05","COP","26/10/2005","26/10/2005"
"$2.285,37","COP","25/10/2005","25/10/2005"
"$2.288,69","COP","22/10/2005","24/10/2005"
"$2.289,15","COP","21/10/2005","21/10/2005"
"$2.283,96","COP","20/10/2005","20/10/2005"
"$2.288,69","COP","19/10/2005","19/10/2005"
"$2.294,75","COP","15/10/2005","18/10/2005"
"$2.298,99","COP","14/10/2005","14/10/2005"
"$2.299,47","COP","13/10/2005","13/10/2005"
"$2.299,94","COP","12/10/2005","12/10/2005"
"$2.303,01","COP","08/10/2005","11/10/2005"
"$2.302,79","COP","07/10/2005","07/10/2005"
"$2.294,12","COP","06/10/2005","06/10/2005"
"$2.289,79","COP","05/10/2005","05/10/2005"
"$2.289,13","COP","04/10/2005","04/10/2005"
"$2.288,22","COP","01/10/2005","03/10/2005"
"$2.289,61","COP","30/09/2005","30/09/2005"
"$2.293,29","COP","29/09/2005","29/09/2005"
"$2.290,74","COP","28/09/2005","28/09/2005"
"$2.289,18","COP","27/09/2005","27/09/2005"
"$2.290,03","COP","24/09/2005","26/09/2005"
"$2.292,59","COP","23/09/2005","23/09/2005"
"$2.291,05","COP","22/09/2005","22/09/2005"
"$2.300,58","COP","21/09/2005","21/09/2005"
"$2.295,57","COP","20/09/2005","20/09/2005"
"$2.301,99","COP","17/09/2005","19/09/2005"
"$2.299,82","COP","16/09/2005","16/09/2005"
"$2.290,02","COP","15/09/2005","15/09/2005"
"$2.295,02","COP","14/09/2005","14/09/2005"
"$2.306,71","COP","13/09/2005","13/09/2005"
"$2.305,09","COP","10/09/2005","12/09/2005"
"$2.289,30","COP","09/09/2005","09/09/2005"
"$2.279,95","COP","08/09/2005","08/09/2005"
"$2.286,61","COP","07/09/2005","07/09/2005"
"$2.295,31","COP","03/09/2005","06/09/2005"
"$2.298,85","COP","02/09/2005","02/09/2005"
"$2.302,78","COP","01/09/2005","01/09/2005"
"$2.304,30","COP","31/08/2005","31/08/2005"
"$2.305,15","COP","30/08/2005","30/08/2005"
"$2.306,71","COP","27/08/2005","29/08/2005"
"$2.305,87","COP","26/08/2005","26/08/2005"
"$2.305,05","COP","25/08/2005","25/08/2005"
"$2.302,59","COP","24/08/2005","24/08/2005"
"$2.304,26","COP","23/08/2005","23/08/2005"
"$2.309,83","COP","20/08/2005","22/08/2005"
"$2.307,45","COP","19/08/2005","19/08/2005"
"$2.303,20","COP","18/08/2005","18/08/2005"
"$2.301,74","COP","17/08/2005","17/08/2005"
"$2.308,38","COP","13/08/2005","16/08/2005"
"$2.313,52","COP","12/08/2005","12/08/2005"
"$2.299,75","COP","11/08/2005","11/08/2005"
"$2.305,63","COP","10/08/2005","10/08/2005"
"$2.308,30","COP","09/08/2005","09/08/2005"
"$2.307,69","COP","06/08/2005","08/08/2005"
"$2.307,40","COP","05/08/2005","05/08/2005"
"$2.306,51","COP","04/08/2005","04/08/2005"
"$2.305,95","COP","03/08/2005","03/08/2005"
"$2.308,42","COP","02/08/2005","02/08/2005"
"$2.308,49","COP","30/07/2005","01/08/2005"
"$2.311,43","COP","29/07/2005","29/07/2005"
"$2.313,84","COP","28/07/2005","28/07/2005"
"$2.316,93","COP","27/07/2005","27/07/2005"
"$2.315,39","COP","26/07/2005","26/07/2005"
"$2.316,42","COP","23/07/2005","25/07/2005"
"$2.312,82","COP","22/07/2005","22/07/2005"
"$2.312,73","COP","20/07/2005","21/07/2005"
"$2.320,26","COP","19/07/2005","19/07/2005"
"$2.332,07","COP","16/07/2005","18/07/2005"
"$2.329,40","COP","15/07/2005","15/07/2005"
"$2.326,09","COP","14/07/2005","14/07/2005"
"$2.323,08","COP","13/07/2005","13/07/2005"
"$2.324,37","COP","12/07/2005","12/07/2005"
"$2.330,72","COP","09/07/2005","11/07/2005"
"$2.332,70","COP","08/07/2005","08/07/2005"
"$2.338,86","COP","07/07/2005","07/07/2005"
"$2.338,17","COP","06/07/2005","06/07/2005"
"$2.324,69","COP","02/07/2005","05/07/2005"
"$2.324,22","COP","01/07/2005","01/07/2005"
"$2.331,81","COP","30/06/2005","30/06/2005"
"$2.327,90","COP","29/06/2005","29/06/2005"
"$2.323,19","COP","28/06/2005","28/06/2005"
"$2.320,29","COP","25/06/2005","27/06/2005"
"$2.319,27","COP","24/06/2005","24/06/2005"
"$2.316,45","COP","23/06/2005","23/06/2005"
"$2.314,89","COP","22/06/2005","22/06/2005"
"$2.319,11","COP","21/06/2005","21/06/2005"
"$2.322,05","COP","18/06/2005","20/06/2005"
"$2.326,43","COP","17/06/2005","17/06/2005"
"$2.330,33","COP","16/06/2005","16/06/2005"
"$2.334,27","COP","15/06/2005","15/06/2005"
"$2.345,60","COP","14/06/2005","14/06/2005"
"$2.349,17","COP","11/06/2005","13/06/2005"
"$2.361,41","COP","10/06/2005","10/06/2005"
"$2.347,83","COP","09/06/2005","09/06/2005"
"$2.331,38","COP","08/06/2005","08/06/2005"
"$2.330,93","COP","04/06/2005","07/06/2005"
"$2.336,65","COP","03/06/2005","03/06/2005"
"$2.339,67","COP","02/06/2005","02/06/2005"
"$2.338,89","COP","01/06/2005","01/06/2005"
"$2.332,79","COP","28/05/2005","31/05/2005"
"$2.330,79","COP","27/05/2005","27/05/2005"
"$2.329,35","COP","26/05/2005","26/05/2005"
"$2.328,69","COP","25/05/2005","25/05/2005"
"$2.329,05","COP","24/05/2005","24/05/2005"
"$2.337,00","COP","21/05/2005","23/05/2005"
"$2.336,99","COP","20/05/2005","20/05/2005"
"$2.339,44","COP","19/05/2005","19/05/2005"
"$2.341,72","COP","18/05/2005","18/05/2005"
"$2.347,25","COP","17/05/2005","17/05/2005"
"$2.348,69","COP","14/05/2005","16/05/2005"
"$2.344,00","COP","13/05/2005","13/05/2005"
"$2.340,99","COP","12/05/2005","12/05/2005"
"$2.339,77","COP","11/05/2005","11/05/2005"
"$2.339,06","COP","07/05/2005","10/05/2005"
"$2.338,44","COP","06/05/2005","06/05/2005"
"$2.337,08","COP","05/05/2005","05/05/2005"
"$2.345,45","COP","04/05/2005","04/05/2005"
"$2.349,59","COP","03/05/2005","03/05/2005"
"$2.348,32","COP","30/04/2005","02/05/2005"
"$2.344,87","COP","29/04/2005","29/04/2005"
"$2.338,07","COP","28/04/2005","28/04/2005"
"$2.342,56","COP","27/04/2005","27/04/2005"
"$2.343,97","COP","26/04/2005","26/04/2005"
"$2.336,25","COP","23/04/2005","25/04/2005"
"$2.336,35","COP","22/04/2005","22/04/2005"
"$2.344,45","COP","21/04/2005","21/04/2005"
"$2.355,64","COP","20/04/2005","20/04/2005"
"$2.363,30","COP","19/04/2005","19/04/2005"
"$2.363,96","COP","16/04/2005","18/04/2005"
"$2.346,09","COP","15/04/2005","15/04/2005"
"$2.328,74","COP","14/04/2005","14/04/2005"
"$2.335,40","COP","13/04/2005","13/04/2005"
"$2.331,95","COP","12/04/2005","12/04/2005"
"$2.349,80","COP","09/04/2005","11/04/2005"
"$2.353,16","COP","08/04/2005","08/04/2005"
"$2.362,28","COP","07/04/2005","07/04/2005"
"$2.369,67","COP","06/04/2005","06/04/2005"
"$2.374,47","COP","05/04/2005","05/04/2005"
"$2.365,98","COP","02/04/2005","04/04/2005"
"$2.363,23","COP","01/04/2005","01/04/2005"
"$2.376,48","COP","31/03/2005","31/03/2005"
"$2.393,32","COP","30/03/2005","30/03/2005"
"$2.397,25","COP","29/03/2005","29/03/2005"
"$2.382,30","COP","24/03/2005","28/03/2005"
"$2.361,78","COP","23/03/2005","23/03/2005"
"$2.371,43","COP","19/03/2005","22/03/2005"
"$2.374,46","COP","18/03/2005","18/03/2005"
"$2.386,47","COP","17/03/2005","17/03/2005"
"$2.362,36","COP","16/03/2005","16/03/2005"
"$2.346,71","COP","15/03/2005","15/03/2005"
"$2.332,72","COP","12/03/2005","14/03/2005"
"$2.340,34","COP","11/03/2005","11/03/2005"
"$2.334,11","COP","10/03/2005","10/03/2005"
"$2.325,69","COP","09/03/2005","09/03/2005"
"$2.324,89","COP","08/03/2005","08/03/2005"
"$2.338,93","COP","05/03/2005","07/03/2005"
"$2.333,70","COP","04/03/2005","04/03/2005"
"$2.333,65","COP","03/03/2005","03/03/2005"
"$2.329,67","COP","02/03/2005","02/03/2005"
"$2.327,98","COP","01/03/2005","01/03/2005"
"$2.323,77","COP","26/02/2005","28/02/2005"
"$2.308,70","COP","25/02/2005","25/02/2005"
"$2.308,58","COP","24/02/2005","24/02/2005"
"$2.311,83","COP","23/02/2005","23/02/2005"
"$2.318,12","COP","19/02/2005","22/02/2005"
"$2.327,45","COP","18/02/2005","18/02/2005"
"$2.331,70","COP","17/02/2005","17/02/2005"
"$2.330,62","COP","16/02/2005","16/02/2005"
"$2.338,27","COP","15/02/2005","15/02/2005"
"$2.346,04","COP","12/02/2005","14/02/2005"
"$2.344,94","COP","11/02/2005","11/02/2005"
"$2.358,61","COP","10/02/2005","10/02/2005"
"$2.364,16","COP","09/02/2005","09/02/2005"
"$2.365,79","COP","08/02/2005","08/02/2005"
"$2.361,92","COP","05/02/2005","07/02/2005"
"$2.365,08","COP","04/02/2005","04/02/2005"
"$2.364,13","COP","03/02/2005","03/02/2005"
"$2.358,16","COP","02/02/2005","02/02/2005"
"$2.363,75","COP","01/02/2005","01/02/2005"
"$2.367,76","COP","29/01/2005","31/01/2005"
"$2.372,63","COP","28/01/2005","28/01/2005"
"$2.370,95","COP","27/01/2005","27/01/2005"
"$2.370,08","COP","26/01/2005","26/01/2005"
"$2.370,77","COP","25/01/2005","25/01/2005"
"$2.373,86","COP","22/01/2005","24/01/2005"
"$2.381,54","COP","21/01/2005","21/01/2005"
"$2.363,69","COP","20/01/2005","20/01/2005"
"$2.371,77","COP","19/01/2005","19/01/2005"
"$2.351,23","COP","15/01/2005","18/01/2005"
"$2.340,42","COP","14/01/2005","14/01/2005"
"$2.358,64","COP","13/01/2005","13/01/2005"
"$2.380,96","COP","12/01/2005","12/01/2005"
"$2.358,54","COP","08/01/2005","11/01/2005"
"$2.386,67","COP","07/01/2005","07/01/2005"
"$2.344,45","COP","06/01/2005","06/01/2005"
"$2.315,45","COP","05/01/2005","05/01/2005"
"$2.338,84","COP","04/01/2005","04/01/2005"
"$2.389,75","COP","31/12/2004","03/01/2005"
"$2.412,10","COP","30/12/2004","30/12/2004"
"$2.415,37","COP","29/12/2004","29/12/2004"
"$2.385,32","COP","28/12/2004","28/12/2004"
"$2.375,99","COP","25/12/2004","27/12/2004"
"$2.404,40","COP","24/12/2004","24/12/2004"
"$2.381,03","COP","23/12/2004","23/12/2004"
"$2.316,12","COP","22/12/2004","22/12/2004"
"$2.329,79","COP","21/12/2004","21/12/2004"
"$2.361,46","COP","18/12/2004","20/12/2004"
"$2.365,75","COP","17/12/2004","17/12/2004"
"$2.376,37","COP","16/12/2004","16/12/2004"
"$2.385,10","COP","15/12/2004","15/12/2004"
"$2.416,29","COP","14/12/2004","14/12/2004"
"$2.440,72","COP","11/12/2004","13/12/2004"
"$2.464,19","COP","10/12/2004","10/12/2004"
"$2.455,12","COP","08/12/2004","09/12/2004"
"$2.466,71","COP","07/12/2004","07/12/2004"
"$2.475,23","COP","04/12/2004","06/12/2004"
"$2.481,93","COP","03/12/2004","03/12/2004"
"$2.472,12","COP","02/12/2004","02/12/2004"
"$2.479,18","COP","01/12/2004","01/12/2004"
"$2.479,10","COP","30/11/2004","30/11/2004"
"$2.484,36","COP","27/11/2004","29/11/2004"
"$2.501,88","COP","25/11/2004","26/11/2004"
"$2.509,79","COP","24/11/2004","24/11/2004"
"$2.521,81","COP","23/11/2004","23/11/2004"
"$2.517,86","COP","20/11/2004","22/11/2004"
"$2.515,32","COP","19/11/2004","19/11/2004"
"$2.523,41","COP","18/11/2004","18/11/2004"
"$2.535,89","COP","17/11/2004","17/11/2004"
"$2.541,98","COP","13/11/2004","16/11/2004"
"$2.540,47","COP","11/11/2004","12/11/2004"
"$2.542,20","COP","10/11/2004","10/11/2004"
"$2.544,65","COP","09/11/2004","09/11/2004"
"$2.547,79","COP","06/11/2004","08/11/2004"
"$2.550,37","COP","05/11/2004","05/11/2004"
"$2.561,28","COP","04/11/2004","04/11/2004"
"$2.568,08","COP","03/11/2004","03/11/2004"
"$2.575,19","COP","30/10/2004","02/11/2004"
"$2.585,80","COP","29/10/2004","29/10/2004"
"$2.579,59","COP","28/10/2004","28/10/2004"
"$2.582,39","COP","27/10/2004","27/10/2004"
"$2.568,11","COP","26/10/2004","26/10/2004"
"$2.553,02","COP","23/10/2004","25/10/2004"
"$2.555,26","COP","22/10/2004","22/10/2004"
"$2.561,33","COP","21/10/2004","21/10/2004"
"$2.556,18","COP","20/10/2004","20/10/2004"
"$2.562,56","COP","16/10/2004","19/10/2004"
"$2.549,10","COP","15/10/2004","15/10/2004"
"$2.553,07","COP","14/10/2004","14/10/2004"
"$2.558,04","COP","13/10/2004","13/10/2004"
"$2.583,74","COP","09/10/2004","12/10/2004"
"$2.601,70","COP","08/10/2004","08/10/2004"
"$2.603,34","COP","07/10/2004","07/10/2004"
"$2.608,36","COP","06/10/2004","06/10/2004"
"$2.629,65","COP","05/10/2004","05/10/2004"
"$2.630,81","COP","02/10/2004","04/10/2004"
"$2.608,30","COP","01/10/2004","01/10/2004"
"$2.595,17","COP","30/09/2004","30/09/2004"
"$2.596,28","COP","29/09/2004","29/09/2004"
"$2.600,64","COP","28/09/2004","28/09/2004"
"$2.602,20","COP","25/09/2004","27/09/2004"
"$2.567,83","COP","24/09/2004","24/09/2004"
"$2.560,66","COP","23/09/2004","23/09/2004"
"$2.561,20","COP","22/09/2004","22/09/2004"
"$2.548,20","COP","21/09/2004","21/09/2004"
"$2.518,30","COP","18/09/2004","20/09/2004"
"$2.522,57","COP","17/09/2004","17/09/2004"
"$2.536,40","COP","16/09/2004","16/09/2004"
"$2.521,77","COP","15/09/2004","15/09/2004"
"$2.525,12","COP","14/09/2004","14/09/2004"
"$2.535,29","COP","11/09/2004","13/09/2004"
"$2.523,08","COP","10/09/2004","10/09/2004"
"$2.536,00","COP","09/09/2004","09/09/2004"
"$2.552,74","COP","08/09/2004","08/09/2004"
"$2.564,89","COP","04/09/2004","07/09/2004"
"$2.552,78","COP","03/09/2004","03/09/2004"
"$2.538,59","COP","02/09/2004","02/09/2004"
"$2.536,51","COP","01/09/2004","01/09/2004"
"$2.551,43","COP","31/08/2004","31/08/2004"
"$2.574,49","COP","28/08/2004","30/08/2004"
"$2.568,68","COP","27/08/2004","27/08/2004"
"$2.575,51","COP","26/08/2004","26/08/2004"
"$2.589,25","COP","25/08/2004","25/08/2004"
"$2.595,75","COP","24/08/2004","24/08/2004"
"$2.606,57","COP","21/08/2004","23/08/2004"
"$2.607,62","COP","20/08/2004","20/08/2004"
"$2.609,88","COP","19/08/2004","19/08/2004"
"$2.608,88","COP","18/08/2004","18/08/2004"
"$2.609,92","COP","14/08/2004","17/08/2004"
"$2.614,97","COP","13/08/2004","13/08/2004"
"$2.606,93","COP","12/08/2004","12/08/2004"
"$2.598,98","COP","11/08/2004","11/08/2004"
"$2.597,71","COP","10/08/2004","10/08/2004"
"$2.602,91","COP","07/08/2004","09/08/2004"
"$2.609,61","COP","06/08/2004","06/08/2004"
"$2.609,39","COP","05/08/2004","05/08/2004"
"$2.605,85","COP","04/08/2004","04/08/2004"
"$2.613,58","COP","03/08/2004","03/08/2004"
"$2.612,44","COP","31/07/2004","02/08/2004"
"$2.619,55","COP","30/07/2004","30/07/2004"
"$2.634,44","COP","29/07/2004","29/07/2004"
"$2.639,72","COP","28/07/2004","28/07/2004"
"$2.636,32","COP","27/07/2004","27/07/2004"
"$2.628,46","COP","24/07/2004","26/07/2004"
"$2.619,84","COP","23/07/2004","23/07/2004"
"$2.633,14","COP","22/07/2004","22/07/2004"
"$2.632,64","COP","20/07/2004","21/07/2004"
"$2.628,30","COP","17/07/2004","19/07/2004"
"$2.642,78","COP","16/07/2004","16/07/2004"
"$2.662,19","COP","15/07/2004","15/07/2004"
"$2.674,41","COP","14/07/2004","14/07/2004"
"$2.670,01","COP","13/07/2004","13/07/2004"
"$2.668,83","COP","10/07/2004","12/07/2004"
"$2.677,42","COP","09/07/2004","09/07/2004"
"$2.675,05","COP","08/07/2004","08/07/2004"
"$2.672,95","COP","07/07/2004","07/07/2004"
"$2.674,10","COP","03/07/2004","06/07/2004"
"$2.682,25","COP","02/07/2004","02/07/2004"
"$2.694,09","COP","01/07/2004","01/07/2004"
"$2.699,58","COP","30/06/2004","30/06/2004"
"$2.695,02","COP","29/06/2004","29/06/2004"
"$2.697,08","COP","26/06/2004","28/06/2004"
"$2.702,60","COP","25/06/2004","25/06/2004"
"$2.715,53","COP","24/06/2004","24/06/2004"
"$2.709,30","COP","23/06/2004","23/06/2004"
"$2.710,99","COP","19/06/2004","22/06/2004"
"$2.713,07","COP","18/06/2004","18/06/2004"
"$2.725,87","COP","17/06/2004","17/06/2004"
"$2.735,05","COP","16/06/2004","16/06/2004"
"$2.734,94","COP","12/06/2004","15/06/2004"
"$2.732,40","COP","11/06/2004","11/06/2004"
"$2.719,34","COP","10/06/2004","10/06/2004"
"$2.705,97","COP","09/06/2004","09/06/2004"
"$2.707,33","COP","08/06/2004","08/06/2004"
"$2.715,37","COP","05/06/2004","07/06/2004"
"$2.722,69","COP","04/06/2004","04/06/2004"
"$2.727,68","COP","03/06/2004","03/06/2004"
"$2.736,39","COP","02/06/2004","02/06/2004"
"$2.724,92","COP","29/05/2004","01/06/2004"
"$2.745,91","COP","28/05/2004","28/05/2004"
"$2.754,83","COP","27/05/2004","27/05/2004"
"$2.760,06","COP","26/05/2004","26/05/2004"
"$2.766,83","COP","22/05/2004","25/05/2004"
"$2.759,79","COP","21/05/2004","21/05/2004"
"$2.737,55","COP","20/05/2004","20/05/2004"
"$2.725,45","COP","19/05/2004","19/05/2004"
"$2.713,30","COP","18/05/2004","18/05/2004"
"$2.719,89","COP","15/05/2004","17/05/2004"
"$2.741,66","COP","14/05/2004","14/05/2004"
"$2.729,01","COP","13/05/2004","13/05/2004"
"$2.729,54","COP","12/05/2004","12/05/2004"
"$2.731,79","COP","11/05/2004","11/05/2004"
"$2.708,02","COP","08/05/2004","10/05/2004"
"$2.690,68","COP","07/05/2004","07/05/2004"
"$2.658,43","COP","06/05/2004","06/05/2004"
"$2.664,79","COP","05/05/2004","05/05/2004"
"$2.670,92","COP","04/05/2004","04/05/2004"
"$2.655,18","COP","01/05/2004","03/05/2004"
"$2.646,99","COP","30/04/2004","30/04/2004"
"$2.635,96","COP","29/04/2004","29/04/2004"
"$2.620,97","COP","28/04/2004","28/04/2004"
"$2.613,94","COP","27/04/2004","27/04/2004"
"$2.622,74","COP","24/04/2004","26/04/2004"
"$2.618,21","COP","23/04/2004","23/04/2004"
"$2.628,19","COP","22/04/2004","22/04/2004"
"$2.620,94","COP","21/04/2004","21/04/2004"
"$2.612,30","COP","20/04/2004","20/04/2004"
"$2.620,19","COP","17/04/2004","19/04/2004"
"$2.619,59","COP","16/04/2004","16/04/2004"
"$2.631,72","COP","15/04/2004","15/04/2004"
"$2.642,55","COP","14/04/2004","14/04/2004"
"$2.648,80","COP","13/04/2004","13/04/2004"
"$2.659,05","COP","08/04/2004","12/04/2004"
"$2.663,05","COP","07/04/2004","07/04/2004"
"$2.667,06","COP","06/04/2004","06/04/2004"
"$2.666,55","COP","03/04/2004","05/04/2004"
"$2.671,01","COP","02/04/2004","02/04/2004"
"$2.682,09","COP","01/04/2004","01/04/2004"
"$2.678,16","COP","31/03/2004","31/03/2004"
"$2.676,93","COP","30/03/2004","30/03/2004"
"$2.673,68","COP","27/03/2004","29/03/2004"
"$2.679,33","COP","26/03/2004","26/03/2004"
"$2.667,05","COP","25/03/2004","25/03/2004"
"$2.664,50","COP","24/03/2004","24/03/2004"
"$2.669,39","COP","20/03/2004","23/03/2004"
"$2.669,07","COP","19/03/2004","19/03/2004"
"$2.650,21","COP","18/03/2004","18/03/2004"
"$2.648,97","COP","17/03/2004","17/03/2004"
"$2.661,45","COP","16/03/2004","16/03/2004"
"$2.669,48","COP","13/03/2004","15/03/2004"
"$2.683,08","COP","12/03/2004","12/03/2004"
"$2.685,17","COP","11/03/2004","11/03/2004"
"$2.679,22","COP","10/03/2004","10/03/2004"
"$2.675,65","COP","09/03/2004","09/03/2004"
"$2.673,29","COP","06/03/2004","08/03/2004"
"$2.676,41","COP","05/03/2004","05/03/2004"
"$2.670,97","COP","04/03/2004","04/03/2004"
"$2.660,42","COP","03/03/2004","03/03/2004"
"$2.662,81","COP","02/03/2004","02/03/2004"
"$2.682,34","COP","28/02/2004","01/03/2004"
"$2.686,54","COP","27/02/2004","27/02/2004"
"$2.664,30","COP","26/02/2004","26/02/2004"
"$2.651,94","COP","25/02/2004","25/02/2004"
"$2.665,83","COP","24/02/2004","24/02/2004"
"$2.700,19","COP","21/02/2004","23/02/2004"
"$2.693,84","COP","20/02/2004","20/02/2004"
"$2.697,66","COP","19/02/2004","19/02/2004"
"$2.715,20","COP","18/02/2004","18/02/2004"
"$2.724,36","COP","14/02/2004","17/02/2004"
"$2.736,42","COP","13/02/2004","13/02/2004"
"$2.736,94","COP","12/02/2004","12/02/2004"
"$2.735,50","COP","11/02/2004","11/02/2004"
"$2.741,17","COP","10/02/2004","10/02/2004"
"$2.757,14","COP","07/02/2004","09/02/2004"
"$2.748,90","COP","06/02/2004","06/02/2004"
"$2.750,67","COP","05/02/2004","05/02/2004"
"$2.747,28","COP","04/02/2004","04/02/2004"
"$2.738,15","COP","03/02/2004","03/02/2004"
"$2.742,47","COP","31/01/2004","02/02/2004"
"$2.740,55","COP","30/01/2004","30/01/2004"
"$2.721,56","COP","29/01/2004","29/01/2004"
"$2.736,28","COP","28/01/2004","28/01/2004"
"$2.766,89","COP","27/01/2004","27/01/2004"
"$2.747,72","COP","24/01/2004","26/01/2004"
"$2.742,88","COP","23/01/2004","23/01/2004"
"$2.740,76","COP","22/01/2004","22/01/2004"
"$2.730,75","COP","21/01/2004","21/01/2004"
"$2.728,70","COP","17/01/2004","20/01/2004"
"$2.723,83","COP","16/01/2004","16/01/2004"
"$2.747,06","COP","15/01/2004","15/01/2004"
"$2.762,31","COP","14/01/2004","14/01/2004"
"$2.754,33","COP","10/01/2004","13/01/2004"
"$2.750,89","COP","09/01/2004","09/01/2004"
"$2.758,83","COP","08/01/2004","08/01/2004"
"$2.765,76","COP","07/01/2004","07/01/2004"
"$2.778,92","COP","06/01/2004","06/01/2004"
"$2.777,96","COP","03/01/2004","05/01/2004"
"$2.778,21","COP","01/01/2004","02/01/2004"
"$2.778,21","COP","31/12/2003","31/12/2003"
"$2.780,82","COP","30/12/2003","30/12/2003"
"$2.795,21","COP","27/12/2003","29/12/2003"
"$2.796,89","COP","25/12/2003","26/12/2003"
"$2.806,33","COP","24/12/2003","24/12/2003"
"$2.809,09","COP","23/12/2003","23/12/2003"
"$2.806,89","COP","20/12/2003","22/12/2003"
"$2.801,67","COP","19/12/2003","19/12/2003"
"$2.795,21","COP","18/12/2003","18/12/2003"
"$2.793,06","COP","17/12/2003","17/12/2003"
"$2.807,25","COP","16/12/2003","16/12/2003"
"$2.812,81","COP","13/12/2003","15/12/2003"
"$2.808,31","COP","12/12/2003","12/12/2003"
"$2.815,45","COP","11/12/2003","11/12/2003"
"$2.822,78","COP","10/12/2003","10/12/2003"
"$2.808,42","COP","06/12/2003","09/12/2003"
"$2.815,33","COP","05/12/2003","05/12/2003"
"$2.815,19","COP","04/12/2003","04/12/2003"
"$2.817,14","COP","03/12/2003","03/12/2003"
"$2.829,08","COP","02/12/2003","02/12/2003"
"$2.836,05","COP","29/11/2003","01/12/2003"
"$2.838,70","COP","27/11/2003","28/11/2003"
"$2.839,20","COP","26/11/2003","26/11/2003"
"$2.838,02","COP","25/11/2003","25/11/2003"
"$2.836,45","COP","22/11/2003","24/11/2003"
"$2.831,10","COP","21/11/2003","21/11/2003"
"$2.826,60","COP","20/11/2003","20/11/2003"
"$2.831,97","COP","19/11/2003","19/11/2003"
"$2.842,53","COP","15/11/2003","18/11/2003"
"$2.850,24","COP","14/11/2003","14/11/2003"
"$2.845,69","COP","13/11/2003","13/11/2003"
"$2.840,41","COP","11/11/2003","12/11/2003"
"$2.843,82","COP","08/11/2003","10/11/2003"
"$2.854,17","COP","07/11/2003","07/11/2003"
"$2.856,34","COP","06/11/2003","06/11/2003"
"$2.869,46","COP","05/11/2003","05/11/2003"
"$2.878,05","COP","01/11/2003","04/11/2003"
"$2.884,17","COP","31/10/2003","31/10/2003"
"$2.870,11","COP","30/10/2003","30/10/2003"
"$2.879,34","COP","29/10/2003","29/10/2003"
"$2.882,77","COP","28/10/2003","28/10/2003"
"$2.857,88","COP","25/10/2003","27/10/2003"
"$2.872,55","COP","24/10/2003","24/10/2003"
"$2.870,01","COP","23/10/2003","23/10/2003"
"$2.864,25","COP","22/10/2003","22/10/2003"
"$2.864,34","COP","21/10/2003","21/10/2003"
"$2.865,04","COP","18/10/2003","20/10/2003"
"$2.867,75","COP","17/10/2003","17/10/2003"
"$2.873,70","COP","16/10/2003","16/10/2003"
"$2.865,32","COP","15/10/2003","15/10/2003"
"$2.868,85","COP","11/10/2003","14/10/2003"
"$2.878,39","COP","10/10/2003","10/10/2003"
"$2.887,59","COP","09/10/2003","09/10/2003"
"$2.868,91","COP","08/10/2003","08/10/2003"
"$2.872,70","COP","07/10/2003","07/10/2003"
"$2.881,88","COP","04/10/2003","06/10/2003"
"$2.905,12","COP","03/10/2003","03/10/2003"
"$2.907,41","COP","02/10/2003","02/10/2003"
"$2.888,21","COP","01/10/2003","01/10/2003"
"$2.889,39","COP","30/09/2003","30/09/2003"
"$2.879,32","COP","27/09/2003","29/09/2003"
"$2.871,39","COP","26/09/2003","26/09/2003"
"$2.872,30","COP","25/09/2003","25/09/2003"
"$2.866,42","COP","24/09/2003","24/09/2003"
"$2.859,37","COP","23/09/2003","23/09/2003"
"$2.844,64","COP","20/09/2003","22/09/2003"
"$2.833,64","COP","19/09/2003","19/09/2003"
"$2.823,28","COP","18/09/2003","18/09/2003"
"$2.823,79","COP","17/09/2003","17/09/2003"
"$2.824,53","COP","16/09/2003","16/09/2003"
"$2.824,88","COP","13/09/2003","15/09/2003"
"$2.829,82","COP","12/09/2003","12/09/2003"
"$2.825,28","COP","11/09/2003","11/09/2003"
"$2.820,20","COP","10/09/2003","10/09/2003"
"$2.822,85","COP","09/09/2003","09/09/2003"
"$2.820,46","COP","06/09/2003","08/09/2003"
"$2.816,74","COP","05/09/2003","05/09/2003"
"$2.826,46","COP","04/09/2003","04/09/2003"
"$2.841,02","COP","03/09/2003","03/09/2003"
"$2.832,94","COP","30/08/2003","02/09/2003"
"$2.846,26","COP","29/08/2003","29/08/2003"
"$2.850,89","COP","28/08/2003","28/08/2003"
"$2.848,86","COP","27/08/2003","27/08/2003"
"$2.843,66","COP","26/08/2003","26/08/2003"
"$2.841,25","COP","23/08/2003","25/08/2003"
"$2.853,56","COP","22/08/2003","22/08/2003"
"$2.861,63","COP","21/08/2003","21/08/2003"
"$2.869,29","COP","20/08/2003","20/08/2003"
"$2.861,34","COP","16/08/2003","19/08/2003"
"$2.864,81","COP","15/08/2003","15/08/2003"
"$2.870,67","COP","14/08/2003","14/08/2003"
"$2.868,50","COP","13/08/2003","13/08/2003"
"$2.873,51","COP","12/08/2003","12/08/2003"
"$2.875,18","COP","09/08/2003","11/08/2003"
"$2.887,05","COP","07/08/2003","08/08/2003"
"$2.901,09","COP","06/08/2003","06/08/2003"
"$2.894,58","COP","05/08/2003","05/08/2003"
"$2.886,87","COP","02/08/2003","04/08/2003"
"$2.879,60","COP","01/08/2003","01/08/2003"
"$2.880,40","COP","31/07/2003","31/07/2003"
"$2.873,17","COP","30/07/2003","30/07/2003"
"$2.883,15","COP","29/07/2003","29/07/2003"
"$2.888,32","COP","26/07/2003","28/07/2003"
"$2.887,31","COP","25/07/2003","25/07/2003"
"$2.882,70","COP","24/07/2003","24/07/2003"
"$2.878,56","COP","23/07/2003","23/07/2003"
"$2.878,33","COP","22/07/2003","22/07/2003"
"$2.880,69","COP","19/07/2003","21/07/2003"
"$2.883,90","COP","18/07/2003","18/07/2003"
"$2.888,57","COP","17/07/2003","17/07/2003"
"$2.879,37","COP","16/07/2003","16/07/2003"
"$2.871,88","COP","15/07/2003","15/07/2003"
"$2.856,96","COP","12/07/2003","14/07/2003"
"$2.855,41","COP","11/07/2003","11/07/2003"
"$2.846,89","COP","10/07/2003","10/07/2003"
"$2.838,88","COP","09/07/2003","09/07/2003"
"$2.820,85","COP","08/07/2003","08/07/2003"
"$2.815,14","COP","04/07/2003","07/07/2003"
"$2.812,40","COP","03/07/2003","03/07/2003"
"$2.817,63","COP","02/07/2003","02/07/2003"
"$2.817,32","COP","28/06/2003","01/07/2003"
"$2.812,28","COP","27/06/2003","27/06/2003"
"$2.806,96","COP","26/06/2003","26/06/2003"
"$2.815,26","COP","25/06/2003","25/06/2003"
"$2.826,36","COP","21/06/2003","24/06/2003"
"$2.827,40","COP","20/06/2003","20/06/2003"
"$2.829,42","COP","19/06/2003","19/06/2003"
"$2.828,96","COP","18/06/2003","18/06/2003"
"$2.818,62","COP","17/06/2003","17/06/2003"
"$2.821,61","COP","14/06/2003","16/06/2003"
"$2.832,20","COP","13/06/2003","13/06/2003"
"$2.821,27","COP","12/06/2003","12/06/2003"
"$2.809,63","COP","11/06/2003","11/06/2003"
"$2.818,50","COP","10/06/2003","10/06/2003"
"$2.828,20","COP","07/06/2003","09/06/2003"
"$2.839,21","COP","06/06/2003","06/06/2003"
"$2.849,71","COP","05/06/2003","05/06/2003"
"$2.846,16","COP","04/06/2003","04/06/2003"
"$2.853,33","COP","31/05/2003","03/06/2003"
"$2.855,88","COP","30/05/2003","30/05/2003"
"$2.874,91","COP","29/05/2003","29/05/2003"
"$2.850,03","COP","28/05/2003","28/05/2003"
"$2.868,37","COP","27/05/2003","27/05/2003"
"$2.868,37","COP","24/05/2003","26/05/2003"
"$2.905,91","COP","23/05/2003","23/05/2003"
"$2.912,46","COP","22/05/2003","22/05/2003"
"$2.909,83","COP","21/05/2003","21/05/2003"
"$2.874,77","COP","20/05/2003","20/05/2003"
"$2.816,46","COP","17/05/2003","19/05/2003"
"$2.827,99","COP","16/05/2003","16/05/2003"
"$2.821,08","COP","15/05/2003","15/05/2003"
"$2.813,60","COP","14/05/2003","14/05/2003"
"$2.833,86","COP","13/05/2003","13/05/2003"
"$2.840,04","COP","10/05/2003","12/05/2003"
"$2.848,41","COP","09/05/2003","09/05/2003"
"$2.866,06","COP","08/05/2003","08/05/2003"
"$2.856,98","COP","07/05/2003","07/05/2003"
"$2.858,37","COP","06/05/2003","06/05/2003"
"$2.865,94","COP","03/05/2003","05/05/2003"
"$2.868,43","COP","01/05/2003","02/05/2003"
"$2.887,82","COP","30/04/2003","30/04/2003"
"$2.900,00","COP","29/04/2003","29/04/2003"
"$2.912,83","COP","26/04/2003","28/04/2003"
"$2.908,25","COP","25/04/2003","25/04/2003"
"$2.911,00","COP","24/04/2003","24/04/2003"
"$2.916,03","COP","23/04/2003","23/04/2003"
"$2.920,04","COP","22/04/2003","22/04/2003"
"$2.918,01","COP","17/04/2003","21/04/2003"
"$2.919,58","COP","16/04/2003","16/04/2003"
"$2.931,69","COP","15/04/2003","15/04/2003"
"$2.923,07","COP","12/04/2003","14/04/2003"
"$2.911,74","COP","11/04/2003","11/04/2003"
"$2.920,40","COP","10/04/2003","10/04/2003"
"$2.938,32","COP","09/04/2003","09/04/2003"
"$2.942,41","COP","08/04/2003","08/04/2003"
"$2.946,79","COP","05/04/2003","07/04/2003"
"$2.951,14","COP","04/04/2003","04/04/2003"
"$2.956,50","COP","03/04/2003","03/04/2003"
"$2.958,56","COP","02/04/2003","02/04/2003"
"$2.958,15","COP","01/04/2003","01/04/2003"
"$2.958,25","COP","29/03/2003","31/03/2003"
"$2.958,73","COP","28/03/2003","28/03/2003"
"$2.959,84","COP","27/03/2003","27/03/2003"
"$2.959,26","COP","26/03/2003","26/03/2003"
"$2.956,06","COP","22/03/2003","25/03/2003"
"$2.954,62","COP","21/03/2003","21/03/2003"
"$2.955,64","COP","20/03/2003","20/03/2003"
"$2.955,84","COP","19/03/2003","19/03/2003"
"$2.956,47","COP","18/03/2003","18/03/2003"
"$2.958,86","COP","15/03/2003","17/03/2003"
"$2.959,39","COP","14/03/2003","14/03/2003"
"$2.961,99","COP","13/03/2003","13/03/2003"
"$2.962,76","COP","12/03/2003","12/03/2003"
"$2.961,93","COP","11/03/2003","11/03/2003"
"$2.959,75","COP","08/03/2003","10/03/2003"
"$2.960,11","COP","07/03/2003","07/03/2003"
"$2.960,77","COP","06/03/2003","06/03/2003"
"$2.962,06","COP","05/03/2003","05/03/2003"
"$2.959,97","COP","04/03/2003","04/03/2003"
"$2.957,87","COP","01/03/2003","03/03/2003"
"$2.956,31","COP","28/02/2003","28/02/2003"
"$2.949,85","COP","27/02/2003","27/02/2003"
"$2.951,81","COP","26/02/2003","26/02/2003"
"$2.949,05","COP","25/02/2003","25/02/2003"
"$2.939,92","COP","22/02/2003","24/02/2003"
"$2.938,23","COP","21/02/2003","21/02/2003"
"$2.937,44","COP","20/02/2003","20/02/2003"
"$2.929,64","COP","19/02/2003","19/02/2003"
"$2.934,58","COP","18/02/2003","18/02/2003"
"$2.954,76","COP","15/02/2003","17/02/2003"
"$2.959,75","COP","14/02/2003","14/02/2003"
"$2.960,77","COP","13/02/2003","13/02/2003"
"$2.963,21","COP","12/02/2003","12/02/2003"
"$2.968,88","COP","11/02/2003","11/02/2003"
"$2.954,03","COP","08/02/2003","10/02/2003"
"$2.963,28","COP","07/02/2003","07/02/2003"
"$2.961,29","COP","06/02/2003","06/02/2003"
"$2.966,78","COP","05/02/2003","05/02/2003"
"$2.957,40","COP","04/02/2003","04/02/2003"
"$2.940,26","COP","01/02/2003","03/02/2003"
"$2.926,46","COP","31/01/2003","31/01/2003"
"$2.950,71","COP","30/01/2003","30/01/2003"
"$2.965,60","COP","29/01/2003","29/01/2003"
"$2.948,30","COP","28/01/2003","28/01/2003"
"$2.924,73","COP","25/01/2003","27/01/2003"
"$2.926,88","COP","24/01/2003","24/01/2003"
"$2.947,05","COP","23/01/2003","23/01/2003"
"$2.933,81","COP","22/01/2003","22/01/2003"
"$2.926,06","COP","21/01/2003","21/01/2003"
"$2.923,58","COP","18/01/2003","20/01/2003"
"$2.928,19","COP","17/01/2003","17/01/2003"
"$2.905,41","COP","16/01/2003","16/01/2003"
"$2.903,05","COP","15/01/2003","15/01/2003"
"$2.906,49","COP","14/01/2003","14/01/2003"
"$2.905,77","COP","11/01/2003","13/01/2003"
"$2.915,01","COP","10/01/2003","10/01/2003"
"$2.902,92","COP","09/01/2003","09/01/2003"
"$2.881,83","COP","08/01/2003","08/01/2003"
"$2.841,56","COP","04/01/2003","07/01/2003"
"$2.844,82","COP","03/01/2003","03/01/2003"
"$2.864,79","COP","31/12/2002","02/01/2003"
"$2.854,29","COP","28/12/2002","30/12/2002"
"$2.843,57","COP","27/12/2002","27/12/2002"
"$2.823,95","COP","25/12/2002","26/12/2002"
"$2.826,04","COP","24/12/2002","24/12/2002"
"$2.814,71","COP","21/12/2002","23/12/2002"
"$2.818,54","COP","20/12/2002","20/12/2002"
"$2.818,81","COP","19/12/2002","19/12/2002"
"$2.805,55","COP","18/12/2002","18/12/2002"
"$2.807,61","COP","17/12/2002","17/12/2002"
"$2.808,16","COP","14/12/2002","16/12/2002"
"$2.793,16","COP","13/12/2002","13/12/2002"
"$2.801,01","COP","12/12/2002","12/12/2002"
"$2.816,42","COP","11/12/2002","11/12/2002"
"$2.815,00","COP","10/12/2002","10/12/2002"
"$2.782,40","COP","07/12/2002","09/12/2002"
"$2.788,72","COP","06/12/2002","06/12/2002"
"$2.806,63","COP","05/12/2002","05/12/2002"
"$2.826,10","COP","04/12/2002","04/12/2002"
"$2.812,94","COP","03/12/2002","03/12/2002"
"$2.784,21","COP","30/11/2002","02/12/2002"
"$2.758,28","COP","29/11/2002","29/11/2002"
"$2.754,67","COP","28/11/2002","28/11/2002"
"$2.735,04","COP","27/11/2002","27/11/2002"
"$2.716,95","COP","26/11/2002","26/11/2002"
"$2.687,25","COP","23/11/2002","25/11/2002"
"$2.666,41","COP","22/11/2002","22/11/2002"
"$2.671,70","COP","21/11/2002","21/11/2002"
"$2.683,04","COP","20/11/2002","20/11/2002"
"$2.679,96","COP","19/11/2002","19/11/2002"
"$2.703,75","COP","16/11/2002","18/11/2002"
"$2.724,04","COP","15/11/2002","15/11/2002"
"$2.717,89","COP","14/11/2002","14/11/2002"
"$2.727,05","COP","13/11/2002","13/11/2002"
"$2.743,92","COP","09/11/2002","12/11/2002"
"$2.743,00","COP","08/11/2002","08/11/2002"
"$2.761,99","COP","07/11/2002","07/11/2002"
"$2.774,58","COP","06/11/2002","06/11/2002"
"$2.778,47","COP","02/11/2002","05/11/2002"
"$2.778,60","COP","01/11/2002","01/11/2002"
"$2.773,73","COP","31/10/2002","31/10/2002"
"$2.781,72","COP","30/10/2002","30/10/2002"
"$2.770,73","COP","29/10/2002","29/10/2002"
"$2.755,69","COP","26/10/2002","28/10/2002"
"$2.747,07","COP","25/10/2002","25/10/2002"
"$2.744,32","COP","24/10/2002","24/10/2002"
"$2.758,76","COP","23/10/2002","23/10/2002"
"$2.791,46","COP","22/10/2002","22/10/2002"
"$2.836,34","COP","19/10/2002","21/10/2002"
"$2.853,90","COP","18/10/2002","18/10/2002"
"$2.857,13","COP","17/10/2002","17/10/2002"
"$2.852,99","COP","16/10/2002","16/10/2002"
"$2.861,16","COP","12/10/2002","15/10/2002"
"$2.870,63","COP","11/10/2002","11/10/2002"
"$2.854,04","COP","10/10/2002","10/10/2002"
"$2.850,98","COP","09/10/2002","09/10/2002"
"$2.869,73","COP","08/10/2002","08/10/2002"
"$2.876,40","COP","05/10/2002","07/10/2002"
"$2.881,78","COP","04/10/2002","04/10/2002"
"$2.888,23","COP","03/10/2002","03/10/2002"
"$2.885,48","COP","02/10/2002","02/10/2002"
"$2.850,65","COP","01/10/2002","01/10/2002"
"$2.828,08","COP","28/09/2002","30/09/2002"
"$2.825,32","COP","27/09/2002","27/09/2002"
"$2.802,32","COP","26/09/2002","26/09/2002"
"$2.810,46","COP","25/09/2002","25/09/2002"
"$2.793,36","COP","24/09/2002","24/09/2002"
"$2.815,05","COP","21/09/2002","23/09/2002"
"$2.789,01","COP","20/09/2002","20/09/2002"
"$2.785,81","COP","19/09/2002","19/09/2002"
"$2.783,44","COP","18/09/2002","18/09/2002"
"$2.758,95","COP","17/09/2002","17/09/2002"
"$2.741,29","COP","14/09/2002","16/09/2002"
"$2.730,91","COP","13/09/2002","13/09/2002"
"$2.718,85","COP","12/09/2002","12/09/2002"
"$2.707,58","COP","11/09/2002","11/09/2002"
"$2.703,63","COP","10/09/2002","10/09/2002"
"$2.712,14","COP","07/09/2002","09/09/2002"
"$2.714,77","COP","06/09/2002","06/09/2002"
"$2.694,51","COP","05/09/2002","05/09/2002"
"$2.677,39","COP","04/09/2002","04/09/2002"
"$2.679,51","COP","03/09/2002","03/09/2002"
"$2.703,55","COP","31/08/2002","02/09/2002"
"$2.712,46","COP","30/08/2002","30/08/2002"
"$2.688,64","COP","29/08/2002","29/08/2002"
"$2.672,25","COP","28/08/2002","28/08/2002"
"$2.653,29","COP","27/08/2002","27/08/2002"
"$2.643,37","COP","24/08/2002","26/08/2002"
"$2.652,96","COP","23/08/2002","23/08/2002"
"$2.626,17","COP","22/08/2002","22/08/2002"
"$2.620,91","COP","21/08/2002","21/08/2002"
"$2.663,61","COP","17/08/2002","20/08/2002"
"$2.648,77","COP","16/08/2002","16/08/2002"
"$2.635,87","COP","15/08/2002","15/08/2002"
"$2.657,98","COP","14/08/2002","14/08/2002"
"$2.595,80","COP","13/08/2002","13/08/2002"
"$2.568,80","COP","10/08/2002","12/08/2002"
"$2.649,32","COP","09/08/2002","09/08/2002"
"$2.670,61","COP","07/08/2002","08/08/2002"
"$2.663,81","COP","06/08/2002","06/08/2002"
"$2.643,03","COP","03/08/2002","05/08/2002"
"$2.640,35","COP","02/08/2002","02/08/2002"
"$2.636,30","COP","01/08/2002","01/08/2002"
"$2.625,06","COP","31/07/2002","31/07/2002"
"$2.599,57","COP","30/07/2002","30/07/2002"
"$2.596,26","COP","27/07/2002","29/07/2002"
"$2.580,15","COP","26/07/2002","26/07/2002"
"$2.572,42","COP","25/07/2002","25/07/2002"
"$2.539,00","COP","24/07/2002","24/07/2002"
"$2.517,42","COP","23/07/2002","23/07/2002"
"$2.529,57","COP","20/07/2002","22/07/2002"
"$2.538,47","COP","19/07/2002","19/07/2002"
"$2.524,76","COP","18/07/2002","18/07/2002"
"$2.499,92","COP","17/07/2002","17/07/2002"
"$2.507,21","COP","16/07/2002","16/07/2002"
"$2.513,99","COP","13/07/2002","15/07/2002"
"$2.506,84","COP","12/07/2002","12/07/2002"
"$2.482,21","COP","11/07/2002","11/07/2002"
"$2.462,18","COP","10/07/2002","10/07/2002"
"$2.457,39","COP","09/07/2002","09/07/2002"
"$2.434,32","COP","06/07/2002","08/07/2002"
"$2.426,40","COP","05/07/2002","05/07/2002"
"$2.425,42","COP","04/07/2002","04/07/2002"
"$2.410,54","COP","03/07/2002","03/07/2002"
"$2.398,82","COP","29/06/2002","02/07/2002"
"$2.398,14","COP","28/06/2002","28/06/2002"
"$2.392,13","COP","27/06/2002","27/06/2002"
"$2.386,18","COP","26/06/2002","26/06/2002"
"$2.383,41","COP","25/06/2002","25/06/2002"
"$2.384,22","COP","22/06/2002","24/06/2002"
"$2.391,65","COP","21/06/2002","21/06/2002"
"$2.393,87","COP","20/06/2002","20/06/2002"
"$2.383,31","COP","19/06/2002","19/06/2002"
"$2.379,92","COP","18/06/2002","18/06/2002"
"$2.369,12","COP","15/06/2002","17/06/2002"
"$2.357,14","COP","14/06/2002","14/06/2002"
"$2.347,68","COP","13/06/2002","13/06/2002"
"$2.340,36","COP","12/06/2002","12/06/2002"
"$2.336,11","COP","08/06/2002","11/06/2002"
"$2.335,30","COP","07/06/2002","07/06/2002"
"$2.331,69","COP","06/06/2002","06/06/2002"
"$2.324,54","COP","05/06/2002","05/06/2002"
"$2.321,68","COP","01/06/2002","04/06/2002"
"$2.321,16","COP","31/05/2002","31/05/2002"
"$2.317,12","COP","30/05/2002","30/05/2002"
"$2.314,30","COP","29/05/2002","29/05/2002"
"$2.309,85","COP","28/05/2002","28/05/2002"
"$2.331,07","COP","25/05/2002","27/05/2002"
"$2.338,55","COP","24/05/2002","24/05/2002"
"$2.349,80","COP","23/05/2002","23/05/2002"
"$2.363,28","COP","22/05/2002","22/05/2002"
"$2.350,20","COP","21/05/2002","21/05/2002"
"$2.332,68","COP","18/05/2002","20/05/2002"
"$2.314,21","COP","17/05/2002","17/05/2002"
"$2.300,02","COP","16/05/2002","16/05/2002"
"$2.293,00","COP","15/05/2002","15/05/2002"
"$2.292,00","COP","11/05/2002","14/05/2002"
"$2.289,17","COP","10/05/2002","10/05/2002"
"$2.284,93","COP","09/05/2002","09/05/2002"
"$2.286,60","COP","08/05/2002","08/05/2002"
"$2.285,64","COP","07/05/2002","07/05/2002"
"$2.286,39","COP","04/05/2002","06/05/2002"
"$2.279,56","COP","03/05/2002","03/05/2002"
"$2.275,43","COP","01/05/2002","02/05/2002"
"$2.275,35","COP","30/04/2002","30/04/2002"
"$2.270,92","COP","27/04/2002","29/04/2002"
"$2.267,40","COP","26/04/2002","26/04/2002"
"$2.265,70","COP","25/04/2002","25/04/2002"
"$2.263,68","COP","24/04/2002","24/04/2002"
"$2.259,88","COP","23/04/2002","23/04/2002"
"$2.260,90","COP","20/04/2002","22/04/2002"
"$2.256,66","COP","19/04/2002","19/04/2002"
"$2.261,12","COP","18/04/2002","18/04/2002"
"$2.262,56","COP","17/04/2002","17/04/2002"
"$2.266,92","COP","16/04/2002","16/04/2002"
"$2.264,98","COP","13/04/2002","15/04/2002"
"$2.261,66","COP","12/04/2002","12/04/2002"
"$2.257,78","COP","11/04/2002","11/04/2002"
"$2.254,45","COP","10/04/2002","10/04/2002"
"$2.255,02","COP","09/04/2002","09/04/2002"
"$2.263,03","COP","06/04/2002","08/04/2002"
"$2.269,35","COP","05/04/2002","05/04/2002"
"$2.267,99","COP","04/04/2002","04/04/2002"
"$2.257,16","COP","03/04/2002","03/04/2002"
"$2.264,57","COP","02/04/2002","02/04/2002"
"$2.261,23","COP","28/03/2002","01/04/2002"
"$2.261,37","COP","27/03/2002","27/03/2002"
"$2.274,47","COP","23/03/2002","26/03/2002"
"$2.280,00","COP","22/03/2002","22/03/2002"
"$2.279,60","COP","21/03/2002","21/03/2002"
"$2.274,53","COP","20/03/2002","20/03/2002"
"$2.282,25","COP","19/03/2002","19/03/2002"
"$2.278,56","COP","16/03/2002","18/03/2002"
"$2.272,27","COP","15/03/2002","15/03/2002"
"$2.270,66","COP","14/03/2002","14/03/2002"
"$2.269,17","COP","13/03/2002","13/03/2002"
"$2.269,88","COP","12/03/2002","12/03/2002"
"$2.283,83","COP","09/03/2002","11/03/2002"
"$2.289,83","COP","08/03/2002","08/03/2002"
"$2.290,00","COP","07/03/2002","07/03/2002"
"$2.293,60","COP","06/03/2002","06/03/2002"
"$2.299,15","COP","05/03/2002","05/03/2002"
"$2.306,33","COP","02/03/2002","04/03/2002"
"$2.306,45","COP","01/03/2002","01/03/2002"
"$2.309,82","COP","28/02/2002","28/02/2002"
"$2.313,13","COP","27/02/2002","27/02/2002"
"$2.310,21","COP","26/02/2002","26/02/2002"
"$2.307,75","COP","23/02/2002","25/02/2002"
"$2.309,45","COP","22/02/2002","22/02/2002"
"$2.282,94","COP","21/02/2002","21/02/2002"
"$2.280,98","COP","20/02/2002","20/02/2002"
"$2.288,98","COP","19/02/2002","19/02/2002"
"$2.288,54","COP","16/02/2002","18/02/2002"
"$2.312,03","COP","15/02/2002","15/02/2002"
"$2.309,27","COP","14/02/2002","14/02/2002"
"$2.290,19","COP","13/02/2002","13/02/2002"
"$2.283,14","COP","12/02/2002","12/02/2002"
"$2.272,76","COP","09/02/2002","11/02/2002"
"$2.260,17","COP","08/02/2002","08/02/2002"
"$2.254,98","COP","07/02/2002","07/02/2002"
"$2.259,81","COP","06/02/2002","06/02/2002"
"$2.266,61","COP","05/02/2002","05/02/2002"
"$2.267,33","COP","02/02/2002","04/02/2002"
"$2.265,99","COP","01/02/2002","01/02/2002"
"$2.264,82","COP","31/01/2002","31/01/2002"
"$2.262,45","COP","30/01/2002","30/01/2002"
"$2.252,37","COP","29/01/2002","29/01/2002"
"$2.242,67","COP","26/01/2002","28/01/2002"
"$2.231,98","COP","25/01/2002","25/01/2002"
"$2.239,92","COP","24/01/2002","24/01/2002"
"$2.247,29","COP","23/01/2002","23/01/2002"
"$2.259,24","COP","22/01/2002","22/01/2002"
"$2.269,76","COP","19/01/2002","21/01/2002"
"$2.265,01","COP","18/01/2002","18/01/2002"
"$2.265,66","COP","17/01/2002","17/01/2002"
"$2.280,73","COP","16/01/2002","16/01/2002"
"$2.297,31","COP","15/01/2002","15/01/2002"
"$2.304,54","COP","12/01/2002","14/01/2002"
"$2.311,57","COP","11/01/2002","11/01/2002"
"$2.306,35","COP","10/01/2002","10/01/2002"
"$2.306,31","COP","09/01/2002","09/01/2002"
"$2.295,59","COP","05/01/2002","08/01/2002"
"$2.289,91","COP","04/01/2002","04/01/2002"
"$2.289,42","COP","03/01/2002","03/01/2002"
"$2.291,18","COP","29/12/2001","02/01/2002"
"$2.301,33","COP","28/12/2001","28/12/2001"
"$2.297,17","COP","27/12/2001","27/12/2001"
"$2.297,59","COP","26/12/2001","26/12/2001"
"$2.297,59","COP","25/12/2001","25/12/2001"
"$2.303,15","COP","22/12/2001","24/12/2001"
"$2.306,88","COP","21/12/2001","21/12/2001"
"$2.307,10","COP","20/12/2001","20/12/2001"
"$2.306,82","COP","19/12/2001","19/12/2001"
"$2.310,58","COP","18/12/2001","18/12/2001"
"$2.318,67","COP","15/12/2001","17/12/2001"
"$2.312,00","COP","14/12/2001","14/12/2001"
"$2.307,12","COP","13/12/2001","13/12/2001"
"$2.306,56","COP","12/12/2001","12/12/2001"
"$2.308,41","COP","11/12/2001","11/12/2001"
"$2.310,90","COP","08/12/2001","10/12/2001"
"$2.314,89","COP","07/12/2001","07/12/2001"
"$2.315,36","COP","06/12/2001","06/12/2001"
"$2.314,76","COP","05/12/2001","05/12/2001"
"$2.304,13","COP","04/12/2001","04/12/2001"
"$2.303,35","COP","01/12/2001","03/12/2001"
"$2.308,59","COP","30/11/2001","30/11/2001"
"$2.310,97","COP","29/11/2001","29/11/2001"
"$2.312,90","COP","28/11/2001","28/11/2001"
"$2.313,26","COP","27/11/2001","27/11/2001"
"$2.316,40","COP","24/11/2001","26/11/2001"
"$2.317,57","COP","23/11/2001","23/11/2001"
"$2.319,34","COP","22/11/2001","22/11/2001"
"$2.314,86","COP","21/11/2001","21/11/2001"
"$2.310,90","COP","20/11/2001","20/11/2001"
"$2.314,33","COP","17/11/2001","19/11/2001"
"$2.311,57","COP","16/11/2001","16/11/2001"
"$2.302,81","COP","15/11/2001","15/11/2001"
"$2.300,69","COP","14/11/2001","14/11/2001"
"$2.303,68","COP","10/11/2001","13/11/2001"
"$2.307,24","COP","09/11/2001","09/11/2001"
"$2.306,57","COP","08/11/2001","08/11/2001"
"$2.309,22","COP","07/11/2001","07/11/2001"
"$2.309,42","COP","03/11/2001","06/11/2001"
"$2.309,89","COP","02/11/2001","02/11/2001"
"$2.309,12","COP","01/11/2001","01/11/2001"
"$2.310,02","COP","31/10/2001","31/10/2001"
"$2.311,42","COP","30/10/2001","30/10/2001"
"$2.314,50","COP","27/10/2001","29/10/2001"
"$2.316,68","COP","26/10/2001","26/10/2001"
"$2.319,53","COP","25/10/2001","25/10/2001"
"$2.316,14","COP","24/10/2001","24/10/2001"
"$2.318,47","COP","23/10/2001","23/10/2001"
"$2.315,26","COP","20/10/2001","22/10/2001"
"$2.313,24","COP","19/10/2001","19/10/2001"
"$2.300,01","COP","18/10/2001","18/10/2001"
"$2.303,30","COP","17/10/2001","17/10/2001"
"$2.314,74","COP","13/10/2001","16/10/2001"
"$2.312,33","COP","12/10/2001","12/10/2001"
"$2.320,41","COP","11/10/2001","11/10/2001"
"$2.328,91","COP","10/10/2001","10/10/2001"
"$2.331,02","COP","09/10/2001","09/10/2001"
"$2.331,03","COP","06/10/2001","08/10/2001"
"$2.336,28","COP","05/10/2001","05/10/2001"
"$2.336,18","COP","04/10/2001","04/10/2001"
"$2.334,24","COP","03/10/2001","03/10/2001"
"$2.338,45","COP","02/10/2001","02/10/2001"
"$2.332,19","COP","29/09/2001","01/10/2001"
"$2.328,75","COP","28/09/2001","28/09/2001"
"$2.328,49","COP","27/09/2001","27/09/2001"
"$2.327,09","COP","26/09/2001","26/09/2001"
"$2.329,70","COP","25/09/2001","25/09/2001"
"$2.342,18","COP","22/09/2001","24/09/2001"
"$2.341,68","COP","21/09/2001","21/09/2001"
"$2.342,04","COP","20/09/2001","20/09/2001"
"$2.338,39","COP","19/09/2001","19/09/2001"
"$2.342,18","COP","18/09/2001","18/09/2001"
"$2.342,44","COP","15/09/2001","17/09/2001"
"$2.337,25","COP","14/09/2001","14/09/2001"
"$2.341,14","COP","13/09/2001","13/09/2001"
"$2.341,28","COP","12/09/2001","12/09/2001"
"$2.324,78","COP","11/09/2001","11/09/2001"
"$2.320,09","COP","08/09/2001","10/09/2001"
"$2.317,02","COP","07/09/2001","07/09/2001"
"$2.312,87","COP","06/09/2001","06/09/2001"
"$2.305,28","COP","05/09/2001","05/09/2001"
"$2.305,15","COP","04/09/2001","04/09/2001"
"$2.296,85","COP","01/09/2001","03/09/2001"
"$2.301,23","COP","31/08/2001","31/08/2001"
"$2.297,24","COP","30/08/2001","30/08/2001"
"$2.290,57","COP","29/08/2001","29/08/2001"
"$2.282,56","COP","28/08/2001","28/08/2001"
"$2.273,50","COP","25/08/2001","27/08/2001"
"$2.275,07","COP","24/08/2001","24/08/2001"
"$2.279,25","COP","23/08/2001","23/08/2001"
"$2.283,86","COP","22/08/2001","22/08/2001"
"$2.285,06","COP","18/08/2001","21/08/2001"
"$2.288,18","COP","17/08/2001","17/08/2001"
"$2.291,41","COP","16/08/2001","16/08/2001"
"$2.284,98","COP","15/08/2001","15/08/2001"
"$2.284,90","COP","14/08/2001","14/08/2001"
"$2.288,03","COP","11/08/2001","13/08/2001"
"$2.291,50","COP","10/08/2001","10/08/2001"
"$2.295,05","COP","09/08/2001","09/08/2001"
"$2.291,46","COP","07/08/2001","08/08/2001"
"$2.295,72","COP","04/08/2001","06/08/2001"
"$2.298,91","COP","03/08/2001","03/08/2001"
"$2.295,19","COP","02/08/2001","02/08/2001"
"$2.293,25","COP","01/08/2001","01/08/2001"
"$2.298,27","COP","31/07/2001","31/07/2001"
"$2.301,70","COP","28/07/2001","30/07/2001"
"$2.301,53","COP","27/07/2001","27/07/2001"
"$2.302,70","COP","26/07/2001","26/07/2001"
"$2.301,56","COP","25/07/2001","25/07/2001"
"$2.302,26","COP","24/07/2001","24/07/2001"
"$2.301,67","COP","20/07/2001","23/07/2001"
"$2.298,63","COP","19/07/2001","19/07/2001"
"$2.298,76","COP","18/07/2001","18/07/2001"
"$2.302,56","COP","17/07/2001","17/07/2001"
"$2.317,92","COP","14/07/2001","16/07/2001"
"$2.323,99","COP","13/07/2001","13/07/2001"
"$2.312,21","COP","12/07/2001","12/07/2001"
"$2.306,16","COP","11/07/2001","11/07/2001"
"$2.305,37","COP","10/07/2001","10/07/2001"
"$2.304,75","COP","07/07/2001","09/07/2001"
"$2.303,36","COP","06/07/2001","06/07/2001"
"$2.303,26","COP","05/07/2001","05/07/2001"
"$2.300,02","COP","04/07/2001","04/07/2001"
"$2.298,85","COP","30/06/2001","03/07/2001"
"$2.305,33","COP","29/06/2001","29/06/2001"
"$2.307,03","COP","28/06/2001","28/06/2001"
"$2.304,68","COP","27/06/2001","27/06/2001"
"$2.298,88","COP","23/06/2001","26/06/2001"
"$2.300,46","COP","22/06/2001","22/06/2001"
"$2.305,35","COP","21/06/2001","21/06/2001"
"$2.307,78","COP","20/06/2001","20/06/2001"
"$2.303,13","COP","16/06/2001","19/06/2001"
"$2.300,18","COP","15/06/2001","15/06/2001"
"$2.302,16","COP","14/06/2001","14/06/2001"
"$2.313,74","COP","13/06/2001","13/06/2001"
"$2.309,06","COP","12/06/2001","12/06/2001"
"$2.296,31","COP","09/06/2001","11/06/2001"
"$2.303,41","COP","08/06/2001","08/06/2001"
"$2.303,38","COP","07/06/2001","07/06/2001"
"$2.303,37","COP","06/06/2001","06/06/2001"
"$2.296,88","COP","05/06/2001","05/06/2001"
"$2.319,16","COP","02/06/2001","04/06/2001"
"$2.327,25","COP","01/06/2001","01/06/2001"
"$2.324,98","COP","31/05/2001","31/05/2001"
"$2.331,91","COP","30/05/2001","30/05/2001"
"$2.339,98","COP","26/05/2001","29/05/2001"
"$2.310,64","COP","25/05/2001","25/05/2001"
"$2.295,23","COP","24/05/2001","24/05/2001"
"$2.316,72","COP","23/05/2001","23/05/2001"
"$2.314,75","COP","22/05/2001","22/05/2001"
"$2.348,88","COP","19/05/2001","21/05/2001"
"$2.378,41","COP","18/05/2001","18/05/2001"
"$2.378,21","COP","17/05/2001","17/05/2001"
"$2.376,93","COP","16/05/2001","16/05/2001"
"$2.371,58","COP","15/05/2001","15/05/2001"
"$2.367,30","COP","12/05/2001","14/05/2001"
"$2.359,79","COP","11/05/2001","11/05/2001"
"$2.359,98","COP","10/05/2001","10/05/2001"
"$2.359,22","COP","09/05/2001","09/05/2001"
"$2.359,54","COP","08/05/2001","08/05/2001"
"$2.354,47","COP","05/05/2001","07/05/2001"
"$2.349,95","COP","04/05/2001","04/05/2001"
"$2.345,96","COP","03/05/2001","03/05/2001"
"$2.341,09","COP","01/05/2001","02/05/2001"
"$2.346,73","COP","28/04/2001","30/04/2001"
"$2.345,57","COP","27/04/2001","27/04/2001"
"$2.345,21","COP","26/04/2001","26/04/2001"
"$2.339,16","COP","25/04/2001","25/04/2001"
"$2.334,38","COP","24/04/2001","24/04/2001"
"$2.329,73","COP","21/04/2001","23/04/2001"
"$2.327,08","COP","20/04/2001","20/04/2001"
"$2.316,91","COP","19/04/2001","19/04/2001"
"$2.319,57","COP","18/04/2001","18/04/2001"
"$2.320,18","COP","17/04/2001","17/04/2001"
"$2.314,07","COP","12/04/2001","16/04/2001"
"$2.309,84","COP","11/04/2001","11/04/2001"
"$2.315,21","COP","10/04/2001","10/04/2001"
"$2.318,58","COP","07/04/2001","09/04/2001"
"$2.317,46","COP","06/04/2001","06/04/2001"
"$2.315,81","COP","05/04/2001","05/04/2001"
"$2.308,64","COP","04/04/2001","04/04/2001"
"$2.304,19","COP","03/04/2001","03/04/2001"
"$2.310,57","COP","31/03/2001","02/04/2001"
"$2.309,83","COP","30/03/2001","30/03/2001"
"$2.303,86","COP","29/03/2001","29/03/2001"
"$2.299,68","COP","28/03/2001","28/03/2001"
"$2.293,99","COP","27/03/2001","27/03/2001"
"$2.295,74","COP","24/03/2001","26/03/2001"
"$2.290,02","COP","23/03/2001","23/03/2001"
"$2.284,04","COP","22/03/2001","22/03/2001"
"$2.282,17","COP","21/03/2001","21/03/2001"
"$2.282,96","COP","17/03/2001","20/03/2001"
"$2.281,02","COP","16/03/2001","16/03/2001"
"$2.282,01","COP","15/03/2001","15/03/2001"
"$2.275,92","COP","14/03/2001","14/03/2001"
"$2.275,98","COP","13/03/2001","13/03/2001"
"$2.264,01","COP","10/03/2001","12/03/2001"
"$2.262,55","COP","09/03/2001","09/03/2001"
"$2.262,06","COP","08/03/2001","08/03/2001"
"$2.260,33","COP","07/03/2001","07/03/2001"
"$2.259,07","COP","06/03/2001","06/03/2001"
"$2.264,09","COP","03/03/2001","05/03/2001"
"$2.265,44","COP","02/03/2001","02/03/2001"
"$2.259,64","COP","01/03/2001","01/03/2001"
"$2.257,45","COP","28/02/2001","28/02/2001"
"$2.256,42","COP","27/02/2001","27/02/2001"
"$2.257,70","COP","24/02/2001","26/02/2001"
"$2.252,86","COP","23/02/2001","23/02/2001"
"$2.252,65","COP","22/02/2001","22/02/2001"
"$2.247,09","COP","21/02/2001","21/02/2001"
"$2.245,16","COP","20/02/2001","20/02/2001"
"$2.238,51","COP","17/02/2001","19/02/2001"
"$2.238,61","COP","16/02/2001","16/02/2001"
"$2.239,03","COP","15/02/2001","15/02/2001"
"$2.237,37","COP","14/02/2001","14/02/2001"
"$2.229,59","COP","13/02/2001","13/02/2001"
"$2.237,58","COP","10/02/2001","12/02/2001"
"$2.242,68","COP","09/02/2001","09/02/2001"
"$2.238,09","COP","08/02/2001","08/02/2001"
"$2.235,03","COP","07/02/2001","07/02/2001"
"$2.238,35","COP","06/02/2001","06/02/2001"
"$2.242,20","COP","03/02/2001","05/02/2001"
"$2.240,04","COP","02/02/2001","02/02/2001"
"$2.242,08","COP","01/02/2001","01/02/2001"
"$2.240,80","COP","31/01/2001","31/01/2001"
"$2.240,56","COP","30/01/2001","30/01/2001"
"$2.245,46","COP","27/01/2001","29/01/2001"
"$2.250,03","COP","26/01/2001","26/01/2001"
"$2.254,35","COP","25/01/2001","25/01/2001"
"$2.255,82","COP","24/01/2001","24/01/2001"
"$2.240,02","COP","23/01/2001","23/01/2001"
"$2.244,59","COP","20/01/2001","22/01/2001"
"$2.246,74","COP","19/01/2001","19/01/2001"
"$2.236,46","COP","18/01/2001","18/01/2001"
"$2.245,89","COP","17/01/2001","17/01/2001"
"$2.248,61","COP","16/01/2001","16/01/2001"
"$2.251,75","COP","13/01/2001","15/01/2001"
"$2.246,58","COP","12/01/2001","12/01/2001"
"$2.230,14","COP","11/01/2001","11/01/2001"
"$2.235,43","COP","10/01/2001","10/01/2001"
"$2.243,16","COP","06/01/2001","09/01/2001"
"$2.239,89","COP","05/01/2001","05/01/2001"
"$2.224,38","COP","04/01/2001","04/01/2001"
"$2.219,60","COP","03/01/2001","03/01/2001"
"$2.229,18","COP","29/12/2000","02/01/2001"
"$2.215,35","COP","28/12/2000","28/12/2000"
"$2.196,76","COP","27/12/2000","27/12/2000"
"$2.193,57","COP","23/12/2000","26/12/2000"
"$2.187,02","COP","22/12/2000","22/12/2000"
"$2.185,05","COP","21/12/2000","21/12/2000"
"$2.187,17","COP","20/12/2000","20/12/2000"
"$2.179,13","COP","19/12/2000","19/12/2000"
"$2.175,91","COP","16/12/2000","18/12/2000"
"$2.184,76","COP","15/12/2000","15/12/2000"
"$2.186,87","COP","14/12/2000","14/12/2000"
"$2.183,08","COP","13/12/2000","13/12/2000"
"$2.175,57","COP","12/12/2000","12/12/2000"
"$2.176,33","COP","08/12/2000","11/12/2000"
"$2.174,29","COP","07/12/2000","07/12/2000"
"$2.184,18","COP","06/12/2000","06/12/2000"
"$2.180,30","COP","05/12/2000","05/12/2000"
"$2.174,85","COP","02/12/2000","04/12/2000"
"$2.168,60","COP","01/12/2000","01/12/2000"
"$2.172,84","COP","30/11/2000","30/11/2000"
"$2.169,82","COP","29/11/2000","29/11/2000"
"$2.158,05","COP","28/11/2000","28/11/2000"
"$2.141,91","COP","25/11/2000","27/11/2000"
"$2.141,14","COP","24/11/2000","24/11/2000"
"$2.131,76","COP","23/11/2000","23/11/2000"
"$2.124,16","COP","22/11/2000","22/11/2000"
"$2.122,61","COP","21/11/2000","21/11/2000"
"$2.122,63","COP","18/11/2000","20/11/2000"
"$2.121,64","COP","17/11/2000","17/11/2000"
"$2.125,31","COP","16/11/2000","16/11/2000"
"$2.125,17","COP","15/11/2000","15/11/2000"
"$2.126,41","COP","11/11/2000","14/11/2000"
"$2.127,51","COP","10/11/2000","10/11/2000"
"$2.124,84","COP","09/11/2000","09/11/2000"
"$2.134,08","COP","08/11/2000","08/11/2000"
"$2.139,21","COP","04/11/2000","07/11/2000"
"$2.136,73","COP","03/11/2000","03/11/2000"
"$2.138,95","COP","02/11/2000","02/11/2000"
"$2.147,89","COP","01/11/2000","01/11/2000"
"$2.158,36","COP","31/10/2000","31/10/2000"
"$2.158,14","COP","28/10/2000","30/10/2000"
"$2.167,26","COP","27/10/2000","27/10/2000"
"$2.170,32","COP","26/10/2000","26/10/2000"
"$2.153,18","COP","25/10/2000","25/10/2000"
"$2.157,84","COP","24/10/2000","24/10/2000"
"$2.159,79","COP","21/10/2000","23/10/2000"
"$2.152,31","COP","20/10/2000","20/10/2000"
"$2.162,86","COP","19/10/2000","19/10/2000"
"$2.178,13","COP","18/10/2000","18/10/2000"
"$2.180,69","COP","14/10/2000","17/10/2000"
"$2.175,96","COP","13/10/2000","13/10/2000"
"$2.175,97","COP","12/10/2000","12/10/2000"
"$2.182,17","COP","11/10/2000","11/10/2000"
"$2.184,26","COP","10/10/2000","10/10/2000"
"$2.187,38","COP","07/10/2000","09/10/2000"
"$2.185,06","COP","06/10/2000","06/10/2000"
"$2.194,98","COP","05/10/2000","05/10/2000"
"$2.201,51","COP","04/10/2000","04/10/2000"
"$2.210,40","COP","03/10/2000","03/10/2000"
"$2.212,26","COP","30/09/2000","02/10/2000"
"$2.211,94","COP","29/09/2000","29/09/2000"
"$2.216,93","COP","28/09/2000","28/09/2000"
"$2.222,67","COP","27/09/2000","27/09/2000"
"$2.228,05","COP","26/09/2000","26/09/2000"
"$2.232,24","COP","23/09/2000","25/09/2000"
"$2.223,46","COP","22/09/2000","22/09/2000"
"$2.212,93","COP","21/09/2000","21/09/2000"
"$2.210,81","COP","20/09/2000","20/09/2000"
"$2.211,36","COP","19/09/2000","19/09/2000"
"$2.210,34","COP","16/09/2000","18/09/2000"
"$2.212,73","COP","15/09/2000","15/09/2000"
"$2.208,64","COP","14/09/2000","14/09/2000"
"$2.206,93","COP","13/09/2000","13/09/2000"
"$2.206,39","COP","12/09/2000","12/09/2000"
"$2.204,85","COP","09/09/2000","11/09/2000"
"$2.209,18","COP","08/09/2000","08/09/2000"
"$2.211,11","COP","07/09/2000","07/09/2000"
"$2.211,13","COP","06/09/2000","06/09/2000"
"$2.210,32","COP","05/09/2000","05/09/2000"
"$2.214,00","COP","02/09/2000","04/09/2000"
"$2.212,97","COP","01/09/2000","01/09/2000"
"$2.208,21","COP","31/08/2000","31/08/2000"
"$2.204,22","COP","30/08/2000","30/08/2000"
"$2.208,17","COP","29/08/2000","29/08/2000"
"$2.208,82","COP","26/08/2000","28/08/2000"
"$2.205,60","COP","25/08/2000","25/08/2000"
"$2.196,72","COP","24/08/2000","24/08/2000"
"$2.187,83","COP","23/08/2000","23/08/2000"
"$2.183,01","COP","19/08/2000","22/08/2000"
"$2.185,75","COP","18/08/2000","18/08/2000"
"$2.185,46","COP","17/08/2000","17/08/2000"
"$2.185,45","COP","16/08/2000","16/08/2000"
"$2.180,99","COP","15/08/2000","15/08/2000"
"$2.180,89","COP","12/08/2000","14/08/2000"
"$2.179,60","COP","11/08/2000","11/08/2000"
"$2.176,17","COP","10/08/2000","10/08/2000"
"$2.176,52","COP","09/08/2000","09/08/2000"
"$2.180,64","COP","05/08/2000","08/08/2000"
"$2.177,67","COP","04/08/2000","04/08/2000"
"$2.173,62","COP","03/08/2000","03/08/2000"
"$2.175,02","COP","02/08/2000","02/08/2000"
"$2.174,55","COP","01/08/2000","01/08/2000"
"$2.172,79","COP","29/07/2000","31/07/2000"
"$2.173,78","COP","28/07/2000","28/07/2000"
"$2.165,37","COP","27/07/2000","27/07/2000"
"$2.153,91","COP","26/07/2000","26/07/2000"
"$2.147,65","COP","25/07/2000","25/07/2000"
"$2.152,30","COP","22/07/2000","24/07/2000"
"$2.155,81","COP","20/07/2000","21/07/2000"
"$2.151,56","COP","19/07/2000","19/07/2000"
"$2.144,01","COP","18/07/2000","18/07/2000"
"$2.156,32","COP","15/07/2000","17/07/2000"
"$2.166,22","COP","14/07/2000","14/07/2000"
"$2.172,16","COP","13/07/2000","13/07/2000"
"$2.182,56","COP","12/07/2000","12/07/2000"
"$2.171,63","COP","11/07/2000","11/07/2000"
"$2.165,51","COP","08/07/2000","10/07/2000"
"$2.168,65","COP","07/07/2000","07/07/2000"
"$2.163,44","COP","06/07/2000","06/07/2000"
"$2.151,05","COP","05/07/2000","05/07/2000"
"$2.150,76","COP","01/07/2000","04/07/2000"
"$2.139,11","COP","30/06/2000","30/06/2000"
"$2.136,22","COP","29/06/2000","29/06/2000"
"$2.135,65","COP","28/06/2000","28/06/2000"
"$2.123,99","COP","24/06/2000","27/06/2000"
"$2.129,13","COP","23/06/2000","23/06/2000"
"$2.134,34","COP","22/06/2000","22/06/2000"
"$2.123,58","COP","21/06/2000","21/06/2000"
"$2.115,15","COP","20/06/2000","20/06/2000"
"$2.114,80","COP","17/06/2000","19/06/2000"
"$2.110,57","COP","16/06/2000","16/06/2000"
"$2.111,09","COP","15/06/2000","15/06/2000"
"$2.122,24","COP","14/06/2000","14/06/2000"
"$2.106,97","COP","13/06/2000","13/06/2000"
"$2.115,86","COP","10/06/2000","12/06/2000"
"$2.125,30","COP","09/06/2000","09/06/2000"
"$2.127,03","COP","08/06/2000","08/06/2000"
"$2.121,73","COP","07/06/2000","07/06/2000"
"$2.118,57","COP","03/06/2000","06/06/2000"
"$2.095,10","COP","02/06/2000","02/06/2000"
"$2.096,96","COP","01/06/2000","01/06/2000"
"$2.084,92","COP","31/05/2000","31/05/2000"
"$2.077,28","COP","30/05/2000","30/05/2000"
"$2.096,52","COP","27/05/2000","29/05/2000"
"$2.113,28","COP","26/05/2000","26/05/2000"
"$2.142,14","COP","25/05/2000","25/05/2000"
"$2.111,94","COP","24/05/2000","24/05/2000"
"$2.094,73","COP","23/05/2000","23/05/2000"
"$2.076,85","COP","20/05/2000","22/05/2000"
"$2.055,35","COP","19/05/2000","19/05/2000"
"$2.047,79","COP","18/05/2000","18/05/2000"
"$2.037,10","COP","17/05/2000","17/05/2000"
"$2.035,54","COP","16/05/2000","16/05/2000"
"$2.039,29","COP","13/05/2000","15/05/2000"
"$2.031,96","COP","12/05/2000","12/05/2000"
"$2.021,68","COP","11/05/2000","11/05/2000"
"$2.031,86","COP","10/05/2000","10/05/2000"
"$2.044,59","COP","09/05/2000","09/05/2000"
"$2.033,17","COP","06/05/2000","08/05/2000"
"$2.027,26","COP","05/05/2000","05/05/2000"
"$2.015,92","COP","04/05/2000","04/05/2000"
"$2.001,62","COP","03/05/2000","03/05/2000"
"$2.004,47","COP","29/04/2000","02/05/2000"
"$2.002,95","COP","28/04/2000","28/04/2000"
"$1.998,95","COP","27/04/2000","27/04/2000"
"$1.988,65","COP","26/04/2000","26/04/2000"
"$1.991,17","COP","25/04/2000","25/04/2000"
"$1.996,07","COP","20/04/2000","24/04/2000"
"$2.003,02","COP","19/04/2000","19/04/2000"
"$1.996,29","COP","18/04/2000","18/04/2000"
"$1.987,39","COP","15/04/2000","17/04/2000"
"$1.987,36","COP","14/04/2000","14/04/2000"
"$1.987,38","COP","13/04/2000","13/04/2000"
"$1.986,75","COP","12/04/2000","12/04/2000"
"$1.998,25","COP","11/04/2000","11/04/2000"
"$1.996,24","COP","08/04/2000","10/04/2000"
"$1.986,96","COP","07/04/2000","07/04/2000"
"$1.968,92","COP","06/04/2000","06/04/2000"
"$1.964,10","COP","05/04/2000","05/04/2000"
"$1.963,22","COP","04/04/2000","04/04/2000"
"$1.958,12","COP","01/04/2000","03/04/2000"
"$1.951,56","COP","31/03/2000","31/03/2000"
"$1.949,75","COP","30/03/2000","30/03/2000"
"$1.955,14","COP","29/03/2000","29/03/2000"
"$1.958,93","COP","28/03/2000","28/03/2000"
"$1.954,83","COP","25/03/2000","27/03/2000"
"$1.954,57","COP","24/03/2000","24/03/2000"
"$1.959,84","COP","23/03/2000","23/03/2000"
"$1.956,98","COP","22/03/2000","22/03/2000"
"$1.952,98","COP","18/03/2000","21/03/2000"
"$1.950,01","COP","17/03/2000","17/03/2000"
"$1.954,26","COP","16/03/2000","16/03/2000"
"$1.955,75","COP","15/03/2000","15/03/2000"
"$1.957,50","COP","14/03/2000","14/03/2000"
"$1.958,48","COP","11/03/2000","13/03/2000"
"$1.959,77","COP","10/03/2000","10/03/2000"
"$1.960,47","COP","09/03/2000","09/03/2000"
"$1.964,26","COP","08/03/2000","08/03/2000"
"$1.965,63","COP","07/03/2000","07/03/2000"
"$1.961,16","COP","04/03/2000","06/03/2000"
"$1.956,80","COP","03/03/2000","03/03/2000"
"$1.950,88","COP","02/03/2000","02/03/2000"
"$1.948,05","COP","01/03/2000","01/03/2000"
"$1.946,17","COP","29/02/2000","29/02/2000"
"$1.947,28","COP","26/02/2000","28/02/2000"
"$1.947,72","COP","25/02/2000","25/02/2000"
"$1.944,18","COP","24/02/2000","24/02/2000"
"$1.941,54","COP","23/02/2000","23/02/2000"
"$1.943,83","COP","22/02/2000","22/02/2000"
"$1.947,41","COP","19/02/2000","21/02/2000"
"$1.945,31","COP","18/02/2000","18/02/2000"
"$1.946,79","COP","17/02/2000","17/02/2000"
"$1.949,61","COP","16/02/2000","16/02/2000"
"$1.950,77","COP","15/02/2000","15/02/2000"
"$1.948,16","COP","12/02/2000","14/02/2000"
"$1.952,29","COP","11/02/2000","11/02/2000"
"$1.946,51","COP","10/02/2000","10/02/2000"
"$1.949,54","COP","09/02/2000","09/02/2000"
"$1.950,59","COP","08/02/2000","08/02/2000"
"$1.948,60","COP","05/02/2000","07/02/2000"
"$1.947,55","COP","04/02/2000","04/02/2000"
"$1.965,61","COP","03/02/2000","03/02/2000"
"$1.970,61","COP","02/02/2000","02/02/2000"
"$1.973,36","COP","01/02/2000","01/02/2000"
"$1.976,72","COP","29/01/2000","31/01/2000"
"$1.976,14","COP","28/01/2000","28/01/2000"
"$1.958,17","COP","27/01/2000","27/01/2000"
"$1.939,63","COP","26/01/2000","26/01/2000"
"$1.943,88","COP","25/01/2000","25/01/2000"
"$1.931,97","COP","22/01/2000","24/01/2000"
"$1.938,84","COP","21/01/2000","21/01/2000"
"$1.945,17","COP","20/01/2000","20/01/2000"
"$1.928,51","COP","19/01/2000","19/01/2000"
"$1.919,21","COP","18/01/2000","18/01/2000"
"$1.920,83","COP","15/01/2000","17/01/2000"
"$1.917,38","COP","14/01/2000","14/01/2000"
"$1.904,54","COP","13/01/2000","13/01/2000"
"$1.902,25","COP","12/01/2000","12/01/2000"
"$1.900,14","COP","08/01/2000","11/01/2000"
"$1.911,33","COP","07/01/2000","07/01/2000"
"$1.912,69","COP","06/01/2000","06/01/2000"
"$1.895,97","COP","05/01/2000","05/01/2000"
"$1.874,35","COP","04/01/2000","04/01/2000"
"$1.873,77","COP","30/12/1999","03/01/2000"
"$1.867,82","COP","29/12/1999","29/12/1999"
"$1.870,65","COP","28/12/1999","28/12/1999"
"$1.874,58","COP","25/12/1999","27/12/1999"
"$1.874,77","COP","24/12/1999","24/12/1999"
"$1.886,27","COP","23/12/1999","23/12/1999"
"$1.884,64","COP","22/12/1999","22/12/1999"
"$1.868,47","COP","21/12/1999","21/12/1999"
"$1.867,02","COP","18/12/1999","20/12/1999"
"$1.879,55","COP","17/12/1999","17/12/1999"
"$1.874,14","COP","16/12/1999","16/12/1999"
"$1.891,67","COP","15/12/1999","15/12/1999"
"$1.905,50","COP","14/12/1999","14/12/1999"
"$1.900,22","COP","11/12/1999","13/12/1999"
"$1.906,91","COP","10/12/1999","10/12/1999"
"$1.888,99","COP","08/12/1999","09/12/1999"
"$1.886,46","COP","07/12/1999","07/12/1999"
"$1.903,80","COP","04/12/1999","06/12/1999"
"$1.911,35","COP","03/12/1999","03/12/1999"
"$1.918,63","COP","02/12/1999","02/12/1999"
"$1.922,47","COP","01/12/1999","01/12/1999"
"$1.923,77","COP","30/11/1999","30/11/1999"
"$1.921,93","COP","27/11/1999","29/11/1999"
"$1.918,85","COP","26/11/1999","26/11/1999"
"$1.912,86","COP","25/11/1999","25/11/1999"
"$1.925,00","COP","24/11/1999","24/11/1999"
"$1.935,48","COP","23/11/1999","23/11/1999"
"$1.925,11","COP","20/11/1999","22/11/1999"
"$1.927,47","COP","19/11/1999","19/11/1999"
"$1.946,27","COP","18/11/1999","18/11/1999"
"$1.961,70","COP","17/11/1999","17/11/1999"
"$1.961,80","COP","13/11/1999","16/11/1999"
"$1.958,41","COP","12/11/1999","12/11/1999"
"$1.951,11","COP","11/11/1999","11/11/1999"
"$1.948,05","COP","10/11/1999","10/11/1999"
"$1.954,56","COP","09/11/1999","09/11/1999"
"$1.959,46","COP","06/11/1999","08/11/1999"
"$1.962,16","COP","05/11/1999","05/11/1999"
"$1.960,70","COP","04/11/1999","04/11/1999"
"$1.966,50","COP","03/11/1999","03/11/1999"
"$1.971,59","COP","30/10/1999","02/11/1999"
"$1.965,44","COP","29/10/1999","29/10/1999"
"$1.968,90","COP","28/10/1999","28/10/1999"
"$1.966,07","COP","27/10/1999","27/10/1999"
"$1.949,33","COP","26/10/1999","26/10/1999"
"$1.946,24","COP","23/10/1999","25/10/1999"
"$1.946,00","COP","22/10/1999","22/10/1999"
"$1.957,53","COP","21/10/1999","21/10/1999"
"$1.965,92","COP","20/10/1999","20/10/1999"
"$1.977,04","COP","16/10/1999","19/10/1999"
"$1.975,80","COP","15/10/1999","15/10/1999"
"$1.981,14","COP","14/10/1999","14/10/1999"
"$1.988,70","COP","13/10/1999","13/10/1999"
"$1.992,03","COP","12/10/1999","12/10/1999"
"$1.992,74","COP","09/10/1999","11/10/1999"
"$1.993,18","COP","08/10/1999","08/10/1999"
"$1.995,71","COP","07/10/1999","07/10/1999"
"$2.000,48","COP","06/10/1999","06/10/1999"
"$1.992,65","COP","05/10/1999","05/10/1999"
"$2.004,22","COP","02/10/1999","04/10/1999"
"$2.015,15","COP","01/10/1999","01/10/1999"
"$2.017,27","COP","30/09/1999","30/09/1999"
"$2.003,82","COP","29/09/1999","29/09/1999"
"$2.013,24","COP","28/09/1999","28/09/1999"
"$1.995,64","COP","25/09/1999","27/09/1999"
"$1.994,86","COP","24/09/1999","24/09/1999"
"$1.992,36","COP","23/09/1999","23/09/1999"
"$1.975,46","COP","22/09/1999","22/09/1999"
"$1.981,64","COP","21/09/1999","21/09/1999"
"$1.987,08","COP","18/09/1999","20/09/1999"
"$1.977,52","COP","17/09/1999","17/09/1999"
"$1.967,58","COP","16/09/1999","16/09/1999"
"$1.970,54","COP","15/09/1999","15/09/1999"
"$1.977,85","COP","14/09/1999","14/09/1999"
"$1.981,41","COP","11/09/1999","13/09/1999"
"$1.976,07","COP","10/09/1999","10/09/1999"
"$1.972,35","COP","09/09/1999","09/09/1999"
"$1.969,82","COP","08/09/1999","08/09/1999"
"$1.947,31","COP","07/09/1999","07/09/1999"
"$1.943,24","COP","04/09/1999","06/09/1999"
"$1.943,23","COP","03/09/1999","03/09/1999"
"$1.934,46","COP","02/09/1999","02/09/1999"
"$1.941,25","COP","01/09/1999","01/09/1999"
"$1.954,72","COP","31/08/1999","31/08/1999"
"$1.936,12","COP","28/08/1999","30/08/1999"
"$1.914,22","COP","27/08/1999","27/08/1999"
"$1.921,16","COP","26/08/1999","26/08/1999"
"$1.921,87","COP","25/08/1999","25/08/1999"
"$1.912,27","COP","24/08/1999","24/08/1999"
"$1.907,94","COP","21/08/1999","23/08/1999"
"$1.892,50","COP","20/08/1999","20/08/1999"
"$1.898,03","COP","19/08/1999","19/08/1999"
"$1.880,39","COP","18/08/1999","18/08/1999"
"$1.879,15","COP","14/08/1999","17/08/1999"
"$1.893,25","COP","13/08/1999","13/08/1999"
"$1.865,30","COP","12/08/1999","12/08/1999"
"$1.855,03","COP","11/08/1999","11/08/1999"
"$1.852,80","COP","10/08/1999","10/08/1999"
"$1.849,12","COP","07/08/1999","09/08/1999"
"$1.834,97","COP","06/08/1999","06/08/1999"
"$1.822,84","COP","05/08/1999","05/08/1999"
"$1.800,79","COP","04/08/1999","04/08/1999"
"$1.813,60","COP","03/08/1999","03/08/1999"
"$1.809,50","COP","31/07/1999","02/08/1999"
"$1.806,52","COP","30/07/1999","30/07/1999"
"$1.817,09","COP","29/07/1999","29/07/1999"
"$1.829,06","COP","28/07/1999","28/07/1999"
"$1.829,63","COP","27/07/1999","27/07/1999"
"$1.831,19","COP","24/07/1999","26/07/1999"
"$1.807,90","COP","23/07/1999","23/07/1999"
"$1.809,56","COP","22/07/1999","22/07/1999"
"$1.819,04","COP","20/07/1999","21/07/1999"
"$1.821,95","COP","17/07/1999","19/07/1999"
"$1.823,29","COP","16/07/1999","16/07/1999"
"$1.881,42","COP","15/07/1999","15/07/1999"
"$1.926,55","COP","14/07/1999","14/07/1999"
"$1.887,17","COP","13/07/1999","13/07/1999"
"$1.840,38","COP","10/07/1999","12/07/1999"
"$1.831,10","COP","09/07/1999","09/07/1999"
"$1.795,36","COP","08/07/1999","08/07/1999"
"$1.772,69","COP","07/07/1999","07/07/1999"
"$1.755,31","COP","03/07/1999","06/07/1999"
"$1.751,26","COP","02/07/1999","02/07/1999"
"$1.736,03","COP","01/07/1999","01/07/1999"
"$1.732,10","COP","30/06/1999","30/06/1999"
"$1.751,00","COP","29/06/1999","29/06/1999"
"$1.737,91","COP","26/06/1999","28/06/1999"
"$1.734,83","COP","25/06/1999","25/06/1999"
"$1.723,26","COP","24/06/1999","24/06/1999"
"$1.710,03","COP","23/06/1999","23/06/1999"
"$1.694,26","COP","22/06/1999","22/06/1999"
"$1.692,36","COP","19/06/1999","21/06/1999"
"$1.693,75","COP","18/06/1999","18/06/1999"
"$1.698,55","COP","17/06/1999","17/06/1999"
"$1.694,56","COP","16/06/1999","16/06/1999"
"$1.682,09","COP","12/06/1999","15/06/1999"
"$1.686,08","COP","11/06/1999","11/06/1999"
"$1.679,12","COP","10/06/1999","10/06/1999"
"$1.672,01","COP","09/06/1999","09/06/1999"
"$1.653,96","COP","05/06/1999","08/06/1999"
"$1.654,75","COP","04/06/1999","04/06/1999"
"$1.667,88","COP","03/06/1999","03/06/1999"
"$1.657,70","COP","02/06/1999","02/06/1999"
"$1.663,55","COP","01/06/1999","01/06/1999"
"$1.671,67","COP","29/05/1999","31/05/1999"
"$1.685,33","COP","28/05/1999","28/05/1999"
"$1.682,12","COP","27/05/1999","27/05/1999"
"$1.669,27","COP","26/05/1999","26/05/1999"
"$1.671,20","COP","25/05/1999","25/05/1999"
"$1.665,36","COP","22/05/1999","24/05/1999"
"$1.644,60","COP","21/05/1999","21/05/1999"
"$1.643,05","COP","20/05/1999","20/05/1999"
"$1.644,11","COP","19/05/1999","19/05/1999"
"$1.640,15","COP","15/05/1999","18/05/1999"
"$1.630,08","COP","14/05/1999","14/05/1999"
"$1.631,95","COP","13/05/1999","13/05/1999"
"$1.631,02","COP","12/05/1999","12/05/1999"
"$1.627,30","COP","11/05/1999","11/05/1999"
"$1.631,71","COP","08/05/1999","10/05/1999"
"$1.618,00","COP","07/05/1999","07/05/1999"
"$1.610,66","COP","06/05/1999","06/05/1999"
"$1.603,97","COP","05/05/1999","05/05/1999"
"$1.613,61","COP","04/05/1999","04/05/1999"
"$1.611,48","COP","01/05/1999","03/05/1999"
"$1.604,44","COP","30/04/1999","30/04/1999"
"$1.598,69","COP","29/04/1999","29/04/1999"
"$1.590,53","COP","28/04/1999","28/04/1999"
"$1.580,78","COP","27/04/1999","27/04/1999"
"$1.578,98","COP","24/04/1999","26/04/1999"
"$1.573,86","COP","23/04/1999","23/04/1999"
"$1.570,34","COP","22/04/1999","22/04/1999"
"$1.563,94","COP","21/04/1999","21/04/1999"
"$1.570,53","COP","20/04/1999","20/04/1999"
"$1.578,93","COP","17/04/1999","19/04/1999"
"$1.586,04","COP","16/04/1999","16/04/1999"
"$1.593,17","COP","15/04/1999","15/04/1999"
"$1.603,95","COP","14/04/1999","14/04/1999"
"$1.588,19","COP","13/04/1999","13/04/1999"
"$1.588,17","COP","10/04/1999","12/04/1999"
"$1.574,77","COP","09/04/1999","09/04/1999"
"$1.548,14","COP","08/04/1999","08/04/1999"
"$1.534,13","COP","07/04/1999","07/04/1999"
"$1.532,48","COP","06/04/1999","06/04/1999"
"$1.533,32","COP","01/04/1999","05/04/1999"
"$1.533,51","COP","31/03/1999","31/03/1999"
"$1.529,59","COP","30/03/1999","30/03/1999"
"$1.525,59","COP","27/03/1999","29/03/1999"
"$1.534,28","COP","26/03/1999","26/03/1999"
"$1.541,74","COP","25/03/1999","25/03/1999"
"$1.544,60","COP","24/03/1999","24/03/1999"
"$1.546,77","COP","20/03/1999","23/03/1999"
"$1.550,03","COP","19/03/1999","19/03/1999"
"$1.554,85","COP","18/03/1999","18/03/1999"
"$1.561,74","COP","17/03/1999","17/03/1999"
"$1.563,97","COP","16/03/1999","16/03/1999"
"$1.562,91","COP","13/03/1999","15/03/1999"
"$1.552,28","COP","12/03/1999","12/03/1999"
"$1.545,09","COP","11/03/1999","11/03/1999"
"$1.550,33","COP","10/03/1999","10/03/1999"
"$1.552,44","COP","09/03/1999","09/03/1999"
"$1.552,37","COP","06/03/1999","08/03/1999"
"$1.555,84","COP","05/03/1999","05/03/1999"
"$1.558,66","COP","04/03/1999","04/03/1999"
"$1.557,94","COP","03/03/1999","03/03/1999"
"$1.560,40","COP","02/03/1999","02/03/1999"
"$1.568,30","COP","27/02/1999","01/03/1999"
"$1.572,46","COP","26/02/1999","26/02/1999"
"$1.557,97","COP","25/02/1999","25/02/1999"
"$1.550,88","COP","24/02/1999","24/02/1999"
"$1.556,65","COP","23/02/1999","23/02/1999"
"$1.560,46","COP","20/02/1999","22/02/1999"
"$1.567,17","COP","19/02/1999","19/02/1999"
"$1.569,40","COP","18/02/1999","18/02/1999"
"$1.561,53","COP","17/02/1999","17/02/1999"
"$1.557,79","COP","16/02/1999","16/02/1999"
"$1.565,57","COP","13/02/1999","15/02/1999"
"$1.564,04","COP","12/02/1999","12/02/1999"
"$1.570,81","COP","11/02/1999","11/02/1999"
"$1.563,39","COP","10/02/1999","10/02/1999"
"$1.562,14","COP","09/02/1999","09/02/1999"
"$1.570,94","COP","06/02/1999","08/02/1999"
"$1.575,69","COP","05/02/1999","05/02/1999"
"$1.574,07","COP","04/02/1999","04/02/1999"
"$1.576,22","COP","03/02/1999","03/02/1999"
"$1.581,27","COP","02/02/1999","02/02/1999"
"$1.582,90","COP","30/01/1999","01/02/1999"
"$1.580,72","COP","29/01/1999","29/01/1999"
"$1.590,33","COP","28/01/1999","28/01/1999"
"$1.591,69","COP","27/01/1999","27/01/1999"
"$1.591,58","COP","26/01/1999","26/01/1999"
"$1.591,81","COP","23/01/1999","25/01/1999"
"$1.589,65","COP","22/01/1999","22/01/1999"
"$1.582,57","COP","21/01/1999","21/01/1999"
"$1.587,18","COP","20/01/1999","20/01/1999"
"$1.580,40","COP","19/01/1999","19/01/1999"
"$1.596,59","COP","16/01/1999","18/01/1999"
"$1.584,42","COP","15/01/1999","15/01/1999"
"$1.588,80","COP","14/01/1999","14/01/1999"
"$1.549,35","COP","13/01/1999","13/01/1999"
"$1.535,96","COP","09/01/1999","12/01/1999"
"$1.543,22","COP","08/01/1999","08/01/1999"
"$1.530,48","COP","07/01/1999","07/01/1999"
"$1.528,28","COP","06/01/1999","06/01/1999"
"$1.545,11","COP","05/01/1999","05/01/1999"
"$1.542,11","COP","01/01/1999","04/01/1999"
"$1.542,11","COP","31/12/1998","31/12/1998"
"$1.535,55","COP","30/12/1998","30/12/1998"
"$1.507,52","COP","29/12/1998","29/12/1998"
"$1.484,88","COP","25/12/1998","28/12/1998"
"$1.484,88","COP","24/12/1998","24/12/1998"
"$1.467,04","COP","23/12/1998","23/12/1998"
"$1.477,51","COP","22/12/1998","22/12/1998"
"$1.494,11","COP","19/12/1998","21/12/1998"
"$1.515,98","COP","18/12/1998","18/12/1998"
"$1.523,80","COP","17/12/1998","17/12/1998"
"$1.529,07","COP","16/12/1998","16/12/1998"
"$1.532,76","COP","15/12/1998","15/12/1998"
"$1.531,13","COP","12/12/1998","14/12/1998"
"$1.530,63","COP","11/12/1998","11/12/1998"
"$1.541,14","COP","10/12/1998","10/12/1998"
"$1.548,63","COP","08/12/1998","09/12/1998"
"$1.552,48","COP","05/12/1998","07/12/1998"
"$1.545,89","COP","04/12/1998","04/12/1998"
"$1.539,32","COP","03/12/1998","03/12/1998"
"$1.545,82","COP","02/12/1998","02/12/1998"
"$1.545,88","COP","01/12/1998","01/12/1998"
"$1.547,11","COP","28/11/1998","30/11/1998"
"$1.543,45","COP","27/11/1998","27/11/1998"
"$1.545,53","COP","26/11/1998","26/11/1998"
"$1.557,57","COP","25/11/1998","25/11/1998"
"$1.547,92","COP","24/11/1998","24/11/1998"
"$1.539,38","COP","21/11/1998","23/11/1998"
"$1.558,49","COP","20/11/1998","20/11/1998"
"$1.569,60","COP","19/11/1998","19/11/1998"
"$1.583,29","COP","18/11/1998","18/11/1998"
"$1.580,99","COP","14/11/1998","17/11/1998"
"$1.578,79","COP","13/11/1998","13/11/1998"
"$1.577,61","COP","12/11/1998","12/11/1998"
"$1.571,76","COP","11/11/1998","11/11/1998"
"$1.559,35","COP","10/11/1998","10/11/1998"
"$1.553,71","COP","07/11/1998","09/11/1998"
"$1.563,32","COP","06/11/1998","06/11/1998"
"$1.568,54","COP","05/11/1998","05/11/1998"
"$1.569,93","COP","04/11/1998","04/11/1998"
"$1.575,08","COP","31/10/1998","03/11/1998"
"$1.577,19","COP","30/10/1998","30/10/1998"
"$1.577,90","COP","29/10/1998","29/10/1998"
"$1.576,38","COP","28/10/1998","28/10/1998"
"$1.590,64","COP","27/10/1998","27/10/1998"
"$1.597,97","COP","24/10/1998","26/10/1998"
"$1.599,15","COP","23/10/1998","23/10/1998"
"$1.597,79","COP","22/10/1998","22/10/1998"
"$1.598,61","COP","21/10/1998","21/10/1998"
"$1.598,18","COP","20/10/1998","20/10/1998"
"$1.596,21","COP","17/10/1998","19/10/1998"
"$1.594,19","COP","16/10/1998","16/10/1998"
"$1.591,01","COP","15/10/1998","15/10/1998"
"$1.592,11","COP","14/10/1998","14/10/1998"
"$1.590,64","COP","10/10/1998","13/10/1998"
"$1.587,46","COP","09/10/1998","09/10/1998"
"$1.586,53","COP","08/10/1998","08/10/1998"
"$1.588,64","COP","07/10/1998","07/10/1998"
"$1.585,64","COP","06/10/1998","06/10/1998"
"$1.578,96","COP","03/10/1998","05/10/1998"
"$1.573,22","COP","02/10/1998","02/10/1998"
"$1.556,52","COP","01/10/1998","01/10/1998"
"$1.556,15","COP","30/09/1998","30/09/1998"
"$1.556,25","COP","29/09/1998","29/09/1998"
"$1.547,81","COP","26/09/1998","28/09/1998"
"$1.548,95","COP","25/09/1998","25/09/1998"
"$1.561,28","COP","24/09/1998","24/09/1998"
"$1.541,16","COP","23/09/1998","23/09/1998"
"$1.529,26","COP","22/09/1998","22/09/1998"
"$1.533,95","COP","19/09/1998","21/09/1998"
"$1.531,49","COP","18/09/1998","18/09/1998"
"$1.520,63","COP","17/09/1998","17/09/1998"
"$1.516,92","COP","16/09/1998","16/09/1998"
"$1.510,41","COP","15/09/1998","15/09/1998"
"$1.505,85","COP","12/09/1998","14/09/1998"
"$1.506,27","COP","11/09/1998","11/09/1998"
"$1.493,40","COP","10/09/1998","10/09/1998"
"$1.505,66","COP","09/09/1998","09/09/1998"
"$1.511,55","COP","08/09/1998","08/09/1998"
"$1.538,84","COP","05/09/1998","07/09/1998"
"$1.532,19","COP","04/09/1998","04/09/1998"
"$1.518,56","COP","03/09/1998","03/09/1998"
"$1.442,95","COP","02/09/1998","02/09/1998"
"$1.441,86","COP","01/09/1998","01/09/1998"
"$1.440,87","COP","29/08/1998","31/08/1998"
"$1.438,16","COP","28/08/1998","28/08/1998"
"$1.430,33","COP","27/08/1998","27/08/1998"
"$1.420,27","COP","26/08/1998","26/08/1998"
"$1.418,22","COP","25/08/1998","25/08/1998"
"$1.407,27","COP","22/08/1998","24/08/1998"
"$1.391,55","COP","21/08/1998","21/08/1998"
"$1.384,24","COP","20/08/1998","20/08/1998"
"$1.385,77","COP","19/08/1998","19/08/1998"
"$1.386,02","COP","15/08/1998","18/08/1998"
"$1.377,08","COP","14/08/1998","14/08/1998"
"$1.371,23","COP","13/08/1998","13/08/1998"
"$1.365,58","COP","12/08/1998","12/08/1998"
"$1.359,22","COP","11/08/1998","11/08/1998"
"$1.364,90","COP","07/08/1998","10/08/1998"
"$1.366,44","COP","06/08/1998","06/08/1998"
"$1.368,24","COP","05/08/1998","05/08/1998"
"$1.371,16","COP","04/08/1998","04/08/1998"
"$1.372,14","COP","01/08/1998","03/08/1998"
"$1.370,65","COP","31/07/1998","31/07/1998"
"$1.373,49","COP","30/07/1998","30/07/1998"
"$1.376,12","COP","29/07/1998","29/07/1998"
"$1.378,33","COP","28/07/1998","28/07/1998"
"$1.379,61","COP","25/07/1998","27/07/1998"
"$1.378,88","COP","24/07/1998","24/07/1998"
"$1.376,87","COP","23/07/1998","23/07/1998"
"$1.380,87","COP","22/07/1998","22/07/1998"
"$1.381,54","COP","18/07/1998","21/07/1998"
"$1.376,74","COP","17/07/1998","17/07/1998"
"$1.378,01","COP","16/07/1998","16/07/1998"
"$1.381,22","COP","15/07/1998","15/07/1998"
"$1.380,27","COP","14/07/1998","14/07/1998"
"$1.374,23","COP","11/07/1998","13/07/1998"
"$1.370,45","COP","10/07/1998","10/07/1998"
"$1.369,12","COP","09/07/1998","09/07/1998"
"$1.368,16","COP","08/07/1998","08/07/1998"
"$1.357,78","COP","07/07/1998","07/07/1998"
"$1.348,06","COP","04/07/1998","06/07/1998"
"$1.345,65","COP","03/07/1998","03/07/1998"
"$1.358,05","COP","02/07/1998","02/07/1998"
"$1.369,88","COP","01/07/1998","01/07/1998"
"$1.363,04","COP","27/06/1998","30/06/1998"
"$1.363,67","COP","26/06/1998","26/06/1998"
"$1.375,02","COP","25/06/1998","25/06/1998"
"$1.381,11","COP","24/06/1998","24/06/1998"
"$1.394,80","COP","20/06/1998","23/06/1998"
"$1.390,85","COP","19/06/1998","19/06/1998"
"$1.394,39","COP","18/06/1998","18/06/1998"
"$1.388,50","COP","17/06/1998","17/06/1998"
"$1.380,51","COP","13/06/1998","16/06/1998"
"$1.388,76","COP","12/06/1998","12/06/1998"
"$1.383,23","COP","11/06/1998","11/06/1998"
"$1.376,25","COP","10/06/1998","10/06/1998"
"$1.386,53","COP","09/06/1998","09/06/1998"
"$1.387,12","COP","06/06/1998","08/06/1998"
"$1.397,63","COP","05/06/1998","05/06/1998"
"$1.399,02","COP","04/06/1998","04/06/1998"
"$1.399,56","COP","03/06/1998","03/06/1998"
"$1.398,53","COP","02/06/1998","02/06/1998"
"$1.397,07","COP","30/05/1998","01/06/1998"
"$1.396,69","COP","29/05/1998","29/05/1998"
"$1.397,12","COP","28/05/1998","28/05/1998"
"$1.396,51","COP","27/05/1998","27/05/1998"
"$1.394,33","COP","23/05/1998","26/05/1998"
"$1.393,62","COP","22/05/1998","22/05/1998"
"$1.392,18","COP","21/05/1998","21/05/1998"
"$1.390,89","COP","20/05/1998","20/05/1998"
"$1.387,26","COP","19/05/1998","19/05/1998"
"$1.383,31","COP","16/05/1998","18/05/1998"
"$1.384,97","COP","15/05/1998","15/05/1998"
"$1.387,15","COP","14/05/1998","14/05/1998"
"$1.388,04","COP","13/05/1998","13/05/1998"
"$1.387,78","COP","12/05/1998","12/05/1998"
"$1.385,38","COP","09/05/1998","11/05/1998"
"$1.383,04","COP","08/05/1998","08/05/1998"
"$1.382,27","COP","07/05/1998","07/05/1998"
"$1.375,39","COP","06/05/1998","06/05/1998"
"$1.369,31","COP","05/05/1998","05/05/1998"
"$1.364,07","COP","01/05/1998","04/05/1998"
"$1.365,72","COP","30/04/1998","30/04/1998"
"$1.371,35","COP","29/04/1998","29/04/1998"
"$1.368,17","COP","28/04/1998","28/04/1998"
"$1.359,99","COP","25/04/1998","27/04/1998"
"$1.354,91","COP","24/04/1998","24/04/1998"
"$1.355,94","COP","23/04/1998","23/04/1998"
"$1.357,51","COP","22/04/1998","22/04/1998"
"$1.360,42","COP","21/04/1998","21/04/1998"
"$1.360,49","COP","18/04/1998","20/04/1998"
"$1.360,74","COP","17/04/1998","17/04/1998"
"$1.364,06","COP","16/04/1998","16/04/1998"
"$1.365,21","COP","15/04/1998","15/04/1998"
"$1.363,38","COP","14/04/1998","14/04/1998"
"$1.357,14","COP","09/04/1998","13/04/1998"
"$1.354,15","COP","08/04/1998","08/04/1998"
"$1.355,50","COP","07/04/1998","07/04/1998"
"$1.357,71","COP","04/04/1998","06/04/1998"
"$1.357,75","COP","03/04/1998","03/04/1998"
"$1.362,54","COP","02/04/1998","02/04/1998"
"$1.360,26","COP","01/04/1998","01/04/1998"
"$1.358,03","COP","31/03/1998","31/03/1998"
"$1.361,49","COP","28/03/1998","30/03/1998"
"$1.365,66","COP","27/03/1998","27/03/1998"
"$1.364,76","COP","26/03/1998","26/03/1998"
"$1.364,40","COP","25/03/1998","25/03/1998"
"$1.361,86","COP","21/03/1998","24/03/1998"
"$1.361,87","COP","20/03/1998","20/03/1998"
"$1.360,56","COP","19/03/1998","19/03/1998"
"$1.359,96","COP","18/03/1998","18/03/1998"
"$1.358,66","COP","17/03/1998","17/03/1998"
"$1.355,90","COP","14/03/1998","16/03/1998"
"$1.356,70","COP","13/03/1998","13/03/1998"
"$1.356,63","COP","12/03/1998","12/03/1998"
"$1.355,88","COP","11/03/1998","11/03/1998"
"$1.354,90","COP","10/03/1998","10/03/1998"
"$1.353,71","COP","07/03/1998","09/03/1998"
"$1.353,19","COP","06/03/1998","06/03/1998"
"$1.349,80","COP","05/03/1998","05/03/1998"
"$1.352,21","COP","04/03/1998","04/03/1998"
"$1.349,04","COP","03/03/1998","03/03/1998"
"$1.343,85","COP","28/02/1998","02/03/1998"
"$1.344,25","COP","27/02/1998","27/02/1998"
"$1.340,75","COP","26/02/1998","26/02/1998"
"$1.334,72","COP","25/02/1998","25/02/1998"
"$1.340,92","COP","24/02/1998","24/02/1998"
"$1.347,94","COP","21/02/1998","23/02/1998"
"$1.350,10","COP","20/02/1998","20/02/1998"
"$1.349,95","COP","19/02/1998","19/02/1998"
"$1.350,23","COP","18/02/1998","18/02/1998"
"$1.350,97","COP","17/02/1998","17/02/1998"
"$1.349,54","COP","14/02/1998","16/02/1998"
"$1.349,34","COP","13/02/1998","13/02/1998"
"$1.348,86","COP","12/02/1998","12/02/1998"
"$1.348,23","COP","11/02/1998","11/02/1998"
"$1.347,72","COP","10/02/1998","10/02/1998"
"$1.346,42","COP","07/02/1998","09/02/1998"
"$1.346,09","COP","06/02/1998","06/02/1998"
"$1.345,46","COP","05/02/1998","05/02/1998"
"$1.345,01","COP","04/02/1998","04/02/1998"
"$1.343,90","COP","03/02/1998","03/02/1998"
"$1.342,00","COP","31/01/1998","02/02/1998"
"$1.341,85","COP","30/01/1998","30/01/1998"
"$1.339,57","COP","29/01/1998","29/01/1998"
"$1.337,30","COP","28/01/1998","28/01/1998"
"$1.336,38","COP","27/01/1998","27/01/1998"
"$1.332,78","COP","24/01/1998","26/01/1998"
"$1.334,71","COP","23/01/1998","23/01/1998"
"$1.331,48","COP","22/01/1998","22/01/1998"
"$1.327,00","COP","21/01/1998","21/01/1998"
"$1.325,07","COP","20/01/1998","20/01/1998"
"$1.322,16","COP","17/01/1998","19/01/1998"
"$1.319,21","COP","16/01/1998","16/01/1998"
"$1.318,53","COP","15/01/1998","15/01/1998"
"$1.318,25","COP","14/01/1998","14/01/1998"
"$1.315,70","COP","10/01/1998","13/01/1998"
"$1.313,56","COP","09/01/1998","09/01/1998"
"$1.315,95","COP","08/01/1998","08/01/1998"
"$1.318,57","COP","07/01/1998","07/01/1998"
"$1.317,15","COP","06/01/1998","06/01/1998"
"$1.304,33","COP","03/01/1998","05/01/1998"
"$1.293,58","COP","31/12/1997","02/01/1998"
"$1.291,92","COP","30/12/1997","30/12/1997"
"$1.286,92","COP","27/12/1997","29/12/1997"
"$1.281,60","COP","24/12/1997","26/12/1997"
"$1.288,32","COP","23/12/1997","23/12/1997"
"$1.287,51","COP","20/12/1997","22/12/1997"
"$1.286,12","COP","19/12/1997","19/12/1997"
"$1.286,74","COP","18/12/1997","18/12/1997"
"$1.296,30","COP","17/12/1997","17/12/1997"
"$1.304,02","COP","16/12/1997","16/12/1997"
"$1.307,42","COP","13/12/1997","15/12/1997"
"$1.304,85","COP","12/12/1997","12/12/1997"
"$1.301,15","COP","11/12/1997","11/12/1997"
"$1.298,78","COP","10/12/1997","10/12/1997"
"$1.300,55","COP","06/12/1997","09/12/1997"
"$1.298,64","COP","05/12/1997","05/12/1997"
"$1.299,43","COP","04/12/1997","04/12/1997"
"$1.307,01","COP","03/12/1997","03/12/1997"
"$1.307,54","COP","02/12/1997","02/12/1997"
"$1.305,66","COP","29/11/1997","01/12/1997"
"$1.303,10","COP","28/11/1997","28/11/1997"
"$1.303,15","COP","27/11/1997","27/11/1997"
"$1.299,19","COP","26/11/1997","26/11/1997"
"$1.296,37","COP","25/11/1997","25/11/1997"
"$1.296,30","COP","22/11/1997","24/11/1997"
"$1.298,19","COP","21/11/1997","21/11/1997"
"$1.296,62","COP","20/11/1997","20/11/1997"
"$1.297,94","COP","19/11/1997","19/11/1997"
"$1.298,04","COP","15/11/1997","18/11/1997"
"$1.297,87","COP","14/11/1997","14/11/1997"
"$1.296,66","COP","13/11/1997","13/11/1997"
"$1.294,51","COP","12/11/1997","12/11/1997"
"$1.295,52","COP","11/11/1997","11/11/1997"
"$1.291,35","COP","08/11/1997","10/11/1997"
"$1.286,73","COP","07/11/1997","07/11/1997"
"$1.281,18","COP","06/11/1997","06/11/1997"
"$1.284,63","COP","05/11/1997","05/11/1997"
"$1.284,65","COP","01/11/1997","04/11/1997"
"$1.281,20","COP","31/10/1997","31/10/1997"
"$1.282,82","COP","30/10/1997","30/10/1997"
"$1.289,84","COP","29/10/1997","29/10/1997"
"$1.274,05","COP","28/10/1997","28/10/1997"
"$1.272,02","COP","25/10/1997","27/10/1997"
"$1.267,10","COP","24/10/1997","24/10/1997"
"$1.267,87","COP","23/10/1997","23/10/1997"
"$1.264,32","COP","22/10/1997","22/10/1997"
"$1.264,60","COP","21/10/1997","21/10/1997"
"$1.264,70","COP","18/10/1997","20/10/1997"
"$1.268,87","COP","17/10/1997","17/10/1997"
"$1.263,79","COP","16/10/1997","16/10/1997"
"$1.272,77","COP","15/10/1997","15/10/1997"
"$1.265,38","COP","11/10/1997","14/10/1997"
"$1.258,04","COP","10/10/1997","10/10/1997"
"$1.252,74","COP","09/10/1997","09/10/1997"
"$1.247,51","COP","08/10/1997","08/10/1997"
"$1.250,95","COP","07/10/1997","07/10/1997"
"$1.244,84","COP","04/10/1997","06/10/1997"
"$1.242,16","COP","03/10/1997","03/10/1997"
"$1.243,27","COP","02/10/1997","02/10/1997"
"$1.244,63","COP","01/10/1997","01/10/1997"
"$1.246,27","COP","30/09/1997","30/09/1997"
"$1.241,72","COP","27/09/1997","29/09/1997"
"$1.249,73","COP","26/09/1997","26/09/1997"
"$1.251,88","COP","25/09/1997","25/09/1997"
"$1.248,83","COP","24/09/1997","24/09/1997"
"$1.242,45","COP","23/09/1997","23/09/1997"
"$1.238,29","COP","20/09/1997","22/09/1997"
"$1.236,31","COP","19/09/1997","19/09/1997"
"$1.241,83","COP","18/09/1997","18/09/1997"
"$1.243,58","COP","17/09/1997","17/09/1997"
"$1.245,06","COP","16/09/1997","16/09/1997"
"$1.228,01","COP","13/09/1997","15/09/1997"
"$1.232,12","COP","12/09/1997","12/09/1997"
"$1.250,03","COP","11/09/1997","11/09/1997"
"$1.238,21","COP","10/09/1997","10/09/1997"
"$1.204,09","COP","09/09/1997","09/09/1997"
"$1.186,98","COP","06/09/1997","08/09/1997"
"$1.180,94","COP","05/09/1997","05/09/1997"
"$1.172,82","COP","04/09/1997","04/09/1997"
"$1.169,38","COP","03/09/1997","03/09/1997"
"$1.174,01","COP","02/09/1997","02/09/1997"
"$1.172,28","COP","30/08/1997","01/09/1997"
"$1.167,28","COP","29/08/1997","29/08/1997"
"$1.161,15","COP","28/08/1997","28/08/1997"
"$1.154,89","COP","27/08/1997","27/08/1997"
"$1.145,52","COP","26/08/1997","26/08/1997"
"$1.154,23","COP","23/08/1997","25/08/1997"
"$1.149,19","COP","22/08/1997","22/08/1997"
"$1.140,54","COP","21/08/1997","21/08/1997"
"$1.137,54","COP","20/08/1997","20/08/1997"
"$1.129,05","COP","16/08/1997","19/08/1997"
"$1.128,25","COP","15/08/1997","15/08/1997"
"$1.125,62","COP","14/08/1997","14/08/1997"
"$1.120,33","COP","13/08/1997","13/08/1997"
"$1.119,38","COP","12/08/1997","12/08/1997"
"$1.118,96","COP","09/08/1997","11/08/1997"
"$1.115,20","COP","07/08/1997","08/08/1997"
"$1.115,43","COP","06/08/1997","06/08/1997"
"$1.112,83","COP","05/08/1997","05/08/1997"
"$1.113,43","COP","02/08/1997","04/08/1997"
"$1.112,53","COP","01/08/1997","01/08/1997"
"$1.109,65","COP","31/07/1997","31/07/1997"
"$1.106,67","COP","30/07/1997","30/07/1997"
"$1.108,16","COP","29/07/1997","29/07/1997"
"$1.106,06","COP","26/07/1997","28/07/1997"
"$1.106,64","COP","25/07/1997","25/07/1997"
"$1.106,70","COP","24/07/1997","24/07/1997"
"$1.110,32","COP","23/07/1997","23/07/1997"
"$1.109,46","COP","22/07/1997","22/07/1997"
"$1.105,33","COP","19/07/1997","21/07/1997"
"$1.102,48","COP","18/07/1997","18/07/1997"
"$1.100,83","COP","17/07/1997","17/07/1997"
"$1.099,25","COP","16/07/1997","16/07/1997"
"$1.099,56","COP","15/07/1997","15/07/1997"
"$1.098,46","COP","12/07/1997","14/07/1997"
"$1.097,88","COP","11/07/1997","11/07/1997"
"$1.098,64","COP","10/07/1997","10/07/1997"
"$1.101,18","COP","09/07/1997","09/07/1997"
"$1.102,45","COP","08/07/1997","08/07/1997"
"$1.101,57","COP","05/07/1997","07/07/1997"
"$1.102,84","COP","04/07/1997","04/07/1997"
"$1.098,72","COP","03/07/1997","03/07/1997"
"$1.093,25","COP","02/07/1997","02/07/1997"
"$1.089,01","COP","28/06/1997","01/07/1997"
"$1.090,58","COP","27/06/1997","27/06/1997"
"$1.087,72","COP","26/06/1997","26/06/1997"
"$1.086,47","COP","25/06/1997","25/06/1997"
"$1.088,16","COP","24/06/1997","24/06/1997"
"$1.086,36","COP","21/06/1997","23/06/1997"
"$1.084,28","COP","20/06/1997","20/06/1997"
"$1.084,38","COP","19/06/1997","19/06/1997"
"$1.086,00","COP","18/06/1997","18/06/1997"
"$1.082,43","COP","17/06/1997","17/06/1997"
"$1.080,59","COP","14/06/1997","16/06/1997"
"$1.080,46","COP","13/06/1997","13/06/1997"
"$1.080,61","COP","12/06/1997","12/06/1997"
"$1.078,64","COP","11/06/1997","11/06/1997"
"$1.076,18","COP","07/06/1997","10/06/1997"
"$1.076,49","COP","06/06/1997","06/06/1997"
"$1.077,19","COP","05/06/1997","05/06/1997"
"$1.079,10","COP","04/06/1997","04/06/1997"
"$1.077,09","COP","31/05/1997","03/06/1997"
"$1.076,40","COP","30/05/1997","30/05/1997"
"$1.074,32","COP","29/05/1997","29/05/1997"
"$1.076,24","COP","28/05/1997","28/05/1997"
"$1.076,69","COP","27/05/1997","27/05/1997"
"$1.076,69","COP","24/05/1997","26/05/1997"
"$1.080,43","COP","23/05/1997","23/05/1997"
"$1.080,44","COP","22/05/1997","22/05/1997"
"$1.075,20","COP","21/05/1997","21/05/1997"
"$1.073,54","COP","20/05/1997","20/05/1997"
"$1.072,24","COP","17/05/1997","19/05/1997"
"$1.074,52","COP","16/05/1997","16/05/1997"
"$1.074,43","COP","15/05/1997","15/05/1997"
"$1.077,36","COP","14/05/1997","14/05/1997"
"$1.076,93","COP","10/05/1997","13/05/1997"
"$1.073,77","COP","09/05/1997","09/05/1997"
"$1.075,05","COP","08/05/1997","08/05/1997"
"$1.080,48","COP","07/05/1997","07/05/1997"
"$1.076,39","COP","06/05/1997","06/05/1997"
"$1.068,53","COP","03/05/1997","05/05/1997"
"$1.064,01","COP","01/05/1997","02/05/1997"
"$1.063,11","COP","30/04/1997","30/04/1997"
"$1.064,00","COP","29/04/1997","29/04/1997"
"$1.063,83","COP","26/04/1997","28/04/1997"
"$1.066,77","COP","25/04/1997","25/04/1997"
"$1.065,48","COP","24/04/1997","24/04/1997"
"$1.057,64","COP","23/04/1997","23/04/1997"
"$1.054,94","COP","22/04/1997","22/04/1997"
"$1.051,43","COP","19/04/1997","21/04/1997"
"$1.054,35","COP","18/04/1997","18/04/1997"
"$1.056,91","COP","17/04/1997","17/04/1997"
"$1.058,97","COP","16/04/1997","16/04/1997"
"$1.058,73","COP","15/04/1997","15/04/1997"
"$1.058,76","COP","12/04/1997","14/04/1997"
"$1.060,71","COP","11/04/1997","11/04/1997"
"$1.062,78","COP","10/04/1997","10/04/1997"
"$1.062,67","COP","09/04/1997","09/04/1997"
"$1.063,30","COP","08/04/1997","08/04/1997"
"$1.062,58","COP","05/04/1997","07/04/1997"
"$1.062,46","COP","04/04/1997","04/04/1997"
"$1.061,95","COP","03/04/1997","03/04/1997"
"$1.061,98","COP","02/04/1997","02/04/1997"
"$1.060,93","COP","01/04/1997","01/04/1997"
"$1.059,88","COP","27/03/1997","31/03/1997"
"$1.059,53","COP","26/03/1997","26/03/1997"
"$1.060,03","COP","22/03/1997","25/03/1997"
"$1.060,66","COP","21/03/1997","21/03/1997"
"$1.060,31","COP","20/03/1997","20/03/1997"
"$1.058,61","COP","19/03/1997","19/03/1997"
"$1.059,87","COP","18/03/1997","18/03/1997"
"$1.060,86","COP","15/03/1997","17/03/1997"
"$1.060,35","COP","14/03/1997","14/03/1997"
"$1.063,33","COP","13/03/1997","13/03/1997"
"$1.062,73","COP","12/03/1997","12/03/1997"
"$1.056,92","COP","11/03/1997","11/03/1997"
"$1.054,05","COP","08/03/1997","10/03/1997"
"$1.057,58","COP","07/03/1997","07/03/1997"
"$1.063,44","COP","06/03/1997","06/03/1997"
"$1.067,77","COP","05/03/1997","05/03/1997"
"$1.075,86","COP","04/03/1997","04/03/1997"
"$1.077,07","COP","01/03/1997","03/03/1997"
"$1.080,51","COP","28/02/1997","28/02/1997"
"$1.080,93","COP","27/02/1997","27/02/1997"
"$1.084,09","COP","26/02/1997","26/02/1997"
"$1.078,23","COP","25/02/1997","25/02/1997"
"$1.073,42","COP","22/02/1997","24/02/1997"
"$1.074,10","COP","21/02/1997","21/02/1997"
"$1.074,50","COP","20/02/1997","20/02/1997"
"$1.075,11","COP","19/02/1997","19/02/1997"
"$1.076,04","COP","18/02/1997","18/02/1997"
"$1.075,00","COP","15/02/1997","17/02/1997"
"$1.073,36","COP","14/02/1997","14/02/1997"
"$1.075,51","COP","13/02/1997","13/02/1997"
"$1.075,17","COP","12/02/1997","12/02/1997"
"$1.074,25","COP","11/02/1997","11/02/1997"
"$1.066,44","COP","08/02/1997","10/02/1997"
"$1.070,08","COP","07/02/1997","07/02/1997"
"$1.071,88","COP","06/02/1997","06/02/1997"
"$1.076,25","COP","05/02/1997","05/02/1997"
"$1.065,98","COP","04/02/1997","04/02/1997"
"$1.064,00","COP","01/02/1997","03/02/1997"
"$1.070,97","COP","31/01/1997","31/01/1997"
"$1.057,82","COP","30/01/1997","30/01/1997"
"$1.057,00","COP","29/01/1997","29/01/1997"
"$1.040,07","COP","28/01/1997","28/01/1997"
"$1.032,62","COP","25/01/1997","27/01/1997"
"$1.031,51","COP","24/01/1997","24/01/1997"
"$1.031,02","COP","23/01/1997","23/01/1997"
"$1.023,67","COP","22/01/1997","22/01/1997"
"$1.022,75","COP","21/01/1997","21/01/1997"
"$1.020,90","COP","18/01/1997","20/01/1997"
"$1.018,15","COP","17/01/1997","17/01/1997"
"$1.023,47","COP","16/01/1997","16/01/1997"
"$1.026,53","COP","15/01/1997","15/01/1997"
"$1.015,53","COP","14/01/1997","14/01/1997"
"$1.011,01","COP","11/01/1997","13/01/1997"
"$1.013,68","COP","10/01/1997","10/01/1997"
"$1.020,16","COP","09/01/1997","09/01/1997"
"$1.022,00","COP","08/01/1997","08/01/1997"
"$1.016,81","COP","04/01/1997","07/01/1997"
"$1.007,33","COP","03/01/1997","03/01/1997"
"$1.005,33","COP","31/12/1996","02/01/1997"
"$1.005,40","COP","28/12/1996","30/12/1996"
"$1.003,49","COP","27/12/1996","27/12/1996"
"$1.002,51","COP","24/12/1996","26/12/1996"
"$1.003,15","COP","21/12/1996","23/12/1996"
"$1.001,10","COP","20/12/1996","20/12/1996"
"$1.001,18","COP","19/12/1996","19/12/1996"
"$1.000,40","COP","18/12/1996","18/12/1996"
"$1.001,58","COP","17/12/1996","17/12/1996"
"$1.002,95","COP","14/12/1996","16/12/1996"
"$999,47","COP","13/12/1996","13/12/1996"
"$998,31","COP","12/12/1996","12/12/1996"
"$998,17","COP","11/12/1996","11/12/1996"
"$997,99","COP","10/12/1996","10/12/1996"
"$1.001,82","COP","07/12/1996","09/12/1996"
"$997,48","COP","06/12/1996","06/12/1996"
"$997,40","COP","05/12/1996","05/12/1996"
"$995,73","COP","04/12/1996","04/12/1996"
"$1.000,09","COP","03/12/1996","03/12/1996"
"$1.002,28","COP","30/11/1996","02/12/1996"
"$994,94","COP","29/11/1996","29/11/1996"
"$995,93","COP","28/11/1996","28/11/1996"
"$995,05","COP","27/11/1996","27/11/1996"
"$995,05","COP","26/11/1996","26/11/1996"
"$995,34","COP","23/11/1996","25/11/1996"
"$994,37","COP","22/11/1996","22/11/1996"
"$995,20","COP","21/11/1996","21/11/1996"
"$994,02","COP","20/11/1996","20/11/1996"
"$995,96","COP","19/11/1996","19/11/1996"
"$999,68","COP","16/11/1996","18/11/1996"
"$1.001,68","COP","15/11/1996","15/11/1996"
"$997,38","COP","14/11/1996","14/11/1996"
"$1.000,22","COP","13/11/1996","13/11/1996"
"$1.001,24","COP","09/11/1996","12/11/1996"
"$999,59","COP","08/11/1996","08/11/1996"
"$1.003,75","COP","07/11/1996","07/11/1996"
"$1.006,36","COP","06/11/1996","06/11/1996"
"$999,49","COP","02/11/1996","05/11/1996"
"$1.000,14","COP","01/11/1996","01/11/1996"
"$1.005,83","COP","31/10/1996","31/10/1996"
"$1.007,57","COP","30/10/1996","30/10/1996"
"$1.012,43","COP","29/10/1996","29/10/1996"
"$1.011,69","COP","26/10/1996","28/10/1996"
"$1.015,49","COP","25/10/1996","25/10/1996"
"$1.017,52","COP","24/10/1996","24/10/1996"
"$1.018,04","COP","23/10/1996","23/10/1996"
"$1.018,33","COP","22/10/1996","22/10/1996"
"$1.016,87","COP","19/10/1996","21/10/1996"
"$1.015,24","COP","18/10/1996","18/10/1996"
"$1.018,50","COP","17/10/1996","17/10/1996"
"$1.019,22","COP","16/10/1996","16/10/1996"
"$1.015,07","COP","12/10/1996","15/10/1996"
"$1.013,12","COP","11/10/1996","11/10/1996"
"$1.012,27","COP","10/10/1996","10/10/1996"
"$1.010,32","COP","09/10/1996","09/10/1996"
"$1.012,56","COP","08/10/1996","08/10/1996"
"$1.014,99","COP","05/10/1996","07/10/1996"
"$1.015,24","COP","04/10/1996","04/10/1996"
"$1.019,17","COP","03/10/1996","03/10/1996"
"$1.030,54","COP","02/10/1996","02/10/1996"
"$1.027,08","COP","01/10/1996","01/10/1996"
"$1.025,06","COP","28/09/1996","30/09/1996"
"$1.027,68","COP","27/09/1996","27/09/1996"
"$1.030,25","COP","26/09/1996","26/09/1996"
"$1.040,36","COP","25/09/1996","25/09/1996"
"$1.038,09","COP","24/09/1996","24/09/1996"
"$1.037,11","COP","21/09/1996","23/09/1996"
"$1.037,10","COP","20/09/1996","20/09/1996"
"$1.035,94","COP","19/09/1996","19/09/1996"
"$1.038,90","COP","18/09/1996","18/09/1996"
"$1.042,80","COP","17/09/1996","17/09/1996"
"$1.043,89","COP","14/09/1996","16/09/1996"
"$1.047,66","COP","13/09/1996","13/09/1996"
"$1.047,26","COP","12/09/1996","12/09/1996"
"$1.051,64","COP","11/09/1996","11/09/1996"
"$1.047,95","COP","10/09/1996","10/09/1996"
"$1.045,87","COP","07/09/1996","09/09/1996"
"$1.043,93","COP","06/09/1996","06/09/1996"
"$1.044,09","COP","05/09/1996","05/09/1996"
"$1.045,27","COP","04/09/1996","04/09/1996"
"$1.044,38","COP","03/09/1996","03/09/1996"
"$1.042,32","COP","31/08/1996","02/09/1996"
"$1.045,02","COP","30/08/1996","30/08/1996"
"$1.046,70","COP","29/08/1996","29/08/1996"
"$1.044,54","COP","28/08/1996","28/08/1996"
"$1.041,64","COP","27/08/1996","27/08/1996"
"$1.037,10","COP","24/08/1996","26/08/1996"
"$1.040,15","COP","23/08/1996","23/08/1996"
"$1.037,43","COP","22/08/1996","22/08/1996"
"$1.044,54","COP","21/08/1996","21/08/1996"
"$1.047,90","COP","17/08/1996","20/08/1996"
"$1.051,82","COP","16/08/1996","16/08/1996"
"$1.041,76","COP","15/08/1996","15/08/1996"
"$1.029,46","COP","14/08/1996","14/08/1996"
"$1.035,79","COP","13/08/1996","13/08/1996"
"$1.040,68","COP","10/08/1996","12/08/1996"
"$1.044,90","COP","09/08/1996","09/08/1996"
"$1.049,37","COP","07/08/1996","08/08/1996"
"$1.051,61","COP","06/08/1996","06/08/1996"
"$1.054,10","COP","03/08/1996","05/08/1996"
"$1.054,87","COP","02/08/1996","02/08/1996"
"$1.057,47","COP","01/08/1996","01/08/1996"
"$1.056,74","COP","31/07/1996","31/07/1996"
"$1.059,18","COP","30/07/1996","30/07/1996"
"$1.061,48","COP","27/07/1996","29/07/1996"
"$1.061,03","COP","26/07/1996","26/07/1996"
"$1.061,46","COP","25/07/1996","25/07/1996"
"$1.064,56","COP","24/07/1996","24/07/1996"
"$1.063,53","COP","23/07/1996","23/07/1996"
"$1.061,02","COP","20/07/1996","22/07/1996"
"$1.058,92","COP","19/07/1996","19/07/1996"
"$1.062,86","COP","18/07/1996","18/07/1996"
"$1.064,82","COP","17/07/1996","17/07/1996"
"$1.065,58","COP","16/07/1996","16/07/1996"
"$1.061,99","COP","13/07/1996","15/07/1996"
"$1.061,79","COP","12/07/1996","12/07/1996"
"$1.065,65","COP","11/07/1996","11/07/1996"
"$1.067,97","COP","10/07/1996","10/07/1996"
"$1.068,17","COP","09/07/1996","09/07/1996"
"$1.067,35","COP","06/07/1996","08/07/1996"
"$1.068,30","COP","05/07/1996","05/07/1996"
"$1.068,12","COP","04/07/1996","04/07/1996"
"$1.070,55","COP","03/07/1996","03/07/1996"
"$1.069,11","COP","29/06/1996","02/07/1996"
"$1.069,73","COP","28/06/1996","28/06/1996"
"$1.072,37","COP","27/06/1996","27/06/1996"
"$1.069,81","COP","26/06/1996","26/06/1996"
"$1.070,25","COP","25/06/1996","25/06/1996"
"$1.068,20","COP","22/06/1996","24/06/1996"
"$1.070,86","COP","21/06/1996","21/06/1996"
"$1.070,94","COP","20/06/1996","20/06/1996"
"$1.072,74","COP","19/06/1996","19/06/1996"
"$1.071,35","COP","15/06/1996","18/06/1996"
"$1.072,34","COP","14/06/1996","14/06/1996"
"$1.070,80","COP","13/06/1996","13/06/1996"
"$1.073,65","COP","12/06/1996","12/06/1996"
"$1.073,06","COP","08/06/1996","11/06/1996"
"$1.072,95","COP","07/06/1996","07/06/1996"
"$1.074,27","COP","06/06/1996","06/06/1996"
"$1.074,72","COP","05/06/1996","05/06/1996"
"$1.074,70","COP","04/06/1996","04/06/1996"
"$1.072,59","COP","01/06/1996","03/06/1996"
"$1.073,06","COP","31/05/1996","31/05/1996"
"$1.072,24","COP","30/05/1996","30/05/1996"
"$1.071,19","COP","29/05/1996","29/05/1996"
"$1.069,80","COP","28/05/1996","28/05/1996"
"$1.068,94","COP","25/05/1996","27/05/1996"
"$1.069,47","COP","24/05/1996","24/05/1996"
"$1.068,91","COP","23/05/1996","23/05/1996"
"$1.068,18","COP","22/05/1996","22/05/1996"
"$1.066,47","COP","18/05/1996","21/05/1996"
"$1.065,88","COP","17/05/1996","17/05/1996"
"$1.066,61","COP","16/05/1996","16/05/1996"
"$1.066,24","COP","15/05/1996","15/05/1996"
"$1.065,78","COP","14/05/1996","14/05/1996"
"$1.062,08","COP","11/05/1996","13/05/1996"
"$1.061,10","COP","10/05/1996","10/05/1996"
"$1.061,63","COP","09/05/1996","09/05/1996"
"$1.063,53","COP","08/05/1996","08/05/1996"
"$1.063,41","COP","07/05/1996","07/05/1996"
"$1.062,40","COP","04/05/1996","06/05/1996"
"$1.062,56","COP","03/05/1996","03/05/1996"
"$1.061,55","COP","01/05/1996","02/05/1996"
"$1.058,90","COP","30/04/1996","30/04/1996"
"$1.054,80","COP","27/04/1996","29/04/1996"
"$1.054,29","COP","26/04/1996","26/04/1996"
"$1.054,53","COP","25/04/1996","25/04/1996"
"$1.055,31","COP","24/04/1996","24/04/1996"
"$1.054,43","COP","23/04/1996","23/04/1996"
"$1.053,59","COP","20/04/1996","22/04/1996"
"$1.052,90","COP","19/04/1996","19/04/1996"
"$1.054,03","COP","18/04/1996","18/04/1996"
"$1.054,41","COP","17/04/1996","17/04/1996"
"$1.050,73","COP","16/04/1996","16/04/1996"
"$1.048,89","COP","13/04/1996","15/04/1996"
"$1.047,48","COP","12/04/1996","12/04/1996"
"$1.046,55","COP","11/04/1996","11/04/1996"
"$1.047,35","COP","10/04/1996","10/04/1996"
"$1.050,12","COP","09/04/1996","09/04/1996"
"$1.046,92","COP","04/04/1996","08/04/1996"
"$1.045,23","COP","03/04/1996","03/04/1996"
"$1.042,20","COP","02/04/1996","02/04/1996"
"$1.046,00","COP","30/03/1996","01/04/1996"
"$1.048,42","COP","29/03/1996","29/03/1996"
"$1.049,22","COP","28/03/1996","28/03/1996"
"$1.049,08","COP","27/03/1996","27/03/1996"
"$1.048,00","COP","26/03/1996","26/03/1996"
"$1.048,00","COP","23/03/1996","25/03/1996"
"$1.048,40","COP","22/03/1996","22/03/1996"
"$1.047,65","COP","21/03/1996","21/03/1996"
"$1.047,24","COP","20/03/1996","20/03/1996"
"$1.046,76","COP","19/03/1996","19/03/1996"
"$1.046,09","COP","16/03/1996","18/03/1996"
"$1.045,44","COP","15/03/1996","15/03/1996"
"$1.044,99","COP","14/03/1996","14/03/1996"
"$1.044,07","COP","13/03/1996","13/03/1996"
"$1.043,50","COP","12/03/1996","12/03/1996"
"$1.042,42","COP","09/03/1996","11/03/1996"
"$1.042,61","COP","08/03/1996","08/03/1996"
"$1.042,03","COP","07/03/1996","07/03/1996"
"$1.041,83","COP","06/03/1996","06/03/1996"
"$1.041,28","COP","05/03/1996","05/03/1996"
"$1.040,70","COP","02/03/1996","04/03/1996"
"$1.039,90","COP","01/03/1996","01/03/1996"
"$1.039,81","COP","29/02/1996","29/02/1996"
"$1.039,06","COP","28/02/1996","28/02/1996"
"$1.038,49","COP","27/02/1996","27/02/1996"
"$1.036,71","COP","24/02/1996","26/02/1996"
"$1.035,04","COP","23/02/1996","23/02/1996"
"$1.035,43","COP","22/02/1996","22/02/1996"
"$1.034,34","COP","21/02/1996","21/02/1996"
"$1.033,41","COP","20/02/1996","20/02/1996"
"$1.029,50","COP","17/02/1996","19/02/1996"
"$1.030,67","COP","16/02/1996","16/02/1996"
"$1.027,57","COP","15/02/1996","15/02/1996"
"$1.028,58","COP","14/02/1996","14/02/1996"
"$1.027,54","COP","13/02/1996","13/02/1996"
"$1.023,07","COP","10/02/1996","12/02/1996"
"$1.024,17","COP","09/02/1996","09/02/1996"
"$1.022,28","COP","08/02/1996","08/02/1996"
"$1.021,30","COP","07/02/1996","07/02/1996"
"$1.022,93","COP","06/02/1996","06/02/1996"
"$1.021,29","COP","03/02/1996","05/02/1996"
"$1.024,89","COP","02/02/1996","02/02/1996"
"$1.026,30","COP","01/02/1996","01/02/1996"
"$1.028,14","COP","31/01/1996","31/01/1996"
"$1.027,61","COP","30/01/1996","30/01/1996"
"$1.026,89","COP","27/01/1996","29/01/1996"
"$1.026,78","COP","26/01/1996","26/01/1996"
"$1.026,08","COP","25/01/1996","25/01/1996"
"$1.024,89","COP","24/01/1996","24/01/1996"
"$1.019,17","COP","23/01/1996","23/01/1996"
"$1.018,99","COP","20/01/1996","22/01/1996"
"$1.015,10","COP","19/01/1996","19/01/1996"
"$1.010,34","COP","18/01/1996","18/01/1996"
"$1.011,72","COP","17/01/1996","17/01/1996"
"$1.011,59","COP","16/01/1996","16/01/1996"
"$1.005,63","COP","13/01/1996","15/01/1996"
"$1.002,59","COP","12/01/1996","12/01/1996"
"$1.003,86","COP","11/01/1996","11/01/1996"
"$1.003,44","COP","10/01/1996","10/01/1996"
"$997,06","COP","09/01/1996","09/01/1996"
"$997,06","COP","06/01/1996","08/01/1996"
"$998,68","COP","05/01/1996","05/01/1996"
"$994,50","COP","04/01/1996","04/01/1996"
"$994,31","COP","03/01/1996","03/01/1996"
"$987,65","COP","30/12/1995","02/01/1996"
"$987,65","COP","29/12/1995","29/12/1995"
"$986,96","COP","28/12/1995","28/12/1995"
"$990,10","COP","27/12/1995","27/12/1995"
"$984,96","COP","23/12/1995","26/12/1995"
"$984,06","COP","22/12/1995","22/12/1995"
"$985,39","COP","21/12/1995","21/12/1995"
"$987,22","COP","20/12/1995","20/12/1995"
"$986,71","COP","19/12/1995","19/12/1995"
"$988,94","COP","16/12/1995","18/12/1995"
"$992,88","COP","15/12/1995","15/12/1995"
"$994,57","COP","14/12/1995","14/12/1995"
"$986,17","COP","13/12/1995","13/12/1995"
"$979,87","COP","12/12/1995","12/12/1995"
"$974,04","COP","08/12/1995","11/12/1995"
"$983,29","COP","07/12/1995","07/12/1995"
"$990,16","COP","06/12/1995","06/12/1995"
"$995,93","COP","05/12/1995","05/12/1995"
"$997,87","COP","02/12/1995","04/12/1995"
"$998,15","COP","01/12/1995","01/12/1995"
"$998,16","COP","30/11/1995","30/11/1995"
"$1.001,73","COP","29/11/1995","29/11/1995"
"$1.003,24","COP","28/11/1995","28/11/1995"
"$1.000,69","COP","25/11/1995","27/11/1995"
"$1.001,23","COP","24/11/1995","24/11/1995"
"$1.002,49","COP","23/11/1995","23/11/1995"
"$1.003,47","COP","22/11/1995","22/11/1995"
"$1.003,44","COP","21/11/1995","21/11/1995"
"$1.002,63","COP","18/11/1995","20/11/1995"
"$1.002,25","COP","17/11/1995","17/11/1995"
"$1.001,62","COP","16/11/1995","16/11/1995"
"$1.001,14","COP","15/11/1995","15/11/1995"
"$999,77","COP","14/11/1995","14/11/1995"
"$999,77","COP","11/11/1995","13/11/1995"
"$1.000,13","COP","10/11/1995","10/11/1995"
"$999,73","COP","09/11/1995","09/11/1995"
"$999,51","COP","08/11/1995","08/11/1995"
"$998,49","COP","07/11/1995","07/11/1995"
"$998,49","COP","04/11/1995","06/11/1995"
"$998,18","COP","03/11/1995","03/11/1995"
"$996,96","COP","02/11/1995","02/11/1995"
"$996,76","COP","01/11/1995","01/11/1995"
"$994,50","COP","31/10/1995","31/10/1995"
"$994,99","COP","28/10/1995","30/10/1995"
"$995,01","COP","27/10/1995","27/10/1995"
"$994,77","COP","26/10/1995","26/10/1995"
"$993,68","COP","25/10/1995","25/10/1995"
"$991,98","COP","24/10/1995","24/10/1995"
"$988,96","COP","21/10/1995","23/10/1995"
"$991,52","COP","20/10/1995","20/10/1995"
"$991,22","COP","19/10/1995","19/10/1995"
"$990,52","COP","18/10/1995","18/10/1995"
"$987,00","COP","17/10/1995","17/10/1995"
"$987,00","COP","14/10/1995","16/10/1995"
"$984,88","COP","13/10/1995","13/10/1995"
"$981,26","COP","12/10/1995","12/10/1995"
"$981,45","COP","11/10/1995","11/10/1995"
"$982,84","COP","10/10/1995","10/10/1995"
"$979,16","COP","07/10/1995","09/10/1995"
"$972,93","COP","06/10/1995","06/10/1995"
"$972,75","COP","05/10/1995","05/10/1995"
"$976,76","COP","04/10/1995","04/10/1995"
"$971,22","COP","03/10/1995","03/10/1995"
"$966,78","COP","30/09/1995","02/10/1995"
"$972,80","COP","29/09/1995","29/09/1995"
"$981,09","COP","28/09/1995","28/09/1995"
"$980,54","COP","27/09/1995","27/09/1995"
"$977,35","COP","26/09/1995","26/09/1995"
"$975,90","COP","23/09/1995","25/09/1995"
"$974,23","COP","22/09/1995","22/09/1995"
"$974,88","COP","21/09/1995","21/09/1995"
"$970,08","COP","20/09/1995","20/09/1995"
"$962,50","COP","19/09/1995","19/09/1995"
"$960,91","COP","16/09/1995","18/09/1995"
"$960,25","COP","15/09/1995","15/09/1995"
"$959,15","COP","14/09/1995","14/09/1995"
"$959,18","COP","13/09/1995","13/09/1995"
"$958,59","COP","12/09/1995","12/09/1995"
"$958,31","COP","09/09/1995","11/09/1995"
"$954,64","COP","08/09/1995","08/09/1995"
"$953,63","COP","07/09/1995","07/09/1995"
"$958,46","COP","06/09/1995","06/09/1995"
"$957,54","COP","05/09/1995","05/09/1995"
"$948,23","COP","02/09/1995","04/09/1995"
"$949,35","COP","01/09/1995","01/09/1995"
"$960,19","COP","31/08/1995","31/08/1995"
"$963,93","COP","30/08/1995","30/08/1995"
"$972,03","COP","29/08/1995","29/08/1995"
"$970,65","COP","26/08/1995","28/08/1995"
"$962,60","COP","25/08/1995","25/08/1995"
"$955,12","COP","24/08/1995","24/08/1995"
"$949,51","COP","23/08/1995","23/08/1995"
"$946,83","COP","22/08/1995","22/08/1995"
"$946,83","COP","19/08/1995","21/08/1995"
"$947,22","COP","18/08/1995","18/08/1995"
"$944,55","COP","17/08/1995","17/08/1995"
"$928,25","COP","16/08/1995","16/08/1995"
"$922,21","COP","15/08/1995","15/08/1995"
"$919,13","COP","12/08/1995","14/08/1995"
"$917,13","COP","11/08/1995","11/08/1995"
"$919,32","COP","10/08/1995","10/08/1995"
"$920,10","COP","09/08/1995","09/08/1995"
"$916,14","COP","08/08/1995","08/08/1995"
"$916,14","COP","05/08/1995","07/08/1995"
"$917,53","COP","04/08/1995","04/08/1995"
"$905,53","COP","03/08/1995","03/08/1995"
"$900,78","COP","02/08/1995","02/08/1995"
"$898,35","COP","01/08/1995","01/08/1995"
"$897,63","COP","29/07/1995","31/07/1995"
"$895,56","COP","28/07/1995","28/07/1995"
"$897,77","COP","27/07/1995","27/07/1995"
"$897,32","COP","26/07/1995","26/07/1995"
"$896,68","COP","25/07/1995","25/07/1995"
"$894,98","COP","22/07/1995","24/07/1995"
"$894,50","COP","21/07/1995","21/07/1995"
"$894,50","COP","20/07/1995","20/07/1995"
"$894,03","COP","19/07/1995","19/07/1995"
"$891,76","COP","18/07/1995","18/07/1995"
"$893,36","COP","15/07/1995","17/07/1995"
"$892,82","COP","14/07/1995","14/07/1995"
"$895,84","COP","13/07/1995","13/07/1995"
"$897,51","COP","12/07/1995","12/07/1995"
"$897,12","COP","11/07/1995","11/07/1995"
"$891,44","COP","08/07/1995","10/07/1995"
"$891,28","COP","07/07/1995","07/07/1995"
"$887,30","COP","06/07/1995","06/07/1995"
"$883,81","COP","05/07/1995","05/07/1995"
"$880,49","COP","04/07/1995","04/07/1995"
"$880,49","COP","01/07/1995","03/07/1995"
"$881,23","COP","30/06/1995","30/06/1995"
"$878,80","COP","29/06/1995","29/06/1995"
"$875,95","COP","28/06/1995","28/06/1995"
"$873,64","COP","27/06/1995","27/06/1995"
"$873,64","COP","24/06/1995","26/06/1995"
"$874,81","COP","23/06/1995","23/06/1995"
"$875,32","COP","22/06/1995","22/06/1995"
"$875,59","COP","21/06/1995","21/06/1995"
"$873,91","COP","20/06/1995","20/06/1995"
"$873,91","COP","17/06/1995","19/06/1995"
"$872,54","COP","16/06/1995","16/06/1995"
"$873,78","COP","15/06/1995","15/06/1995"
"$875,28","COP","14/06/1995","14/06/1995"
"$873,74","COP","13/06/1995","13/06/1995"
"$871,94","COP","10/06/1995","12/06/1995"
"$871,93","COP","09/06/1995","09/06/1995"
"$871,02","COP","08/06/1995","08/06/1995"
"$873,06","COP","07/06/1995","07/06/1995"
"$874,81","COP","06/06/1995","06/06/1995"
"$875,99","COP","03/06/1995","05/06/1995"
"$877,22","COP","02/06/1995","02/06/1995"
"$876,62","COP","01/06/1995","01/06/1995"
"$876,36","COP","31/05/1995","31/05/1995"
"$872,66","COP","30/05/1995","30/05/1995"
"$872,66","COP","27/05/1995","29/05/1995"
"$872,96","COP","26/05/1995","26/05/1995"
"$870,55","COP","25/05/1995","25/05/1995"
"$869,95","COP","24/05/1995","24/05/1995"
"$871,11","COP","23/05/1995","23/05/1995"
"$873,52","COP","20/05/1995","22/05/1995"
"$875,75","COP","19/05/1995","19/05/1995"
"$874,74","COP","18/05/1995","18/05/1995"
"$875,17","COP","17/05/1995","17/05/1995"
"$877,45","COP","16/05/1995","16/05/1995"
"$879,35","COP","13/05/1995","15/05/1995"
"$881,07","COP","12/05/1995","12/05/1995"
"$880,25","COP","11/05/1995","11/05/1995"
"$878,87","COP","10/05/1995","10/05/1995"
"$881,33","COP","09/05/1995","09/05/1995"
"$881,07","COP","06/05/1995","08/05/1995"
"$882,24","COP","05/05/1995","05/05/1995"
"$882,97","COP","04/05/1995","04/05/1995"
"$880,63","COP","03/05/1995","03/05/1995"
"$877,90","COP","02/05/1995","02/05/1995"
"$877,90","COP","29/04/1995","01/05/1995"
"$876,21","COP","28/04/1995","28/04/1995"
"$875,78","COP","27/04/1995","27/04/1995"
"$876,32","COP","26/04/1995","26/04/1995"
"$878,20","COP","25/04/1995","25/04/1995"
"$876,55","COP","22/04/1995","24/04/1995"
"$877,38","COP","21/04/1995","21/04/1995"
"$874,35","COP","20/04/1995","20/04/1995"
"$874,37","COP","19/04/1995","19/04/1995"
"$871,87","COP","18/04/1995","18/04/1995"
"$866,25","COP","15/04/1995","17/04/1995"
"$866,25","COP","14/04/1995","14/04/1995"
"$866,25","COP","13/04/1995","13/04/1995"
"$868,80","COP","12/04/1995","12/04/1995"
"$866,78","COP","11/04/1995","11/04/1995"
"$869,15","COP","08/04/1995","10/04/1995"
"$868,96","COP","07/04/1995","07/04/1995"
"$871,60","COP","06/04/1995","06/04/1995"
"$874,30","COP","05/04/1995","05/04/1995"
"$876,00","COP","04/04/1995","04/04/1995"
"$878,18","COP","01/04/1995","03/04/1995"
"$880,23","COP","31/03/1995","31/03/1995"
"$876,21","COP","30/03/1995","30/03/1995"
"$872,57","COP","29/03/1995","29/03/1995"
"$870,14","COP","28/03/1995","28/03/1995"
"$869,22","COP","25/03/1995","27/03/1995"
"$868,95","COP","24/03/1995","24/03/1995"
"$867,81","COP","23/03/1995","23/03/1995"
"$865,89","COP","22/03/1995","22/03/1995"
"$863,77","COP","21/03/1995","21/03/1995"
"$863,77","COP","18/03/1995","20/03/1995"
"$865,63","COP","17/03/1995","17/03/1995"
"$866,40","COP","16/03/1995","16/03/1995"
"$866,96","COP","15/03/1995","15/03/1995"
"$865,92","COP","14/03/1995","14/03/1995"
"$865,36","COP","11/03/1995","13/03/1995"
"$863,06","COP","10/03/1995","10/03/1995"
"$862,41","COP","09/03/1995","09/03/1995"
"$861,13","COP","08/03/1995","08/03/1995"
"$858,95","COP","07/03/1995","07/03/1995"
"$859,65","COP","04/03/1995","06/03/1995"
"$861,33","COP","03/03/1995","03/03/1995"
"$858,87","COP","02/03/1995","02/03/1995"
"$857,85","COP","01/03/1995","01/03/1995"
"$856,99","COP","28/02/1995","28/02/1995"
"$854,71","COP","25/02/1995","27/02/1995"
"$855,48","COP","24/02/1995","24/02/1995"
"$855,32","COP","23/02/1995","23/02/1995"
"$853,63","COP","22/02/1995","22/02/1995"
"$851,88","COP","21/02/1995","21/02/1995"
"$849,41","COP","18/02/1995","20/02/1995"
"$848,90","COP","17/02/1995","17/02/1995"
"$848,52","COP","16/02/1995","16/02/1995"
"$848,15","COP","15/02/1995","15/02/1995"
"$846,20","COP","14/02/1995","14/02/1995"
"$845,37","COP","11/02/1995","13/02/1995"
"$845,73","COP","10/02/1995","10/02/1995"
"$847,04","COP","09/02/1995","09/02/1995"
"$848,43","COP","08/02/1995","08/02/1995"
"$848,27","COP","07/02/1995","07/02/1995"
"$848,82","COP","04/02/1995","06/02/1995"
"$852,22","COP","03/02/1995","03/02/1995"
"$855,76","COP","02/02/1995","02/02/1995"
"$857,16","COP","01/02/1995","01/02/1995"
"$856,41","COP","31/01/1995","31/01/1995"
"$857,83","COP","28/01/1995","30/01/1995"
"$859,30","COP","27/01/1995","27/01/1995"
"$857,56","COP","26/01/1995","26/01/1995"
"$856,65","COP","25/01/1995","25/01/1995"
"$855,49","COP","24/01/1995","24/01/1995"
"$855,54","COP","21/01/1995","23/01/1995"
"$852,68","COP","20/01/1995","20/01/1995"
"$850,26","COP","19/01/1995","19/01/1995"
"$847,61","COP","18/01/1995","18/01/1995"
"$846,61","COP","17/01/1995","17/01/1995"
"$843,70","COP","14/01/1995","16/01/1995"
"$841,52","COP","13/01/1995","13/01/1995"
"$843,69","COP","12/01/1995","12/01/1995"
"$840,36","COP","11/01/1995","11/01/1995"
"$837,07","COP","10/01/1995","10/01/1995"
"$837,07","COP","07/01/1995","09/01/1995"
"$838,87","COP","06/01/1995","06/01/1995"
"$838,33","COP","05/01/1995","05/01/1995"
"$835,38","COP","04/01/1995","04/01/1995"
"$833,18","COP","03/01/1995","03/01/1995"
"$831,27","COP","31/12/1994","02/01/1995"
"$831,27","COP","30/12/1994","30/12/1994"
"$831,60","COP","29/12/1994","29/12/1994"
"$829,95","COP","28/12/1994","28/12/1994"
"$827,33","COP","27/12/1994","27/12/1994"
"$826,47","COP","24/12/1994","26/12/1994"
"$827,70","COP","23/12/1994","23/12/1994"
"$827,95","COP","22/12/1994","22/12/1994"
"$830,16","COP","21/12/1994","21/12/1994"
"$831,06","COP","20/12/1994","20/12/1994"
"$829,72","COP","17/12/1994","19/12/1994"
"$827,60","COP","16/12/1994","16/12/1994"
"$825,00","COP","15/12/1994","15/12/1994"
"$824,68","COP","14/12/1994","14/12/1994"
"$831,91","COP","13/12/1994","13/12/1994"
"$831,49","COP","10/12/1994","12/12/1994"
"$831,10","COP","08/12/1994","09/12/1994"
"$830,85","COP","07/12/1994","07/12/1994"
"$830,37","COP","06/12/1994","06/12/1994"
"$830,00","COP","03/12/1994","05/12/1994"
"$829,56","COP","02/12/1994","02/12/1994"
"$829,29","COP","01/12/1994","01/12/1994"
"$829,03","COP","30/11/1994","30/11/1994"
"$828,66","COP","29/11/1994","29/11/1994"
"$828,42","COP","26/11/1994","28/11/1994"
"$828,76","COP","25/11/1994","25/11/1994"
"$828,67","COP","24/11/1994","24/11/1994"
"$830,74","COP","23/11/1994","23/11/1994"
"$829,08","COP","22/11/1994","22/11/1994"
"$828,46","COP","19/11/1994","21/11/1994"
"$830,49","COP","18/11/1994","18/11/1994"
"$828,74","COP","17/11/1994","17/11/1994"
"$826,45","COP","16/11/1994","16/11/1994"
"$825,87","COP","12/11/1994","15/11/1994"
"$825,17","COP","11/11/1994","11/11/1994"
"$826,84","COP","10/11/1994","10/11/1994"
"$829,09","COP","09/11/1994","09/11/1994"
"$831,25","COP","05/11/1994","08/11/1994"
"$833,19","COP","04/11/1994","04/11/1994"
"$836,18","COP","03/11/1994","03/11/1994"
"$837,79","COP","02/11/1994","02/11/1994"
"$837,62","COP","01/11/1994","01/11/1994"
"$838,55","COP","29/10/1994","31/10/1994"
"$840,05","COP","28/10/1994","28/10/1994"
"$841,32","COP","27/10/1994","27/10/1994"
"$843,48","COP","26/10/1994","26/10/1994"
"$842,60","COP","25/10/1994","25/10/1994"
"$841,41","COP","22/10/1994","24/10/1994"
"$838,32","COP","21/10/1994","21/10/1994"
"$836,72","COP","20/10/1994","20/10/1994"
"$835,33","COP","19/10/1994","19/10/1994"
"$834,83","COP","15/10/1994","18/10/1994"
"$836,01","COP","14/10/1994","14/10/1994"
"$836,40","COP","13/10/1994","13/10/1994"
"$835,38","COP","12/10/1994","12/10/1994"
"$835,59","COP","11/10/1994","11/10/1994"
"$836,80","COP","08/10/1994","10/10/1994"
"$840,06","COP","07/10/1994","07/10/1994"
"$842,54","COP","06/10/1994","06/10/1994"
"$844,40","COP","05/10/1994","05/10/1994"
"$843,65","COP","04/10/1994","04/10/1994"
"$843,00","COP","01/10/1994","03/10/1994"
"$842,00","COP","30/09/1994","30/09/1994"
"$841,32","COP","29/09/1994","29/09/1994"
"$841,51","COP","28/09/1994","28/09/1994"
"$840,23","COP","27/09/1994","27/09/1994"
"$839,46","COP","24/09/1994","26/09/1994"
"$841,53","COP","23/09/1994","23/09/1994"
"$842,70","COP","22/09/1994","22/09/1994"
"$841,82","COP","21/09/1994","21/09/1994"
"$838,63","COP","20/09/1994","20/09/1994"
"$837,21","COP","17/09/1994","19/09/1994"
"$833,10","COP","16/09/1994","16/09/1994"
"$827,86","COP","15/09/1994","15/09/1994"
"$824,34","COP","14/09/1994","14/09/1994"
"$821,62","COP","13/09/1994","13/09/1994"
"$820,26","COP","10/09/1994","12/09/1994"
"$820,02","COP","09/09/1994","09/09/1994"
"$819,24","COP","08/09/1994","08/09/1994"
"$818,21","COP","07/09/1994","07/09/1994"
"$817,80","COP","06/09/1994","06/09/1994"
"$818,81","COP","03/09/1994","05/09/1994"
"$817,64","COP","02/09/1994","02/09/1994"
"$816,08","COP","01/09/1994","01/09/1994"
"$816,30","COP","31/08/1994","31/08/1994"
"$816,18","COP","30/08/1994","30/08/1994"
"$816,29","COP","27/08/1994","29/08/1994"
"$817,40","COP","26/08/1994","26/08/1994"
"$816,77","COP","25/08/1994","25/08/1994"
"$816,58","COP","24/08/1994","24/08/1994"
"$815,20","COP","23/08/1994","23/08/1994"
"$813,76","COP","20/08/1994","22/08/1994"
"$813,88","COP","19/08/1994","19/08/1994"
"$813,93","COP","18/08/1994","18/08/1994"
"$814,40","COP","17/08/1994","17/08/1994"
"$814,94","COP","13/08/1994","16/08/1994"
"$815,84","COP","12/08/1994","12/08/1994"
"$815,40","COP","11/08/1994","11/08/1994"
"$813,64","COP","10/08/1994","10/08/1994"
"$812,39","COP","09/08/1994","09/08/1994"
"$811,91","COP","06/08/1994","08/08/1994"
"$812,57","COP","05/08/1994","05/08/1994"
"$812,69","COP","04/08/1994","04/08/1994"
"$814,53","COP","03/08/1994","03/08/1994"
"$815,89","COP","02/08/1994","02/08/1994"
"$815,62","COP","30/07/1994","01/08/1994"
"$815,62","COP","29/07/1994","29/07/1994"
"$815,80","COP","28/07/1994","28/07/1994"
"$815,75","COP","27/07/1994","27/07/1994"
"$816,34","COP","26/07/1994","26/07/1994"
"$816,68","COP","23/07/1994","25/07/1994"
"$817,18","COP","22/07/1994","22/07/1994"
"$817,49","COP","20/07/1994","21/07/1994"
"$818,44","COP","19/07/1994","19/07/1994"
"$821,04","COP","16/07/1994","18/07/1994"
"$822,28","COP","15/07/1994","15/07/1994"
"$822,79","COP","14/07/1994","14/07/1994"
"$823,12","COP","13/07/1994","13/07/1994"
"$822,14","COP","12/07/1994","12/07/1994"
"$822,34","COP","09/07/1994","11/07/1994"
"$820,24","COP","08/07/1994","08/07/1994"
"$820,42","COP","07/07/1994","07/07/1994"
"$818,45","COP","06/07/1994","06/07/1994"
"$817,92","COP","02/07/1994","05/07/1994"
"$818,05","COP","01/07/1994","01/07/1994"
"$819,64","COP","30/06/1994","30/06/1994"
"$818,73","COP","29/06/1994","29/06/1994"
"$820,13","COP","28/06/1994","28/06/1994"
"$821,00","COP","25/06/1994","27/06/1994"
"$822,87","COP","24/06/1994","24/06/1994"
"$824,76","COP","23/06/1994","23/06/1994"
"$826,90","COP","22/06/1994","22/06/1994"
"$828,94","COP","21/06/1994","21/06/1994"
"$826,61","COP","18/06/1994","20/06/1994"
"$831,28","COP","17/06/1994","17/06/1994"
"$833,35","COP","16/06/1994","16/06/1994"
"$833,16","COP","15/06/1994","15/06/1994"
"$833,19","COP","11/06/1994","14/06/1994"
"$834,96","COP","10/06/1994","10/06/1994"
"$838,03","COP","09/06/1994","09/06/1994"
"$839,56","COP","08/06/1994","08/06/1994"
"$840,37","COP","04/06/1994","07/06/1994"
"$841,44","COP","03/06/1994","03/06/1994"
"$842,00","COP","02/06/1994","02/06/1994"
"$841,93","COP","01/06/1994","01/06/1994"
"$841,12","COP","31/05/1994","31/05/1994"
"$840,93","COP","28/05/1994","30/05/1994"
"$841,86","COP","27/05/1994","27/05/1994"
"$842,22","COP","26/05/1994","26/05/1994"
"$843,08","COP","25/05/1994","25/05/1994"
"$842,92","COP","24/05/1994","24/05/1994"
"$842,33","COP","21/05/1994","23/05/1994"
"$842,64","COP","20/05/1994","20/05/1994"
"$842,83","COP","19/05/1994","19/05/1994"
"$842,21","COP","18/05/1994","18/05/1994"
"$842,23","COP","14/05/1994","17/05/1994"
"$843,24","COP","13/05/1994","13/05/1994"
"$841,92","COP","12/05/1994","12/05/1994"
"$841,33","COP","11/05/1994","11/05/1994"
"$841,27","COP","10/05/1994","10/05/1994"
"$841,70","COP","07/05/1994","09/05/1994"
"$841,25","COP","06/05/1994","06/05/1994"
"$841,00","COP","05/05/1994","05/05/1994"
"$839,14","COP","04/05/1994","04/05/1994"
"$838,04","COP","03/05/1994","03/05/1994"
"$836,86","COP","30/04/1994","02/05/1994"
"$837,27","COP","29/04/1994","29/04/1994"
"$838,28","COP","28/04/1994","28/04/1994"
"$837,31","COP","27/04/1994","27/04/1994"
"$835,40","COP","26/04/1994","26/04/1994"
"$836,96","COP","23/04/1994","25/04/1994"
"$838,25","COP","22/04/1994","22/04/1994"
"$834,30","COP","21/04/1994","21/04/1994"
"$831,24","COP","20/04/1994","20/04/1994"
"$829,47","COP","19/04/1994","19/04/1994"
"$827,93","COP","16/04/1994","18/04/1994"
"$827,44","COP","15/04/1994","15/04/1994"
"$827,96","COP","14/04/1994","14/04/1994"
"$828,81","COP","13/04/1994","13/04/1994"
"$829,32","COP","12/04/1994","12/04/1994"
"$828,92","COP","09/04/1994","11/04/1994"
"$825,28","COP","08/04/1994","08/04/1994"
"$822,57","COP","07/04/1994","07/04/1994"
"$820,93","COP","06/04/1994","06/04/1994"
"$820,21","COP","05/04/1994","05/04/1994"
"$819,51","COP","31/03/1994","04/04/1994"
"$820,78","COP","30/03/1994","30/03/1994"
"$820,63","COP","29/03/1994","29/03/1994"
"$821,14","COP","26/03/1994","28/03/1994"
"$821,70","COP","25/03/1994","25/03/1994"
"$821,82","COP","24/03/1994","24/03/1994"
"$821,73","COP","23/03/1994","23/03/1994"
"$821,34","COP","19/03/1994","22/03/1994"
"$820,91","COP","18/03/1994","18/03/1994"
"$820,44","COP","17/03/1994","17/03/1994"
"$818,49","COP","16/03/1994","16/03/1994"
"$818,69","COP","15/03/1994","15/03/1994"
"$818,62","COP","12/03/1994","14/03/1994"
"$818,46","COP","11/03/1994","11/03/1994"
"$818,37","COP","10/03/1994","10/03/1994"
"$818,02","COP","09/03/1994","09/03/1994"
"$817,76","COP","08/03/1994","08/03/1994"
"$817,86","COP","05/03/1994","07/03/1994"
"$818,70","COP","04/03/1994","04/03/1994"
"$819,61","COP","03/03/1994","03/03/1994"
"$819,83","COP","02/03/1994","02/03/1994"
"$820,12","COP","01/03/1994","01/03/1994"
"$819,70","COP","26/02/1994","28/02/1994"
"$819,68","COP","25/02/1994","25/02/1994"
"$820,76","COP","24/02/1994","24/02/1994"
"$818,33","COP","23/02/1994","23/02/1994"
"$816,04","COP","22/02/1994","22/02/1994"
"$814,13","COP","19/02/1994","21/02/1994"
"$815,19","COP","18/02/1994","18/02/1994"
"$816,10","COP","17/02/1994","17/02/1994"
"$816,92","COP","16/02/1994","16/02/1994"
"$817,59","COP","15/02/1994","15/02/1994"
"$817,78","COP","12/02/1994","14/02/1994"
"$817,88","COP","11/02/1994","11/02/1994"
"$817,88","COP","10/02/1994","10/02/1994"
"$817,81","COP","09/02/1994","09/02/1994"
"$817,64","COP","08/02/1994","08/02/1994"
"$818,00","COP","05/02/1994","07/02/1994"
"$817,69","COP","04/02/1994","04/02/1994"
"$817,96","COP","03/02/1994","03/02/1994"
"$819,27","COP","02/02/1994","02/02/1994"
"$817,00","COP","01/02/1994","01/02/1994"
"$818,38","COP","29/01/1994","31/01/1994"
"$821,72","COP","28/01/1994","28/01/1994"
"$821,52","COP","27/01/1994","27/01/1994"
"$819,10","COP","26/01/1994","26/01/1994"
"$816,69","COP","25/01/1994","25/01/1994"
"$815,65","COP","22/01/1994","24/01/1994"
"$815,91","COP","21/01/1994","21/01/1994"
"$814,56","COP","20/01/1994","20/01/1994"
"$816,15","COP","19/01/1994","19/01/1994"
"$816,91","COP","18/01/1994","18/01/1994"
"$815,81","COP","15/01/1994","17/01/1994"
"$820,10","COP","14/01/1994","14/01/1994"
"$819,81","COP","13/01/1994","13/01/1994"
"$818,50","COP","12/01/1994","12/01/1994"
"$818,89","COP","08/01/1994","11/01/1994"
"$818,83","COP","07/01/1994","07/01/1994"
"$814,21","COP","06/01/1994","06/01/1994"
"$810,01","COP","05/01/1994","05/01/1994"
"$805,91","COP","04/01/1994","04/01/1994"
"$804,33","COP","01/01/1994","03/01/1994"
"$804,33","COP","31/12/1993","31/12/1993"
"$802,71","COP","30/12/1993","30/12/1993"
"$802,33","COP","29/12/1993","29/12/1993"
"$809,13","COP","28/12/1993","28/12/1993"
"$801,69","COP","25/12/1993","27/12/1993"
"$801,69","COP","24/12/1993","24/12/1993"
"$801,40","COP","23/12/1993","23/12/1993"
"$802,46","COP","22/12/1993","22/12/1993"
"$803,81","COP","21/12/1993","21/12/1993"
"$806,50","COP","18/12/1993","20/12/1993"
"$804,89","COP","17/12/1993","17/12/1993"
"$799,43","COP","16/12/1993","16/12/1993"
"$798,12","COP","15/12/1993","15/12/1993"
"$798,20","COP","14/12/1993","14/12/1993"
"$797,53","COP","11/12/1993","13/12/1993"
"$798,51","COP","10/12/1993","10/12/1993"
"$800,60","COP","08/12/1993","09/12/1993"
"$803,10","COP","07/12/1993","07/12/1993"
"$806,49","COP","04/12/1993","06/12/1993"
"$809,63","COP","03/12/1993","03/12/1993"
"$811,78","COP","02/12/1993","02/12/1993"
"$812,21","COP","01/12/1993","01/12/1993"
"$811,73","COP","30/11/1993","30/11/1993"
"$812,11","COP","27/11/1993","29/11/1993"
"$812,04","COP","26/11/1993","26/11/1993"
"$811,67","COP","25/11/1993","25/11/1993"
"$812,12","COP","24/11/1993","24/11/1993"
"$814,48","COP","23/11/1993","23/11/1993"
"$817,06","COP","20/11/1993","22/11/1993"
"$816,62","COP","19/11/1993","19/11/1993"
"$816,32","COP","18/11/1993","18/11/1993"
"$815,18","COP","17/11/1993","17/11/1993"
"$809,95","COP","13/11/1993","16/11/1993"
"$809,87","COP","12/11/1993","12/11/1993"
"$811,07","COP","11/11/1993","11/11/1993"
"$813,95","COP","10/11/1993","10/11/1993"
"$814,26","COP","09/11/1993","09/11/1993"
"$815,70","COP","06/11/1993","08/11/1993"
"$816,79","COP","05/11/1993","05/11/1993"
"$817,01","COP","04/11/1993","04/11/1993"
"$816,70","COP","03/11/1993","03/11/1993"
"$817,03","COP","30/10/1993","02/11/1993"
"$818,06","COP","29/10/1993","29/10/1993"
"$818,98","COP","28/10/1993","28/10/1993"
"$819,55","COP","27/10/1993","27/10/1993"
"$819,44","COP","26/10/1993","26/10/1993"
"$819,41","COP","23/10/1993","25/10/1993"
"$819,26","COP","22/10/1993","22/10/1993"
"$816,41","COP","21/10/1993","21/10/1993"
"$813,79","COP","20/10/1993","20/10/1993"
"$813,28","COP","16/10/1993","19/10/1993"
"$812,41","COP","15/10/1993","15/10/1993"
"$811,46","COP","14/10/1993","14/10/1993"
"$811,47","COP","13/10/1993","13/10/1993"
"$811,19","COP","12/10/1993","12/10/1993"
"$811,28","COP","09/10/1993","11/10/1993"
"$811,91","COP","08/10/1993","08/10/1993"
"$812,54","COP","07/10/1993","07/10/1993"
"$812,75","COP","06/10/1993","06/10/1993"
"$812,27","COP","05/10/1993","05/10/1993"
"$812,29","COP","02/10/1993","04/10/1993"
"$811,31","COP","01/10/1993","01/10/1993"
"$810,84","COP","30/09/1993","30/09/1993"
"$809,69","COP","29/09/1993","29/09/1993"
"$809,55","COP","28/09/1993","28/09/1993"
"$809,93","COP","25/09/1993","27/09/1993"
"$810,55","COP","24/09/1993","24/09/1993"
"$810,04","COP","23/09/1993","23/09/1993"
"$809,75","COP","22/09/1993","22/09/1993"
"$810,88","COP","21/09/1993","21/09/1993"
"$811,18","COP","18/09/1993","20/09/1993"
"$811,93","COP","17/09/1993","17/09/1993"
"$811,75","COP","16/09/1993","16/09/1993"
"$810,81","COP","15/09/1993","15/09/1993"
"$810,09","COP","14/09/1993","14/09/1993"
"$810,03","COP","11/09/1993","13/09/1993"
"$810,25","COP","10/09/1993","10/09/1993"
"$809,33","COP","09/09/1993","09/09/1993"
"$808,24","COP","08/09/1993","08/09/1993"
"$807,62","COP","07/09/1993","07/09/1993"
"$807,68","COP","04/09/1993","06/09/1993"
"$807,96","COP","03/09/1993","03/09/1993"
"$808,04","COP","02/09/1993","02/09/1993"
"$806,83","COP","01/09/1993","01/09/1993"
"$806,86","COP","31/08/1993","31/08/1993"
"$807,53","COP","28/08/1993","30/08/1993"
"$807,55","COP","27/08/1993","27/08/1993"
"$807,77","COP","26/08/1993","26/08/1993"
"$807,57","COP","25/08/1993","25/08/1993"
"$807,04","COP","24/08/1993","24/08/1993"
"$806,72","COP","21/08/1993","23/08/1993"
"$806,15","COP","20/08/1993","20/08/1993"
"$805,62","COP","19/08/1993","19/08/1993"
"$804,76","COP","18/08/1993","18/08/1993"
"$804,51","COP","14/08/1993","17/08/1993"
"$804,93","COP","13/08/1993","13/08/1993"
"$804,48","COP","12/08/1993","12/08/1993"
"$803,22","COP","11/08/1993","11/08/1993"
"$802,30","COP","10/08/1993","10/08/1993"
"$801,78","COP","07/08/1993","09/08/1993"
"$801,86","COP","06/08/1993","06/08/1993"
"$801,82","COP","05/08/1993","05/08/1993"
"$801,86","COP","04/08/1993","04/08/1993"
"$801,15","COP","03/08/1993","03/08/1993"
"$801,35","COP","31/07/1993","02/08/1993"
"$801,04","COP","30/07/1993","30/07/1993"
"$800,42","COP","29/07/1993","29/07/1993"
"$799,96","COP","28/07/1993","28/07/1993"
"$799,17","COP","27/07/1993","27/07/1993"
"$798,83","COP","24/07/1993","26/07/1993"
"$798,17","COP","23/07/1993","23/07/1993"
"$797,63","COP","22/07/1993","22/07/1993"
"$797,41","COP","20/07/1993","21/07/1993"
"$797,31","COP","17/07/1993","19/07/1993"
"$797,06","COP","16/07/1993","16/07/1993"
"$797,00","COP","15/07/1993","15/07/1993"
"$795,66","COP","14/07/1993","14/07/1993"
"$794,67","COP","13/07/1993","13/07/1993"
"$793,18","COP","10/07/1993","12/07/1993"
"$791,73","COP","09/07/1993","09/07/1993"
"$790,58","COP","08/07/1993","08/07/1993"
"$789,47","COP","07/07/1993","07/07/1993"
"$788,65","COP","03/07/1993","06/07/1993"
"$787,51","COP","02/07/1993","02/07/1993"
"$786,10","COP","01/07/1993","01/07/1993"
"$787,12","COP","30/06/1993","30/06/1993"
"$786,80","COP","29/06/1993","29/06/1993"
"$786,96","COP","26/06/1993","28/06/1993"
"$786,72","COP","25/06/1993","25/06/1993"
"$786,42","COP","24/06/1993","24/06/1993"
"$787,06","COP","23/06/1993","23/06/1993"
"$786,77","COP","19/06/1993","22/06/1993"
"$787,49","COP","18/06/1993","18/06/1993"
"$786,64","COP","17/06/1993","17/06/1993"
"$785,90","COP","16/06/1993","16/06/1993"
"$784,80","COP","12/06/1993","15/06/1993"
"$785,79","COP","11/06/1993","11/06/1993"
"$784,95","COP","10/06/1993","10/06/1993"
"$784,62","COP","09/06/1993","09/06/1993"
"$782,29","COP","08/06/1993","08/06/1993"
"$780,60","COP","05/06/1993","07/06/1993"
"$778,12","COP","04/06/1993","04/06/1993"
"$777,82","COP","03/06/1993","03/06/1993"
"$779,01","COP","02/06/1993","02/06/1993"
"$779,00","COP","01/06/1993","01/06/1993"
"$779,56","COP","29/05/1993","31/05/1993"
"$780,78","COP","28/05/1993","28/05/1993"
"$782,85","COP","27/05/1993","27/05/1993"
"$783,15","COP","26/05/1993","26/05/1993"
"$782,00","COP","22/05/1993","25/05/1993"
"$781,94","COP","21/05/1993","21/05/1993"
"$781,84","COP","20/05/1993","20/05/1993"
"$781,80","COP","19/05/1993","19/05/1993"
"$781,42","COP","18/05/1993","18/05/1993"
"$780,79","COP","15/05/1993","17/05/1993"
"$780,80","COP","14/05/1993","14/05/1993"
"$780,49","COP","13/05/1993","13/05/1993"
"$779,41","COP","12/05/1993","12/05/1993"
"$777,75","COP","11/05/1993","11/05/1993"
"$777,17","COP","08/05/1993","10/05/1993"
"$778,17","COP","07/05/1993","07/05/1993"
"$777,88","COP","06/05/1993","06/05/1993"
"$776,99","COP","05/05/1993","05/05/1993"
"$775,53","COP","04/05/1993","04/05/1993"
"$773,82","COP","01/05/1993","03/05/1993"
"$774,94","COP","30/04/1993","30/04/1993"
"$773,78","COP","29/04/1993","29/04/1993"
"$774,52","COP","28/04/1993","28/04/1993"
"$775,20","COP","27/04/1993","27/04/1993"
"$775,32","COP","24/04/1993","26/04/1993"
"$775,05","COP","23/04/1993","23/04/1993"
"$774,34","COP","22/04/1993","22/04/1993"
"$773,97","COP","21/04/1993","21/04/1993"
"$773,70","COP","20/04/1993","20/04/1993"
"$773,22","COP","17/04/1993","19/04/1993"
"$772,71","COP","16/04/1993","16/04/1993"
"$771,56","COP","15/04/1993","15/04/1993"
"$769,80","COP","14/04/1993","14/04/1993"
"$769,34","COP","13/04/1993","13/04/1993"
"$768,60","COP","08/04/1993","12/04/1993"
"$768,52","COP","07/04/1993","07/04/1993"
"$768,31","COP","06/04/1993","06/04/1993"
"$768,46","COP","03/04/1993","05/04/1993"
"$767,98","COP","02/04/1993","02/04/1993"
"$766,44","COP","01/04/1993","01/04/1993"
"$766,41","COP","31/03/1993","31/03/1993"
"$766,79","COP","30/03/1993","30/03/1993"
"$767,40","COP","27/03/1993","29/03/1993"
"$767,99","COP","26/03/1993","26/03/1993"
"$766,91","COP","25/03/1993","25/03/1993"
"$766,63","COP","24/03/1993","24/03/1993"
"$766,84","COP","20/03/1993","23/03/1993"
"$766,42","COP","19/03/1993","19/03/1993"
"$766,12","COP","18/03/1993","18/03/1993"
"$765,06","COP","17/03/1993","17/03/1993"
"$764,29","COP","16/03/1993","16/03/1993"
"$764,79","COP","13/03/1993","15/03/1993"
"$765,19","COP","12/03/1993","12/03/1993"
"$764,74","COP","11/03/1993","11/03/1993"
"$763,90","COP","10/03/1993","10/03/1993"
"$763,38","COP","09/03/1993","09/03/1993"
"$762,20","COP","06/03/1993","08/03/1993"
"$762,04","COP","05/03/1993","05/03/1993"
"$762,68","COP","04/03/1993","04/03/1993"
"$760,71","COP","03/03/1993","03/03/1993"
"$757,89","COP","02/03/1993","02/03/1993"
"$758,03","COP","27/02/1993","01/03/1993"
"$759,20","COP","26/02/1993","26/02/1993"
"$755,07","COP","25/02/1993","25/02/1993"
"$753,33","COP","24/02/1993","24/02/1993"
"$752,52","COP","23/02/1993","23/02/1993"
"$751,96","COP","20/02/1993","22/02/1993"
"$752,47","COP","19/02/1993","19/02/1993"
"$750,75","COP","18/02/1993","18/02/1993"
"$749,69","COP","17/02/1993","17/02/1993"
"$748,18","COP","16/02/1993","16/02/1993"
"$748,88","COP","13/02/1993","15/02/1993"
"$748,22","COP","12/02/1993","12/02/1993"
"$745,38","COP","11/02/1993","11/02/1993"
"$745,49","COP","10/02/1993","10/02/1993"
"$745,45","COP","09/02/1993","09/02/1993"
"$746,56","COP","06/02/1993","08/02/1993"
"$745,79","COP","05/02/1993","05/02/1993"
"$745,73","COP","04/02/1993","04/02/1993"
"$745,64","COP","03/02/1993","03/02/1993"
"$745,27","COP","02/02/1993","02/02/1993"
"$746,05","COP","30/01/1993","01/02/1993"
"$745,14","COP","29/01/1993","29/01/1993"
"$746,21","COP","28/01/1993","28/01/1993"
"$747,13","COP","27/01/1993","27/01/1993"
"$747,25","COP","26/01/1993","26/01/1993"
"$748,56","COP","23/01/1993","25/01/1993"
"$750,00","COP","22/01/1993","22/01/1993"
"$750,06","COP","21/01/1993","21/01/1993"
"$748,07","COP","20/01/1993","20/01/1993"
"$747,20","COP","19/01/1993","19/01/1993"
"$746,39","COP","16/01/1993","18/01/1993"
"$746,71","COP","15/01/1993","15/01/1993"
"$748,98","COP","14/01/1993","14/01/1993"
"$749,63","COP","13/01/1993","13/01/1993"
"$746,63","COP","09/01/1993","12/01/1993"
"$742,61","COP","08/01/1993","08/01/1993"
"$740,08","COP","07/01/1993","07/01/1993"
"$738,65","COP","06/01/1993","06/01/1993"
"$737,55","COP","05/01/1993","05/01/1993"
"$737,98","COP","01/01/1993","04/01/1993"
"$737,98","COP","31/12/1992","31/12/1992"
"$737,98","COP","30/12/1992","30/12/1992"
"$737,44","COP","29/12/1992","29/12/1992"
"$735,19","COP","25/12/1992","28/12/1992"
"$735,19","COP","24/12/1992","24/12/1992"
"$735,00","COP","23/12/1992","23/12/1992"
"$736,82","COP","22/12/1992","22/12/1992"
"$735,31","COP","19/12/1992","21/12/1992"
"$732,54","COP","18/12/1992","18/12/1992"
"$734,98","COP","17/12/1992","17/12/1992"
"$736,20","COP","16/12/1992","16/12/1992"
"$732,69","COP","15/12/1992","15/12/1992"
"$729,80","COP","12/12/1992","14/12/1992"
"$727,21","COP","11/12/1992","11/12/1992"
"$732,40","COP","10/12/1992","10/12/1992"
"$732,11","COP","08/12/1992","09/12/1992"
"$736,29","COP","05/12/1992","07/12/1992"
"$738,19","COP","04/12/1992","04/12/1992"
"$729,74","COP","03/12/1992","03/12/1992"
"$725,75","COP","02/12/1992","02/12/1992"
"$729,42","COP","01/12/1992","01/12/1992"
"$725,45","COP","28/11/1992","30/11/1992"
"$722,61","COP","27/11/1992","27/11/1992"
"$721,47","COP","26/11/1992","26/11/1992"
"$720,63","COP","25/11/1992","25/11/1992"
"$726,97","COP","24/11/1992","24/11/1992"
"$721,98","COP","21/11/1992","23/11/1992"
"$724,90","COP","20/11/1992","20/11/1992"
"$724,97","COP","19/11/1992","19/11/1992"
"$730,11","COP","18/11/1992","18/11/1992"
"$724,07","COP","14/11/1992","17/11/1992"
"$722,72","COP","13/11/1992","13/11/1992"
"$723,72","COP","12/11/1992","12/11/1992"
"$722,37","COP","11/11/1992","11/11/1992"
"$720,48","COP","10/11/1992","10/11/1992"
"$722,57","COP","07/11/1992","09/11/1992"
"$720,96","COP","06/11/1992","06/11/1992"
"$719,21","COP","05/11/1992","05/11/1992"
"$718,98","COP","04/11/1992","04/11/1992"
"$716,88","COP","31/10/1992","03/11/1992"
"$717,37","COP","30/10/1992","30/10/1992"
"$715,31","COP","29/10/1992","29/10/1992"
"$716,39","COP","28/10/1992","28/10/1992"
"$713,55","COP","27/10/1992","27/10/1992"
"$712,04","COP","24/10/1992","26/10/1992"
"$710,19","COP","23/10/1992","23/10/1992"
"$709,22","COP","22/10/1992","22/10/1992"
"$706,06","COP","21/10/1992","21/10/1992"
"$707,35","COP","20/10/1992","20/10/1992"
"$707,13","COP","17/10/1992","19/10/1992"
"$708,21","COP","16/10/1992","16/10/1992"
"$705,52","COP","15/10/1992","15/10/1992"
"$702,48","COP","14/10/1992","14/10/1992"
"$701,88","COP","10/10/1992","13/10/1992"
"$704,06","COP","09/10/1992","09/10/1992"
"$702,71","COP","08/10/1992","08/10/1992"
"$703,66","COP","07/10/1992","07/10/1992"
"$704,52","COP","06/10/1992","06/10/1992"
"$710,22","COP","03/10/1992","05/10/1992"
"$703,08","COP","02/10/1992","02/10/1992"
"$699,70","COP","01/10/1992","01/10/1992"
"$702,81","COP","30/09/1992","30/09/1992"
"$701,00","COP","29/09/1992","29/09/1992"
"$704,80","COP","26/09/1992","28/09/1992"
"$697,01","COP","25/09/1992","25/09/1992"
"$698,40","COP","24/09/1992","24/09/1992"
"$697,77","COP","23/09/1992","23/09/1992"
"$699,16","COP","22/09/1992","22/09/1992"
"$696,42","COP","19/09/1992","21/09/1992"
"$696,66","COP","18/09/1992","18/09/1992"
"$695,70","COP","17/09/1992","17/09/1992"
"$696,84","COP","16/09/1992","16/09/1992"
"$696,29","COP","15/09/1992","15/09/1992"
"$696,39","COP","12/09/1992","14/09/1992"
"$695,54","COP","11/09/1992","11/09/1992"
"$695,38","COP","10/09/1992","10/09/1992"
"$698,28","COP","09/09/1992","09/09/1992"
"$697,69","COP","08/09/1992","08/09/1992"
"$696,77","COP","05/09/1992","07/09/1992"
"$695,62","COP","04/09/1992","04/09/1992"
"$693,02","COP","03/09/1992","03/09/1992"
"$692,89","COP","02/09/1992","02/09/1992"
"$691,90","COP","01/09/1992","01/09/1992"
"$691,68","COP","29/08/1992","31/08/1992"
"$690,30","COP","28/08/1992","28/08/1992"
"$689,45","COP","27/08/1992","27/08/1992"
"$689,21","COP","26/08/1992","26/08/1992"
"$689,56","COP","25/08/1992","25/08/1992"
"$693,94","COP","22/08/1992","24/08/1992"
"$692,56","COP","21/08/1992","21/08/1992"
"$692,48","COP","20/08/1992","20/08/1992"
"$693,69","COP","19/08/1992","19/08/1992"
"$693,25","COP","15/08/1992","18/08/1992"
"$692,51","COP","14/08/1992","14/08/1992"
"$694,28","COP","13/08/1992","13/08/1992"
"$692,25","COP","12/08/1992","12/08/1992"
"$692,72","COP","11/08/1992","11/08/1992"
"$694,25","COP","07/08/1992","10/08/1992"
"$695,32","COP","06/08/1992","06/08/1992"
"$698,84","COP","05/08/1992","05/08/1992"
"$701,82","COP","04/08/1992","04/08/1992"
"$702,52","COP","01/08/1992","03/08/1992"
"$705,14","COP","31/07/1992","31/07/1992"
"$702,02","COP","30/07/1992","30/07/1992"
"$701,89","COP","29/07/1992","29/07/1992"
"$701,66","COP","28/07/1992","28/07/1992"
"$699,68","COP","25/07/1992","27/07/1992"
"$699,73","COP","24/07/1992","24/07/1992"
"$707,96","COP","23/07/1992","23/07/1992"
"$710,91","COP","22/07/1992","22/07/1992"
"$715,11","COP","18/07/1992","21/07/1992"
"$717,70","COP","17/07/1992","17/07/1992"
"$717,45","COP","16/07/1992","16/07/1992"
"$719,15","COP","15/07/1992","15/07/1992"
"$720,47","COP","14/07/1992","14/07/1992"
"$708,72","COP","11/07/1992","13/07/1992"
"$703,74","COP","10/07/1992","10/07/1992"
"$699,01","COP","09/07/1992","09/07/1992"
"$695,65","COP","08/07/1992","08/07/1992"
"$696,12","COP","07/07/1992","07/07/1992"
"$693,40","COP","04/07/1992","06/07/1992"
"$693,71","COP","03/07/1992","03/07/1992"
"$694,43","COP","02/07/1992","02/07/1992"
"$695,36","COP","01/07/1992","01/07/1992"
"$697,57","COP","27/06/1992","30/06/1992"
"$701,83","COP","26/06/1992","26/06/1992"
"$699,09","COP","25/06/1992","25/06/1992"
"$690,08","COP","24/06/1992","24/06/1992"
"$683,37","COP","20/06/1992","23/06/1992"
"$678,25","COP","19/06/1992","19/06/1992"
"$680,17","COP","18/06/1992","18/06/1992"
"$675,76","COP","17/06/1992","17/06/1992"
"$671,36","COP","16/06/1992","16/06/1992"
"$669,55","COP","13/06/1992","15/06/1992"
"$667,52","COP","12/06/1992","12/06/1992"
"$667,96","COP","11/06/1992","11/06/1992"
"$665,92","COP","10/06/1992","10/06/1992"
"$665,91","COP","09/06/1992","09/06/1992"
"$664,36","COP","06/06/1992","08/06/1992"
"$666,47","COP","05/06/1992","05/06/1992"
"$664,30","COP","04/06/1992","04/06/1992"
"$666,11","COP","03/06/1992","03/06/1992"
"$664,37","COP","30/05/1992","02/06/1992"
"$660,99","COP","29/05/1992","29/05/1992"
"$660,16","COP","28/05/1992","28/05/1992"
"$660,46","COP","27/05/1992","27/05/1992"
"$662,15","COP","26/05/1992","26/05/1992"
"$662,11","COP","23/05/1992","25/05/1992"
"$662,60","COP","22/05/1992","22/05/1992"
"$663,10","COP","21/05/1992","21/05/1992"
"$664,50","COP","20/05/1992","20/05/1992"
"$663,75","COP","19/05/1992","19/05/1992"
"$663,58","COP","16/05/1992","18/05/1992"
"$663,43","COP","15/05/1992","15/05/1992"
"$660,88","COP","14/05/1992","14/05/1992"
"$660,57","COP","13/05/1992","13/05/1992"
"$658,52","COP","12/05/1992","12/05/1992"
"$657,91","COP","09/05/1992","11/05/1992"
"$656,40","COP","08/05/1992","08/05/1992"
"$654,74","COP","07/05/1992","07/05/1992"
"$653,70","COP","06/05/1992","06/05/1992"
"$653,10","COP","05/05/1992","05/05/1992"
"$653,58","COP","01/05/1992","04/05/1992"
"$653,83","COP","30/04/1992","30/04/1992"
"$651,95","COP","29/04/1992","29/04/1992"
"$650,31","COP","28/04/1992","28/04/1992"
"$651,36","COP","25/04/1992","27/04/1992"
"$650,24","COP","24/04/1992","24/04/1992"
"$651,48","COP","23/04/1992","23/04/1992"
"$652,57","COP","22/04/1992","22/04/1992"
"$655,32","COP","21/04/1992","21/04/1992"
"$657,97","COP","16/04/1992","20/04/1992"
"$655,66","COP","15/04/1992","15/04/1992"
"$649,48","COP","14/04/1992","14/04/1992"
"$647,28","COP","11/04/1992","13/04/1992"
"$646,50","COP","10/04/1992","10/04/1992"
"$644,61","COP","09/04/1992","09/04/1992"
"$643,98","COP","08/04/1992","08/04/1992"
"$645,73","COP","07/04/1992","07/04/1992"
"$643,11","COP","04/04/1992","06/04/1992"
"$644,77","COP","03/04/1992","03/04/1992"
"$645,14","COP","02/04/1992","02/04/1992"
"$641,98","COP","01/04/1992","01/04/1992"
"$641,59","COP","31/03/1992","31/03/1992"
"$647,24","COP","28/03/1992","30/03/1992"
"$641,22","COP","27/03/1992","27/03/1992"
"$641,81","COP","26/03/1992","26/03/1992"
"$642,00","COP","25/03/1992","25/03/1992"
"$640,37","COP","21/03/1992","24/03/1992"
"$641,53","COP","20/03/1992","20/03/1992"
"$642,59","COP","19/03/1992","19/03/1992"
"$643,83","COP","18/03/1992","18/03/1992"
"$644,13","COP","17/03/1992","17/03/1992"
"$642,00","COP","14/03/1992","16/03/1992"
"$641,29","COP","13/03/1992","13/03/1992"
"$639,38","COP","12/03/1992","12/03/1992"
"$639,78","COP","11/03/1992","11/03/1992"
"$635,88","COP","10/03/1992","10/03/1992"
"$636,22","COP","07/03/1992","09/03/1992"
"$636,73","COP","06/03/1992","06/03/1992"
"$635,86","COP","05/03/1992","05/03/1992"
"$636,05","COP","04/03/1992","04/03/1992"
"$640,95","COP","03/03/1992","03/03/1992"
"$636,54","COP","29/02/1992","02/03/1992"
"$633,91","COP","28/02/1992","28/02/1992"
"$634,06","COP","27/02/1992","27/02/1992"
"$633,74","COP","26/02/1992","26/02/1992"
"$633,55","COP","25/02/1992","25/02/1992"
"$633,03","COP","22/02/1992","24/02/1992"
"$633,31","COP","21/02/1992","21/02/1992"
"$634,93","COP","20/02/1992","20/02/1992"
"$635,21","COP","19/02/1992","19/02/1992"
"$635,66","COP","18/02/1992","18/02/1992"
"$634,74","COP","15/02/1992","17/02/1992"
"$635,60","COP","14/02/1992","14/02/1992"
"$634,67","COP","13/02/1992","13/02/1992"
"$634,59","COP","12/02/1992","12/02/1992"
"$634,74","COP","11/02/1992","11/02/1992"
"$635,34","COP","08/02/1992","10/02/1992"
"$636,90","COP","07/02/1992","07/02/1992"
"$637,65","COP","06/02/1992","06/02/1992"
"$638,01","COP","05/02/1992","05/02/1992"
"$640,52","COP","04/02/1992","04/02/1992"
"$640,52","COP","01/02/1992","03/02/1992"
"$644,27","COP","31/01/1992","31/01/1992"
"$644,04","COP","30/01/1992","30/01/1992"
"$645,20","COP","29/01/1992","29/01/1992"
"$645,53","COP","28/01/1992","28/01/1992"
"$644,83","COP","25/01/1992","27/01/1992"
"$647,01","COP","24/01/1992","24/01/1992"
"$647,01","COP","23/01/1992","23/01/1992"
"$647,04","COP","22/01/1992","22/01/1992"
"$645,97","COP","21/01/1992","21/01/1992"
"$645,35","COP","18/01/1992","20/01/1992"
"$652,91","COP","17/01/1992","17/01/1992"
"$653,45","COP","16/01/1992","16/01/1992"
"$657,49","COP","15/01/1992","15/01/1992"
"$659,74","COP","14/01/1992","14/01/1992"
"$645,04","COP","11/01/1992","13/01/1992"
"$637,86","COP","10/01/1992","10/01/1992"
"$638,61","COP","09/01/1992","09/01/1992"
"$638,17","COP","08/01/1992","08/01/1992"
"$638,07","COP","04/01/1992","07/01/1992"
"$632,58","COP","03/01/1992","03/01/1992"
"$638,61","COP","02/01/1992","02/01/1992"
"$632,37","COP","01/01/1992","01/01/1992"
"$632,37","COP","31/12/1991","31/12/1991"
"$632,37","COP","28/12/1991","30/12/1991"
"$631,63","COP","27/12/1991","27/12/1991"
"$622,95","COP","25/12/1991","26/12/1991"
"$622,95","COP","24/12/1991","24/12/1991"
"$620,62","COP","21/12/1991","23/12/1991"
"$621,71","COP","20/12/1991","20/12/1991"
"$633,35","COP","19/12/1991","19/12/1991"
"$626,52","COP","18/12/1991","18/12/1991"
"$626,23","COP","17/12/1991","17/12/1991"
"$630,91","COP","14/12/1991","16/12/1991"
"$632,35","COP","13/12/1991","13/12/1991"
"$633,09","COP","12/12/1991","12/12/1991"
"$627,46","COP","11/12/1991","11/12/1991"
"$622,92","COP","10/12/1991","10/12/1991"
"$638,06","COP","07/12/1991","09/12/1991"
"$627,16","COP","06/12/1991","06/12/1991"
"$631,51","COP","05/12/1991","05/12/1991"
"$635,70","COP","04/12/1991","04/12/1991"
"$639,22","COP","03/12/1991","03/12/1991"
"$643,42","COP","02/12/1991","02/12/1991"
